{"type": "FeatureCollection", "features": [
{"type": "Feature", "id": "2600054", "properties": {"codigo_ibge": 2600054, "municipio": "Abreu e Lima", "regiao_saude": "Recife", "macro_saude": "Metropolitana"}, "geometry": {"type": "MultiPolygon", "coordinates": [[[[-35.05378, -7.87965], [-34.97691, -7.89961], [-34.93779, -7.89349], [-34.92955, -7.89149], [-34.92154, -7.88602], [-34.90826, -7.88661], [-34.89983, -7.88622], [-34.89647, -7.88635], [-34.88379, -7.88891], [-34.87992, -7.8924], [-34.86591, -7.89071], [-34.86493, -7.89572], [-34.86066, -7.89681], [-34.86285, -7.90357], [-34.86065, -7.90932], [-34.86947, -7.90977], [-34.88384, -7.91373], [-34.89106, -7.91235], [-34.89666, -7.91825], [-34.89619, -7.92373], [-34.89853, -7.9292], [-34.90821, -7.93563], [-34.91589, -7.92668], [-34.92326, -7.92959], [-34.93959, -7.92548], [-34.94886, -7.91985], [-34.95745, -7.91962], [-34.96157, -7.91517], [-34.99485, -7.91885], [-35.02033, -7.91561], [-35.02442, -7.9191], [-35.02491, -7.92528], [-35.03157, -7.92661], [-35.0457, -7.90988], [-35.06194, -7.90382], [-35.06384, -7.90011], [-35.06463, -7.89902], [-35.06613, -7.89849], [-35.07358, -7.89917], [-35.09794, -7.88256], [-35.11179, -7.85718], [-35.12286, -7.84997], [-35.13974, -7.79404], [-35.10125, -7.83022], [-35.09983, -7.80813], [-35.10374, -7.80158], [-35.09349, -7.80563], [-35.08282, -7.80385], [-35.06805, -7.81131], [-35.05378, -7.87965]]]]}},
{"type": "Feature", "id": "2600103", "properties": {"codigo_ibge": 2600103, "municipio": "Afogados da Ingazeira", "regiao_saude": "Afogados da Ingazeira", "macro_saude": "Sertao Pernambucano"}, "geometry": {"type": "MultiPolygon", "coordinates": [[[[-37.55846, -7.63881], [-37.55663, -7.6414], [-37.55958, -7.64572], [-37.55036, -7.65091], [-37.54974, -7.65881], [-37.55355, -7.66065], [-37.54911, -7.66464], [-37.55658, -7.66898], [-37.55284, -7.67881], [-37.55721, -7.68878], [-37.55173, -7.70174], [-37.55627, -7.71464], [-37.55171, -7.71835], [-37.5449, -7.7111], [-37.53804, -7.71755], [-37.53756, -7.71762], [-37.5368, -7.72815], [-37.52154, -7.75294], [-37.52442, -7.76517], [-37.53237, -7.77804], [-37.54638, -7.79005], [-37.54668, -7.79041], [-37.56371, -7.80452], [-37.5672, -7.81424], [-37.57813, -7.82029], [-37.58254, -7.81932], [-37.57647, -7.82688], [-37.58567, -7.83206], [-37.59719, -7.84156], [-37.60547, -7.8512], [-37.61171, -7.8497], [-37.60647, -7.85741], [-37.60356, -7.86219], [-37.60865, -7.87503], [-37.62041, -7.88572], [-37.61691, -7.89417], [-37.66456, -7.83169], [-37.67794, -7.81962], [-37.69248, -7.81253], [-37.68718, -7.81193], [-37.68232, -7.8021], [-37.68676, -7.80076], [-37.68921, -7.79203], [-37.70469, -7.77871], [-37.70563, -7.77112], [-37.70832, -7.77012], [-37.7007, -7.76767], [-37.6984, -7.76351], [-37.68241, -7.76063], [-37.6832, -7.75147], [-37.68754, -7.74981], [-37.68693, -7.74283], [-37.69237, -7.73993], [-37.69259, -7.72387], [-37.69662, -7.71768], [-37.69023, -7.70772], [-37.69059, -7.69156], [-37.68871, -7.68366], [-37.68486, -7.67385], [-37.68833, -7.66754], [-37.68566, -7.65952], [-37.67925, -7.6512], [-37.67981, -7.64498], [-37.69679, -7.62666], [-37.70449, -7.61652], [-37.70224, -7.61666], [-37.68781, -7.61781], [-37.68041, -7.61329], [-37.67797, -7.60719], [-37.67283, -7.61623], [-37.65789, -7.6167], [-37.65562, -7.61347], [-37.65107, -7.61707], [-37.64468, -7.63333], [-37.63927, -7.63325], [-37.63362, -7.63807], [-37.62419, -7.63197], [-37.62223, -7.631], [-37.62155, -7.63091], [-37.61688, -7.62686], [-37.59845, -7.62659], [-37.59575, -7.62914], [-37.59271, -7.62637], [-37.58375, -7.62895], [-37.58347, -7.63252], [-37.57843, -7.63443], [-37.57048, -7.63235], [-37.55846, -7.63881]]]]}},
{"type": "Feature", "id": "2600203", "properties": {"codigo_ibge": 2600203, "municipio": "Afranio", "regiao_saude": "Petrolina", "macro_saude": "Vale S.Francisco/Araripe"}, "geometry": {"type": "MultiPolygon", "coordinates": [[[[-41.04755, -8.44832], [-41.03862, -8.43142], [-41.00701, -8.42052], [-41.0003, -8.40032], [-40.98101, -8.39752], [-40.96518, -8.41172], [-40.96514, -8.41605], [-40.9575, -8.41899], [-40.95672, -8.42306], [-40.93772, -8.43457], [-40.92648, -8.44593], [-40.91397, -8.43576], [-40.90117, -8.42122], [-40.90148, -8.40755], [-40.90724, -8.39858], [-40.89415, -8.39209], [-40.8895, -8.38634], [-40.8923, -8.37138], [-40.89737, -8.36751], [-40.8931, -8.3569], [-40.87074, -8.35807], [-40.86213, -8.36458], [-40.86142, -8.37024], [-40.85155, -8.45832], [-40.84906, -8.52539], [-40.84781, -8.55431], [-40.84152, -8.55536], [-40.83679, -8.56804], [-40.8218, -8.57605], [-40.81014, -8.58346], [-40.80815, -8.5964], [-40.80172, -8.59388], [-40.79805, -8.59871], [-40.79238, -8.59493], [-40.78261, -8.60038], [-40.78538, -8.60512], [-40.78405, -8.61278], [-40.77763, -8.61], [-40.77118, -8.61773], [-40.75975, -8.6226], [-40.75788, -8.62309], [-40.91082, -8.77545], [-40.91952, -8.77164], [-40.92411, -8.77374], [-40.92832, -8.76788], [-40.92967, -8.77248], [-40.93857, -8.7782], [-40.94411, -8.78767], [-40.94257, -8.81977], [-40.95844, -8.84126], [-40.95874, -8.8411], [-40.96053, -8.83035], [-40.97872, -8.823], [-40.98938, -8.82903], [-40.99998, -8.82838], [-41.02087, -8.84315], [-41.03094, -8.83454], [-41.02459, -8.80731], [-41.03586, -8.78546], [-41.04195, -8.78361], [-41.05442, -8.7865], [-41.0663, -8.78063], [-41.07112, -8.78277], [-41.07817, -8.78836], [-41.0817, -8.78393], [-41.10139, -8.78155], [-41.10558, -8.77014], [-41.11078, -8.76968], [-41.11517, -8.76373], [-41.11329, -8.75892], [-41.1242, -8.75226], [-41.12832, -8.74099], [-41.12646, -8.72851], [-41.12134, -8.72391], [-41.12283, -8.71829], [-41.11155, -8.70831], [-41.11324, -8.70366], [-41.11333, -8.70338], [-41.16253, -8.70957], [-41.17205, -8.7068], [-41.17603, -8.71078], [-41.18206, -8.70741], [-41.18562, -8.71023], [-41.19719, -8.70611], [-41.20456, -8.70907], [-41.2266, -8.70429], [-41.23946, -8.71045], [-41.23819, -8.71932], [-41.26025, -8.7203], [-41.26961, -8.7306], [-41.28116, -8.73569], [-41.29461, -8.73513], [-41.30956, -8.72572], [-41.33398, -8.72725], [-41.35796, -8.70721], [-41.33654, -8.70794], [-41.30757, -8.69017], [-41.28706, -8.66043], [-41.25347, -8.66176], [-41.23912, -8.65541], [-41.23341, -8.6472], [-41.21467, -8.64483], [-41.20617, -8.63288], [-41.20737, -8.60986], [-41.21191, -8.60141], [-41.2025, -8.59886], [-41.19819, -8.59206], [-41.17953, -8.59286], [-41.17825, -8.58797], [-41.16895, -8.5832], [-41.16524, -8.57563], [-41.15194, -8.54564], [-41.15032, -8.54028], [-41.14912, -8.53351], [-41.13425, -8.53313], [-41.12636, -8.54154], [-41.11581, -8.53686], [-41.1037, -8.52196], [-41.09758, -8.52034], [-41.09452, -8.517], [-41.08431, -8.50055], [-41.07855, -8.47209], [-41.05072, -8.48006], [-41.04755, -8.44832]]]]}},
{"type": "Feature", "id": "2600302", "properties": {"codigo_ibge": 2600302, "municipio": "Agrestina", "regiao_saude": "Caruaru", "macro_saude": "Agreste"}, "geometry": {"type": "MultiPolygon", "coordinates": [[[[-36.00859, -8.36134], [-36.00133, -8.36714], [-35.99273, -8.37342], [-35.99426, -8.39291], [-35.99306, -8.39837], [-35.98137, -8.38554], [-35.98108, -8.38539], [-35.96814, -8.37698], [-35.97147, -8.35869], [-35.96746, -8.3579], [-35.94955, -8.35762], [-35.9444, -8.35773], [-35.94441, -8.36774], [-35.93929, -8.36958], [-35.92068, -8.36549], [-35.90366, -8.37412], [-35.90321, -8.38015], [-35.9025, -8.38407], [-35.91771, -8.3977], [-35.92239, -8.40738], [-35.91941, -8.40989], [-35.92081, -8.41972], [-35.91266, -8.42632], [-35.90568, -8.42426], [-35.89794, -8.42759], [-35.90074, -8.43231], [-35.90237, -8.43771], [-35.90503, -8.45665], [-35.90329, -8.46249], [-35.89348, -8.46399], [-35.88816, -8.46692], [-35.89191, -8.47291], [-35.88858, -8.47671], [-35.88771, -8.49378], [-35.8876, -8.49791], [-35.89122, -8.49979], [-35.9008, -8.51393], [-35.88088, -8.56227], [-35.88305, -8.56285], [-35.89994, -8.55902], [-35.91084, -8.55978], [-35.91233, -8.55616], [-35.91853, -8.55955], [-35.91801, -8.55115], [-35.9374, -8.5361], [-35.9484, -8.54975], [-35.96563, -8.54898], [-35.99905, -8.44105], [-36.0051, -8.41633], [-36.01008, -8.39165], [-36.00859, -8.36134]]]]}},
{"type": "Feature", "id": "2600401", "properties": {"codigo_ibge": 2600401, "municipio": "Agua Preta", "regiao_saude": "Palmares", "macro_saude": "Metropolitana"}, "geometry": {"type": "MultiPolygon", "coordinates": [[[[-35.48738, -8.50558], [-35.4855, -8.50777], [-35.48969, -8.5196], [-35.48573, -8.52102], [-35.48411, -8.52633], [-35.48086, -8.52452], [-35.47874, -8.52666], [-35.47686, -8.53939], [-35.47052, -8.54552], [-35.4641, -8.54891], [-35.46183, -8.54057], [-35.45778, -8.545], [-35.44572, -8.54666], [-35.44558, -8.54985], [-35.4875, -8.58353], [-35.47202, -8.62862], [-35.39415, -8.68263], [-35.40342, -8.7133], [-35.34127, -8.72454], [-35.3396, -8.74805], [-35.32399, -8.79424], [-35.36733, -8.807], [-35.37971, -8.81783], [-35.38786, -8.8166], [-35.39506, -8.81727], [-35.39653, -8.81849], [-35.40131, -8.83202], [-35.4087, -8.83757], [-35.41401, -8.83599], [-35.41637, -8.83842], [-35.43159, -8.83559], [-35.43555, -8.84051], [-35.44916, -8.84158], [-35.45157, -8.8406], [-35.45876, -8.83845], [-35.46035, -8.83344], [-35.46105, -8.83019], [-35.46143, -8.83002], [-35.46643, -8.82784], [-35.46202, -8.81841], [-35.46981, -8.81271], [-35.47589, -8.81785], [-35.48026, -8.81952], [-35.4818, -8.82573], [-35.49315, -8.82491], [-35.49543, -8.82788], [-35.50003, -8.82454], [-35.50005, -8.81975], [-35.50394, -8.82188], [-35.5112, -8.81712], [-35.51745, -8.81634], [-35.53112, -8.82785], [-35.53485, -8.81904], [-35.54048, -8.82215], [-35.54273, -8.82339], [-35.548, -8.8279], [-35.56336, -8.83123], [-35.5686, -8.84196], [-35.57407, -8.8436], [-35.5822, -8.84604], [-35.58624, -8.83928], [-35.5901, -8.83848], [-35.59182, -8.83405], [-35.60363, -8.83352], [-35.60536, -8.82221], [-35.61279, -8.81356], [-35.62209, -8.8096], [-35.6157, -8.80002], [-35.61557, -8.78871], [-35.60597, -8.77523], [-35.60858, -8.76301], [-35.60038, -8.75854], [-35.59942, -8.75177], [-35.60251, -8.7418], [-35.55742, -8.71717], [-35.56053, -8.70218], [-35.56398, -8.68291], [-35.53731, -8.65828], [-35.51235, -8.63488], [-35.52356, -8.57987], [-35.52091, -8.5562], [-35.48738, -8.50558]]]]}},
{"type": "Feature", "id": "2600500", "properties": {"codigo_ibge": 2600500, "municipio": "Aguas Belas", "regiao_saude": "Garanhuns", "macro_saude": "Agreste"}, "geometry": {"type": "MultiPolygon", "coordinates": [[[[-37.19797, -9.21506], [-37.19473, -9.20341], [-37.18513, -9.19996], [-37.17832, -9.1808], [-37.1699, -9.16859], [-37.16628, -9.15069], [-37.16037, -9.13983], [-37.15878, -9.12599], [-37.16164, -9.12263], [-37.1625, -9.0942], [-37.16033, -9.091], [-37.16202, -9.07268], [-37.15525, -9.05313], [-37.14464, -9.04328], [-37.14205, -9.0367], [-37.13092, -9.02943], [-37.12576, -9.01615], [-37.12107, -9.01251], [-37.11026, -9.00223], [-37.1108, -8.9965], [-37.10604, -8.99262], [-37.09995, -8.97224], [-37.099, -8.97061], [-37.08762, -8.96408], [-37.07386, -8.94296], [-37.06893, -8.9427], [-37.06277, -8.93532], [-37.05249, -8.93422], [-37.05204, -8.92759], [-37.04662, -8.92058], [-37.02681, -8.91696], [-37.02486, -8.91247], [-37.00609, -8.90637], [-36.99279, -8.89618], [-36.98808, -8.89684], [-36.97392, -8.89496], [-36.95391, -8.90111], [-36.95061, -8.89775], [-36.94122, -8.89731], [-36.92054, -8.90104], [-36.90112, -8.90864], [-36.89597, -8.89684], [-36.8846, -8.89461], [-36.87654, -8.89159], [-36.87357, -8.88534], [-36.86525, -8.88777], [-36.87067, -8.89504], [-36.87285, -8.90685], [-36.8801, -8.91253], [-36.88307, -8.92182], [-36.88791, -8.93236], [-36.88578, -8.94745], [-36.88765, -8.96862], [-36.89449, -8.97495], [-36.90122, -8.99671], [-36.90913, -9.00722], [-36.91875, -9.02292], [-36.92962, -9.03118], [-36.92719, -9.03312], [-36.93076, -9.04915], [-36.9394, -9.05183], [-36.9388, -9.05799], [-36.93966, -9.06709], [-36.95127, -9.07926], [-36.96161, -9.10097], [-36.97329, -9.11351], [-36.97418, -9.12397], [-36.98508, -9.12892], [-36.98414, -9.13597], [-36.98393, -9.13623], [-36.97645, -9.15826], [-36.96893, -9.16273], [-36.95652, -9.17822], [-36.94515, -9.17763], [-36.94477, -9.18212], [-36.9498, -9.19006], [-36.95221, -9.21157], [-36.96608, -9.22385], [-36.96576, -9.23594], [-36.97512, -9.24538], [-36.98628, -9.24853], [-36.99562, -9.25144], [-37.0024, -9.26178], [-37.01071, -9.26385], [-37.01382, -9.26845], [-37.02403, -9.2619], [-37.03708, -9.27735], [-37.03732, -9.28678], [-37.04724, -9.29067], [-37.055, -9.30703], [-37.05724, -9.31712], [-37.05903, -9.31273], [-37.06125, -9.30333], [-37.05686, -9.28137], [-37.07667, -9.25815], [-37.09033, -9.24594], [-37.10783, -9.23829], [-37.11613, -9.24051], [-37.12958, -9.25964], [-37.14206, -9.26766], [-37.16399, -9.27528], [-37.16904, -9.27201], [-37.16874, -9.26529], [-37.16794, -9.2514], [-37.15861, -9.23868], [-37.19797, -9.21506]]]]}},
{"type": "Feature", "id": "2600609", "properties": {"codigo_ibge": 2600609, "municipio": "Alagoinha", "regiao_saude": "Caruaru", "macro_saude": "Agreste"}, "geometry": {"type": "MultiPolygon", "coordinates": [[[[-36.75484, -8.60147], [-36.76394, -8.59972], [-36.77844, -8.60414], [-36.77989, -8.58896], [-36.78291, -8.58898], [-36.78386, -8.58074], [-36.77858, -8.56159], [-36.78811, -8.54888], [-36.81151, -8.51606], [-36.82354, -8.49954], [-36.82077, -8.41746], [-36.80495, -8.45187], [-36.78402, -8.42335], [-36.76777, -8.42244], [-36.73758, -8.42156], [-36.69984, -8.42132], [-36.69579, -8.50036], [-36.68778, -8.5276], [-36.6946, -8.52506], [-36.71657, -8.53726], [-36.72066, -8.54107], [-36.72279, -8.5447], [-36.72558, -8.55864], [-36.73144, -8.56653], [-36.73869, -8.56875], [-36.75484, -8.60147]]]]}},
{"type": "Feature", "id": "2600708", "properties": {"codigo_ibge": 2600708, "municipio": "Alianca", "regiao_saude": "Goiana", "macro_saude": "Metropolitana"}, "geometry": {"type": "MultiPolygon", "coordinates": [[[[-35.12154, -7.66904], [-35.13189, -7.65866], [-35.13314, -7.66553], [-35.13411, -7.67318], [-35.13921, -7.68659], [-35.14324, -7.68444], [-35.14806, -7.68867], [-35.15888, -7.68873], [-35.15745, -7.69628], [-35.16074, -7.70055], [-35.15566, -7.71164], [-35.15986, -7.70997], [-35.16521, -7.7136], [-35.16741, -7.70907], [-35.1848, -7.68779], [-35.21138, -7.681], [-35.22962, -7.68982], [-35.24079, -7.69636], [-35.2384, -7.70181], [-35.241, -7.70502], [-35.25921, -7.67523], [-35.25669, -7.66029], [-35.25988, -7.65527], [-35.25502, -7.65401], [-35.25798, -7.65113], [-35.25445, -7.64502], [-35.25701, -7.64408], [-35.26967, -7.60059], [-35.27256, -7.59085], [-35.26316, -7.56639], [-35.255, -7.54445], [-35.23476, -7.5371], [-35.22079, -7.53248], [-35.21624, -7.52582], [-35.20838, -7.52203], [-35.20691, -7.51848], [-35.2033, -7.52127], [-35.19607, -7.51693], [-35.19182, -7.5179], [-35.19183, -7.51093], [-35.17161, -7.50321], [-35.16335, -7.50282], [-35.15803, -7.50243], [-35.15162, -7.50646], [-35.1397, -7.51148], [-35.13926, -7.52119], [-35.12836, -7.53464], [-35.12025, -7.54144], [-35.12138, -7.53456], [-35.11269, -7.53639], [-35.10709, -7.53061], [-35.09686, -7.54325], [-35.1019, -7.54732], [-35.10094, -7.55491], [-35.11092, -7.55835], [-35.11376, -7.55449], [-35.11843, -7.56055], [-35.12283, -7.56122], [-35.12694, -7.56755], [-35.12891, -7.56502], [-35.14163, -7.60465], [-35.14647, -7.61907], [-35.12154, -7.66904]]]]}},
{"type": "Feature", "id": "2600807", "properties": {"codigo_ibge": 2600807, "municipio": "Altinho", "regiao_saude": "Caruaru", "macro_saude": "Agreste"}, "geometry": {"type": "MultiPolygon", "coordinates": [[[[-36.06284, -8.38333], [-36.05293, -8.37613], [-36.02494, -8.36828], [-36.02472, -8.36831], [-36.00859, -8.36134], [-36.01008, -8.39165], [-36.0051, -8.41633], [-35.99905, -8.44105], [-35.96563, -8.54898], [-35.99738, -8.54648], [-36.00011, -8.54641], [-36.00001, -8.53328], [-36.0022, -8.53365], [-36.01263, -8.54361], [-36.0099, -8.54731], [-36.0141, -8.55025], [-36.0144, -8.55509], [-36.0213, -8.55562], [-36.02907, -8.56087], [-36.05816, -8.5748], [-36.065, -8.57563], [-36.07848, -8.5805], [-36.08791, -8.59337], [-36.09466, -8.59076], [-36.16591, -8.54708], [-36.19208, -8.55643], [-36.22933, -8.57257], [-36.26676, -8.56199], [-36.24289, -8.51801], [-36.21724, -8.48755], [-36.21595, -8.48654], [-36.16526, -8.44921], [-36.14898, -8.43796], [-36.13379, -8.42794], [-36.13065, -8.40096], [-36.11851, -8.40092], [-36.09778, -8.38278], [-36.08546, -8.38087], [-36.0757, -8.37978], [-36.07911, -8.39369], [-36.074, -8.4001], [-36.0703, -8.3998], [-36.06959, -8.39635], [-36.06923, -8.38767], [-36.06284, -8.38333]]]]}},
{"type": "Feature", "id": "2600906", "properties": {"codigo_ibge": 2600906, "municipio": "Amaraji", "regiao_saude": "Palmares", "macro_saude": "Metropolitana"}, "geometry": {"type": "MultiPolygon", "coordinates": [[[[-35.54763, -8.3387], [-35.56262, -8.34221], [-35.55754, -8.32915], [-35.52842, -8.31487], [-35.52893, -8.30071], [-35.52518, -8.29682], [-35.52197, -8.29955], [-35.50576, -8.2986], [-35.50752, -8.30958], [-35.5042, -8.31293], [-35.49204, -8.3011], [-35.48517, -8.27936], [-35.47969, -8.27481], [-35.47033, -8.26941], [-35.46618, -8.26071], [-35.43296, -8.3056], [-35.40419, -8.34289], [-35.3732, -8.38045], [-35.40527, -8.4277], [-35.40706, -8.42554], [-35.41693, -8.4276], [-35.42126, -8.43179], [-35.42589, -8.42679], [-35.44514, -8.45138], [-35.45963, -8.45631], [-35.46592, -8.45274], [-35.50059, -8.43385], [-35.50701, -8.42751], [-35.50521, -8.42007], [-35.51279, -8.40905], [-35.51857, -8.39968], [-35.5163, -8.39065], [-35.5225, -8.38433], [-35.53533, -8.38427], [-35.53572, -8.37925], [-35.54763, -8.3387]]]]}},
{"type": "Feature", "id": "2601003", "properties": {"codigo_ibge": 2601003, "municipio": "Angelim", "regiao_saude": "Garanhuns", "macro_saude": "Agreste"}, "geometry": {"type": "MultiPolygon", "coordinates": [[[[-36.23308, -8.93296], [-36.23455, -8.93426], [-36.25787, -8.95243], [-36.28956, -8.95238], [-36.30571, -8.95274], [-36.30582, -8.95216], [-36.3213, -8.87227], [-36.315, -8.84289], [-36.34164, -8.80103], [-36.33334, -8.8051], [-36.32497, -8.79783], [-36.32127, -8.80718], [-36.31438, -8.80301], [-36.3184, -8.81097], [-36.31612, -8.8238], [-36.31178, -8.82846], [-36.30926, -8.82582], [-36.30297, -8.8294], [-36.29958, -8.83103], [-36.29918, -8.83299], [-36.28928, -8.8429], [-36.28563, -8.84057], [-36.27909, -8.84346], [-36.26756, -8.83916], [-36.26719, -8.83918], [-36.26059, -8.84688], [-36.26422, -8.85619], [-36.24879, -8.85787], [-36.24735, -8.85372], [-36.24235, -8.85565], [-36.24242, -8.86176], [-36.23642, -8.86924], [-36.22701, -8.86664], [-36.21676, -8.86843], [-36.21864, -8.87537], [-36.22437, -8.87464], [-36.21888, -8.88156], [-36.21848, -8.88177], [-36.21568, -8.88372], [-36.23308, -8.93296]]]]}},
{"type": "Feature", "id": "2601052", "properties": {"codigo_ibge": 2601052, "municipio": "Aracoiaba", "regiao_saude": "Recife", "macro_saude": "Metropolitana"}, "geometry": {"type": "MultiPolygon", "coordinates": [[[[-35.13974, -7.79404], [-35.13562, -7.78676], [-35.10989, -7.74882], [-35.1102, -7.73543], [-35.10533, -7.72615], [-35.09919, -7.7224], [-35.09111, -7.74011], [-35.05288, -7.74985], [-35.03816, -7.76834], [-35.03954, -7.79384], [-35.03642, -7.79309], [-35.02848, -7.79954], [-35.02063, -7.81673], [-35.03364, -7.82616], [-35.03736, -7.87083], [-35.05378, -7.87965], [-35.06805, -7.81131], [-35.08282, -7.80385], [-35.09349, -7.80563], [-35.10374, -7.80158], [-35.09983, -7.80813], [-35.10125, -7.83022], [-35.13974, -7.79404]]]]}},
{"type": "Feature", "id": "2601102", "properties": {"codigo_ibge": 2601102, "municipio": "Araripina", "regiao_saude": "Ouricuri", "macro_saude": "Vale S.Francisco/Araripe"}, "geometry": {"type": "MultiPolygon", "coordinates": [[[[-40.5481, -7.39229], [-40.52016, -7.38977], [-40.45995, -7.39017], [-40.43307, -7.39125], [-40.37245, -7.38493], [-40.37005, -7.41624], [-40.28598, -7.62662], [-40.30313, -7.63194], [-40.32819, -7.64156], [-40.34282, -7.70126], [-40.35963, -7.71118], [-40.35294, -7.82451], [-40.35009, -7.83526], [-40.34325, -7.84279], [-40.34467, -7.84833], [-40.42728, -7.87138], [-40.45279, -7.87601], [-40.45544, -7.88362], [-40.45438, -7.88899], [-40.46578, -7.89753], [-40.46441, -7.90448], [-40.47142, -7.90518], [-40.47788, -7.90756], [-40.47977, -7.91336], [-40.51165, -7.92281], [-40.52716, -7.94254], [-40.54441, -7.94722], [-40.54455, -7.94726], [-40.54449, -7.94653], [-40.53919, -7.8825], [-40.53757, -7.86879], [-40.54169, -7.83808], [-40.55093, -7.82202], [-40.56804, -7.80835], [-40.62828, -7.79216], [-40.65337, -7.78179], [-40.6732, -7.76127], [-40.67797, -7.72509], [-40.6685, -7.69459], [-40.64664, -7.64438], [-40.64415, -7.61899], [-40.644, -7.60376], [-40.65512, -7.58685], [-40.65544, -7.5865], [-40.69371, -7.53831], [-40.70548, -7.51155], [-40.70896, -7.5034], [-40.71338, -7.49207], [-40.71452, -7.48914], [-40.71286, -7.4726], [-40.70225, -7.45791], [-40.67164, -7.45231], [-40.65863, -7.44661], [-40.6572, -7.44417], [-40.65195, -7.43294], [-40.5481, -7.39229]]]]}},
{"type": "Feature", "id": "2601201", "properties": {"codigo_ibge": 2601201, "municipio": "Arcoverde", "regiao_saude": "Arcoverde", "macro_saude": "Sertao Pernambucano"}, "geometry": {"type": "MultiPolygon", "coordinates": [[[[-36.95177, -8.29587], [-36.94697, -8.29065], [-36.94739, -8.27871], [-36.94461, -8.27484], [-36.92266, -8.26942], [-36.90796, -8.25365], [-36.9093, -8.29526], [-36.94458, -8.37305], [-36.94809, -8.39623], [-36.93549, -8.41351], [-36.92148, -8.43011], [-36.90059, -8.4394], [-36.9051, -8.44595], [-36.91581, -8.45099], [-36.91727, -8.45957], [-36.9234, -8.46385], [-36.93108, -8.45921], [-36.93392, -8.44896], [-36.94458, -8.44531], [-36.94904, -8.44698], [-36.95817, -8.44576], [-36.96382, -8.4466], [-36.96201, -8.45911], [-36.97845, -8.47927], [-36.99379, -8.50004], [-37.00521, -8.5144], [-37.09123, -8.44219], [-37.13852, -8.42614], [-37.1487, -8.40304], [-37.11971, -8.39526], [-37.10991, -8.3848], [-37.10185, -8.38396], [-37.099, -8.37567], [-37.09343, -8.36946], [-37.08141, -8.36607], [-37.07073, -8.35338], [-37.04774, -8.34773], [-37.03619, -8.32335], [-37.03558, -8.31399], [-37.02861, -8.30366], [-37.03151, -8.29914], [-37.02032, -8.28925], [-36.99081, -8.30254], [-36.97768, -8.297], [-36.95458, -8.29894], [-36.95177, -8.29587]]]]}},
{"type": "Feature", "id": "2601300", "properties": {"codigo_ibge": 2601300, "municipio": "Barra de Guabiraba", "regiao_saude": "Caruaru", "macro_saude": "Agreste"}, "geometry": {"type": "MultiPolygon", "coordinates": [[[[-35.6277, -8.37387], [-35.54902, -8.35123], [-35.54753, -8.35641], [-35.55849, -8.36606], [-35.56122, -8.37604], [-35.57984, -8.38824], [-35.59178, -8.40195], [-35.58931, -8.40985], [-35.59141, -8.41263], [-35.58657, -8.41326], [-35.58589, -8.41908], [-35.58014, -8.42464], [-35.57603, -8.4281], [-35.65539, -8.48819], [-35.65577, -8.48831], [-35.68045, -8.43989], [-35.68335, -8.42802], [-35.68137, -8.41979], [-35.67497, -8.3862], [-35.68538, -8.38161], [-35.69618, -8.36979], [-35.65404, -8.37731], [-35.6277, -8.37387]]]]}},
{"type": "Feature", "id": "2601409", "properties": {"codigo_ibge": 2601409, "municipio": "Barreiros", "regiao_saude": "Palmares", "macro_saude": "Metropolitana"}, "geometry": {"type": "MultiPolygon", "coordinates": [[[[-35.13008, -8.8624], [-35.13925, -8.84278], [-35.13452, -8.83211], [-35.13655, -8.82909], [-35.26348, -8.85516], [-35.2473, -8.86841], [-35.24274, -8.87933], [-35.2347, -8.88278], [-35.25246, -8.88682], [-35.27726, -8.87475], [-35.28733, -8.87614], [-35.35043, -8.86029], [-35.39967, -8.84989], [-35.4087, -8.83757], [-35.40131, -8.83202], [-35.39653, -8.81849], [-35.39506, -8.81727], [-35.38786, -8.8166], [-35.37971, -8.81783], [-35.36733, -8.807], [-35.32399, -8.79424], [-35.30158, -8.79173], [-35.29074, -8.78637], [-35.28525, -8.78906], [-35.28439, -8.78898], [-35.28178, -8.78806], [-35.27655, -8.78601], [-35.26477, -8.77863], [-35.26272, -8.78331], [-35.25377, -8.78232], [-35.25879, -8.77807], [-35.25941, -8.77193], [-35.24963, -8.77025], [-35.2468, -8.77565], [-35.23427, -8.75682], [-35.22332, -8.75327], [-35.1919, -8.77371], [-35.18661, -8.77194], [-35.18428, -8.76925], [-35.1766, -8.77494], [-35.17249, -8.77462], [-35.16019, -8.77782], [-35.15097, -8.77528], [-35.14716, -8.78143], [-35.13311, -8.78727], [-35.12587, -8.80099], [-35.12006, -8.79991], [-35.10274, -8.78478], [-35.10711, -8.79421], [-35.11875, -8.80252], [-35.12147, -8.81241], [-35.13178, -8.82634], [-35.13388, -8.8408], [-35.13008, -8.8624]]]]}},
{"type": "Feature", "id": "2601508", "properties": {"codigo_ibge": 2601508, "municipio": "Belem de Maria", "regiao_saude": "Palmares", "macro_saude": "Metropolitana"}, "geometry": {"type": "MultiPolygon", "coordinates": [[[[-35.84888, -8.58734], [-35.84562, -8.5806], [-35.83834, -8.5784], [-35.85265, -8.54473], [-35.85452, -8.53747], [-35.853, -8.53538], [-35.84766, -8.54111], [-35.84176, -8.54101], [-35.84176, -8.54093], [-35.8453, -8.53362], [-35.83965, -8.5257], [-35.82757, -8.52984], [-35.82538, -8.52272], [-35.8212, -8.52231], [-35.81318, -8.55148], [-35.80682, -8.55153], [-35.80043, -8.54615], [-35.81335, -8.58445], [-35.81335, -8.58451], [-35.80851, -8.58395], [-35.80298, -8.59394], [-35.79983, -8.59443], [-35.75917, -8.67294], [-35.77127, -8.67403], [-35.77869, -8.67641], [-35.78079, -8.67308], [-35.78775, -8.67363], [-35.79089, -8.66774], [-35.79859, -8.66633], [-35.80349, -8.67175], [-35.80999, -8.67257], [-35.80798, -8.64724], [-35.8156, -8.63884], [-35.82064, -8.63951], [-35.81561, -8.63413], [-35.82144, -8.62551], [-35.82451, -8.62585], [-35.82825, -8.625], [-35.83327, -8.62903], [-35.8376, -8.62363], [-35.83739, -8.61669], [-35.83445, -8.60463], [-35.84077, -8.60097], [-35.83527, -8.59288], [-35.83747, -8.58931], [-35.84343, -8.59101], [-35.84888, -8.58734]]]]}},
{"type": "Feature", "id": "2601607", "properties": {"codigo_ibge": 2601607, "municipio": "Belem de Sao Francisco", "regiao_saude": "Salgueiro", "macro_saude": "Vale S.Francisco/Araripe"}, "geometry": {"type": "MultiPolygon", "coordinates": [[[[-39.04617, -8.37925], [-39.04111, -8.38009], [-39.02996, -8.37309], [-39.01477, -8.37476], [-39.01064, -8.37995], [-38.99509, -8.37255], [-38.99672, -8.3655], [-38.99367, -8.35468], [-38.99029, -8.35658], [-38.98241, -8.35339], [-38.97877, -8.35613], [-38.97448, -8.35227], [-38.96792, -8.35405], [-38.96325, -8.35156], [-38.95282, -8.35663], [-38.93608, -8.35323], [-38.928, -8.35612], [-38.91564, -8.34096], [-38.91479, -8.33348], [-38.91082, -8.33004], [-38.88823, -8.34716], [-38.88681, -8.36506], [-38.87587, -8.37888], [-38.87273, -8.38952], [-38.87467, -8.39531], [-38.86846, -8.40142], [-38.86985, -8.40841], [-38.85895, -8.41433], [-38.84628, -8.43369], [-38.8461, -8.43466], [-38.84011, -8.44028], [-38.84296, -8.44522], [-38.84903, -8.4672], [-38.83755, -8.4802], [-38.83605, -8.47647], [-38.83195, -8.47673], [-38.83176, -8.49267], [-38.82894, -8.49424], [-38.83096, -8.49702], [-38.83369, -8.50731], [-38.81726, -8.50497], [-38.80593, -8.51248], [-38.79855, -8.51363], [-38.79493, -8.52019], [-38.79118, -8.52588], [-38.7822, -8.52928], [-38.77652, -8.53587], [-38.77356, -8.54828], [-38.77585, -8.55392], [-38.77182, -8.55559], [-38.76513, -8.56485], [-38.76671, -8.56938], [-38.75674, -8.57472], [-38.74363, -8.57395], [-38.70602, -8.58694], [-38.66778, -8.59498], [-38.66225, -8.60193], [-38.65249, -8.59913], [-38.65083, -8.60162], [-38.65592, -8.60662], [-38.64998, -8.60855], [-38.65106, -8.61315], [-38.63647, -8.61398], [-38.63005, -8.61657], [-38.62889, -8.62061], [-38.79656, -8.67866], [-38.8432, -8.69536], [-38.84521, -8.7149], [-38.85445, -8.72888], [-38.85057, -8.73962], [-38.8516, -8.76487], [-38.84846, -8.76715], [-38.85691, -8.77499], [-38.85459, -8.78411], [-38.86776, -8.78345], [-38.88442, -8.78919], [-38.92459, -8.79433], [-38.94334, -8.80382], [-38.95359, -8.80365], [-38.96478, -8.79387], [-38.97708, -8.79267], [-38.99156, -8.76714], [-39.01431, -8.75345], [-39.0332, -8.7359], [-39.06383, -8.7293], [-39.1436, -8.7121], [-39.15413, -8.70738], [-39.16836, -8.69109], [-39.17157, -8.69652], [-39.17369, -8.70093], [-39.17663, -8.70302], [-39.20043, -8.71057], [-39.21728, -8.70805], [-39.22189, -8.71125], [-39.22817, -8.7099], [-39.2428, -8.68812], [-39.24469, -8.68454], [-39.24514, -8.68369], [-39.2452, -8.68177], [-39.24631, -8.64718], [-39.24129, -8.64134], [-39.24753, -8.62459], [-39.26305, -8.6148], [-39.26582, -8.61073], [-39.26612, -8.61053], [-39.27235, -8.59608], [-39.2738, -8.58448], [-39.2662, -8.579], [-39.26457, -8.57699], [-39.26244, -8.574], [-39.24058, -8.53997], [-39.23531, -8.53603], [-39.22935, -8.54242], [-39.21953, -8.53198], [-39.21085, -8.53205], [-39.20909, -8.52727], [-39.21424, -8.52176], [-39.20034, -8.511], [-39.19205, -8.51539], [-39.18341, -8.51028], [-39.17327, -8.51374], [-39.1756, -8.50397], [-39.16619, -8.4978], [-39.16013, -8.50355], [-39.15185, -8.50358], [-39.15206, -8.51081], [-39.14808, -8.51586], [-39.14499, -8.50994], [-39.13433, -8.50731], [-39.13445, -8.50313], [-39.12477, -8.49603], [-39.12953, -8.48687], [-39.12276, -8.47885], [-39.11038, -8.47928], [-39.11587, -8.4686], [-39.11273, -8.4652], [-39.10534, -8.46561], [-39.10161, -8.46262], [-39.10057, -8.46014], [-39.10513, -8.45735], [-39.10147, -8.45151], [-39.09529, -8.4478], [-39.08804, -8.4488], [-39.08816, -8.44251], [-39.08364, -8.44205], [-39.08282, -8.43319], [-39.08968, -8.42956], [-39.08911, -8.4221], [-39.08209, -8.41337], [-39.06891, -8.41511], [-39.06264, -8.40988], [-39.06669, -8.40474], [-39.06264, -8.39655], [-39.06723, -8.38994], [-39.06628, -8.38531], [-39.05148, -8.38444], [-39.04684, -8.37951], [-39.04617, -8.37925]]]]}},
{"type": "Feature", "id": "2601706", "properties": {"codigo_ibge": 2601706, "municipio": "Belo Jardim", "regiao_saude": "Caruaru", "macro_saude": "Agreste"}, "geometry": {"type": "MultiPolygon", "coordinates": [[[[-36.60562, -8.21195], [-36.58935, -8.20878], [-36.58083, -8.20539], [-36.57227, -8.20771], [-36.56383, -8.20536], [-36.54712, -8.20967], [-36.53156, -8.19215], [-36.53146, -8.18477], [-36.52787, -8.18287], [-36.52386, -8.18115], [-36.51213, -8.1585], [-36.50136, -8.15061], [-36.49197, -8.13613], [-36.49353, -8.12634], [-36.44368, -8.14545], [-36.37512, -8.20455], [-36.36659, -8.20892], [-36.36579, -8.21649], [-36.36193, -8.22523], [-36.35822, -8.22169], [-36.35385, -8.21874], [-36.34121, -8.18994], [-36.33104, -8.16544], [-36.33084, -8.16399], [-36.26851, -8.16083], [-36.23899, -8.16831], [-36.24482, -8.17697], [-36.25019, -8.18691], [-36.24612, -8.18688], [-36.24454, -8.19952], [-36.22601, -8.21756], [-36.20684, -8.22514], [-36.20784, -8.23875], [-36.22992, -8.25383], [-36.2499, -8.27464], [-36.26706, -8.28318], [-36.30044, -8.28493], [-36.31553, -8.29564], [-36.31479, -8.29035], [-36.33316, -8.29626], [-36.3381, -8.30659], [-36.33454, -8.32166], [-36.36081, -8.38878], [-36.37966, -8.38985], [-36.39559, -8.38842], [-36.40446, -8.37418], [-36.40776, -8.3756], [-36.40866, -8.38131], [-36.42267, -8.38641], [-36.42286, -8.38644], [-36.43484, -8.39851], [-36.44479, -8.3993], [-36.44895, -8.39743], [-36.45417, -8.38741], [-36.45755, -8.39096], [-36.46748, -8.38875], [-36.47122, -8.40069], [-36.47777, -8.40201], [-36.47536, -8.40436], [-36.47926, -8.40655], [-36.4808, -8.40184], [-36.48761, -8.40234], [-36.48962, -8.4053], [-36.48478, -8.4092], [-36.50155, -8.40932], [-36.50325, -8.40246], [-36.5104, -8.40164], [-36.49236, -8.38268], [-36.48429, -8.31405], [-36.49335, -8.31546], [-36.49422, -8.32225], [-36.50055, -8.32409], [-36.51097, -8.32101], [-36.51593, -8.31282], [-36.52504, -8.30325], [-36.51978, -8.2971], [-36.49806, -8.28793], [-36.49765, -8.2807], [-36.49358, -8.27886], [-36.49454, -8.27164], [-36.49835, -8.27015], [-36.48559, -8.25215], [-36.48715, -8.24638], [-36.49388, -8.23187], [-36.49975, -8.23597], [-36.50788, -8.23018], [-36.51656, -8.23201], [-36.52419, -8.24562], [-36.52691, -8.24609], [-36.53012, -8.23888], [-36.54191, -8.2394], [-36.54186, -8.24753], [-36.53503, -8.25201], [-36.55984, -8.27385], [-36.56, -8.28277], [-36.60562, -8.21195]]]]}},
{"type": "Feature", "id": "2601805", "properties": {"codigo_ibge": 2601805, "municipio": "Betania", "regiao_saude": "Serra Talhada", "macro_saude": "Sertao Pernambucano"}, "geometry": {"type": "MultiPolygon", "coordinates": [[[[-38.02785, -8.13315], [-38.02425, -8.12139], [-38.01065, -8.11457], [-37.98468, -8.08559], [-37.97308, -8.07966], [-37.95818, -8.08032], [-37.94132, -8.07732], [-37.93908, -8.06827], [-37.93565, -8.06383], [-37.92779, -8.06916], [-37.92001, -8.075], [-37.90186, -8.0736], [-37.89277, -8.08081], [-37.88099, -8.07444], [-37.87104, -8.07733], [-37.84911, -8.08348], [-37.83379, -8.07929], [-37.83107, -8.07521], [-37.8111, -8.08058], [-37.79878, -8.19581], [-37.80129, -8.20962], [-37.81198, -8.21975], [-37.81211, -8.224], [-37.84275, -8.2454], [-37.84326, -8.25216], [-37.85201, -8.26493], [-37.84906, -8.27204], [-37.84645, -8.276], [-37.85876, -8.2965], [-37.85297, -8.30935], [-37.85476, -8.31446], [-37.8507, -8.31669], [-37.85232, -8.32386], [-37.85947, -8.32927], [-37.85791, -8.34498], [-37.86793, -8.35786], [-37.89369, -8.39246], [-37.90872, -8.40257], [-37.93039, -8.42876], [-37.9303, -8.43786], [-37.95378, -8.45168], [-37.96001, -8.45172], [-37.9663, -8.45817], [-37.9981, -8.45607], [-38.00123, -8.45243], [-38.0068, -8.45705], [-38.02204, -8.44982], [-38.02737, -8.45907], [-38.03638, -8.45954], [-38.04608, -8.45618], [-38.04961, -8.44978], [-38.06207, -8.44851], [-38.06462, -8.44267], [-38.0718, -8.44462], [-38.06948, -8.43915], [-38.07936, -8.43274], [-38.08053, -8.42156], [-38.08625, -8.41999], [-38.08752, -8.41575], [-38.08997, -8.41525], [-38.12246, -8.40575], [-38.13836, -8.40789], [-38.1524, -8.40401], [-38.16823, -8.39629], [-38.16624, -8.38748], [-38.16922, -8.37367], [-38.17657, -8.35862], [-38.18248, -8.35625], [-38.18185, -8.35066], [-38.18544, -8.34739], [-38.19389, -8.31819], [-38.19322, -8.30505], [-38.18965, -8.3005], [-38.19186, -8.28864], [-38.18246, -8.2797], [-38.17759, -8.27919], [-38.17832, -8.27625], [-38.17734, -8.2678], [-38.16653, -8.26587], [-38.16728, -8.25602], [-38.17375, -8.24681], [-38.16276, -8.23603], [-38.15201, -8.22297], [-38.14112, -8.22141], [-38.13251, -8.21529], [-38.11789, -8.2204], [-38.1129, -8.2143], [-38.11351, -8.20169], [-38.10625, -8.18624], [-38.09518, -8.1786], [-38.08542, -8.16358], [-38.06231, -8.14771], [-38.04799, -8.15063], [-38.02693, -8.13903], [-38.02785, -8.13315]]]]}},
{"type": "Feature", "id": "2601904", "properties": {"codigo_ibge": 2601904, "municipio": "Bezerros", "regiao_saude": "Caruaru", "macro_saude": "Agreste"}, "geometry": {"type": "MultiPolygon", "coordinates": [[[[-35.6495, -8.10488], [-35.63, -8.10367], [-35.65697, -8.17416], [-35.65638, -8.18133], [-35.6548, -8.20319], [-35.6665, -8.20904], [-35.68547, -8.21064], [-35.70572, -8.21981], [-35.70706, -8.22011], [-35.71104, -8.22346], [-35.72254, -8.21583], [-35.72955, -8.218], [-35.72861, -8.2535], [-35.73634, -8.26849], [-35.7438, -8.27338], [-35.75212, -8.28816], [-35.75795, -8.28986], [-35.7766, -8.29786], [-35.77524, -8.30724], [-35.76899, -8.31322], [-35.7838, -8.32622], [-35.79221, -8.32862], [-35.80077, -8.34062], [-35.80536, -8.35272], [-35.80115, -8.35492], [-35.80283, -8.35711], [-35.79866, -8.36366], [-35.79997, -8.36898], [-35.81365, -8.38607], [-35.82193, -8.38247], [-35.8264, -8.37385], [-35.83578, -8.37123], [-35.84272, -8.37147], [-35.84187, -8.37916], [-35.85862, -8.37479], [-35.86864, -8.38032], [-35.87099, -8.37867], [-35.87633, -8.37741], [-35.88453, -8.38129], [-35.89621, -8.38538], [-35.9025, -8.38407], [-35.90321, -8.38015], [-35.90366, -8.37412], [-35.92068, -8.36549], [-35.91772, -8.35929], [-35.88989, -8.35068], [-35.87857, -8.3301], [-35.87001, -8.3196], [-35.86739, -8.31708], [-35.8532, -8.30296], [-35.85253, -8.29867], [-35.85634, -8.29445], [-35.85844, -8.28748], [-35.86263, -8.28544], [-35.8518, -8.27364], [-35.853, -8.27001], [-35.85704, -8.25841], [-35.87962, -8.20588], [-35.88802, -8.18915], [-35.89048, -8.17883], [-35.88817, -8.17235], [-35.88695, -8.17107], [-35.87353, -8.16187], [-35.86683, -8.16533], [-35.8541, -8.16187], [-35.84749, -8.15326], [-35.84839, -8.14724], [-35.84409, -8.1455], [-35.8474, -8.13701], [-35.84566, -8.13231], [-35.84198, -8.1196], [-35.83543, -8.11403], [-35.6495, -8.10488]]]]}},
{"type": "Feature", "id": "2602001", "properties": {"codigo_ibge": 2602001, "municipio": "Bodoco", "regiao_saude": "Ouricuri", "macro_saude": "Vale S.Francisco/Araripe"}, "geometry": {"type": "MultiPolygon", "coordinates": [[[[-40.14955, -7.41386], [-40.07832, -7.39939], [-40.02291, -7.39833], [-40.00559, -7.38794], [-39.98407, -7.39414], [-39.96112, -7.38855], [-39.91508, -7.33769], [-39.9042, -7.33794], [-39.90393, -7.51702], [-39.90362, -7.70627], [-39.90003, -7.70594], [-39.81426, -7.69013], [-39.76229, -7.91214], [-39.79684, -7.95617], [-39.85305, -8.02761], [-39.86219, -8.0162], [-39.87352, -8.01096], [-39.87467, -7.99952], [-39.87937, -7.9982], [-39.88226, -7.98975], [-39.88792, -7.99045], [-39.89684, -7.97414], [-39.90024, -7.97799], [-39.90299, -7.97668], [-39.91037, -7.95297], [-39.90976, -7.94011], [-39.91394, -7.93431], [-39.93309, -7.91312], [-39.93211, -7.90647], [-39.92859, -7.90525], [-39.94297, -7.89358], [-39.93633, -7.88875], [-39.93919, -7.8856], [-39.93367, -7.87447], [-39.93546, -7.86868], [-39.93319, -7.86903], [-39.93317, -7.86063], [-39.92772, -7.85304], [-39.93306, -7.84518], [-39.93231, -7.83556], [-39.93769, -7.83206], [-39.93619, -7.82465], [-39.94511, -7.81809], [-39.96032, -7.8145], [-39.97602, -7.80558], [-39.98401, -7.80403], [-40.00262, -7.79965], [-40.01114, -7.79225], [-40.032, -7.79524], [-40.05383, -7.80485], [-40.06876, -7.80183], [-40.07492, -7.79575], [-40.07816, -7.79707], [-40.08196, -7.79374], [-40.08858, -7.77782], [-40.10358, -7.68652], [-40.13068, -7.5254], [-40.14955, -7.41386]]]]}},
{"type": "Feature", "id": "2602100", "properties": {"codigo_ibge": 2602100, "municipio": "Bom Conselho", "regiao_saude": "Garanhuns", "macro_saude": "Agreste"}, "geometry": {"type": "MultiPolygon", "coordinates": [[[[-36.78421, -9.11277], [-36.78086, -9.10585], [-36.77595, -9.10544], [-36.77726, -9.09902], [-36.77488, -9.0976], [-36.76924, -9.09201], [-36.7581, -9.0926], [-36.75245, -9.08923], [-36.742, -9.06458], [-36.73432, -9.06041], [-36.73517, -9.05828], [-36.7194, -9.03704], [-36.7035, -9.02063], [-36.68809, -9.01998], [-36.69089, -9.05071], [-36.68932, -9.06573], [-36.70419, -9.09594], [-36.70651, -9.11314], [-36.69633, -9.11447], [-36.67634, -9.12484], [-36.66685, -9.12276], [-36.65675, -9.12744], [-36.64535, -9.12331], [-36.63545, -9.12008], [-36.63175, -9.11452], [-36.62517, -9.11642], [-36.62157, -9.12092], [-36.61592, -9.11589], [-36.60868, -9.12058], [-36.57529, -9.11935], [-36.56293, -9.11862], [-36.53269, -9.10097], [-36.52993, -9.10312], [-36.533, -9.10866], [-36.52621, -9.10946], [-36.5238, -9.1165], [-36.52585, -9.11859], [-36.51579, -9.12175], [-36.51503, -9.12728], [-36.51067, -9.13638], [-36.51811, -9.14114], [-36.51208, -9.1469], [-36.51384, -9.15933], [-36.50299, -9.16495], [-36.50723, -9.16953], [-36.50718, -9.17583], [-36.52547, -9.18636], [-36.52028, -9.1906], [-36.52231, -9.19518], [-36.51967, -9.19901], [-36.52457, -9.20943], [-36.52036, -9.20652], [-36.51982, -9.21115], [-36.52367, -9.21504], [-36.51325, -9.23166], [-36.50701, -9.23392], [-36.51121, -9.24827], [-36.50869, -9.2549], [-36.50745, -9.26016], [-36.50004, -9.26236], [-36.50298, -9.27056], [-36.5715, -9.29216], [-36.57243, -9.31958], [-36.56787, -9.31785], [-36.56357, -9.32236], [-36.56713, -9.33171], [-36.57574, -9.33146], [-36.58593, -9.33766], [-36.59274, -9.3344], [-36.60471, -9.34109], [-36.60738, -9.33304], [-36.61251, -9.33351], [-36.61441, -9.3306], [-36.61462, -9.32436], [-36.61929, -9.32838], [-36.6231, -9.32617], [-36.62452, -9.33141], [-36.63428, -9.32648], [-36.63451, -9.32083], [-36.64057, -9.31954], [-36.64435, -9.31395], [-36.6494, -9.31498], [-36.65906, -9.30833], [-36.6793, -9.28708], [-36.69351, -9.27491], [-36.75935, -9.27092], [-36.79681, -9.2926], [-36.83937, -9.28779], [-36.84386, -9.28192], [-36.84769, -9.27673], [-36.85257, -9.27457], [-36.87092, -9.26766], [-36.87944, -9.27595], [-36.88148, -9.2754], [-36.88283, -9.26356], [-36.87219, -9.16751], [-36.76868, -9.13702], [-36.78421, -9.11277]]]]}},
{"type": "Feature", "id": "2602209", "properties": {"codigo_ibge": 2602209, "municipio": "Bom Jardim", "regiao_saude": "Limoeiro", "macro_saude": "Metropolitana"}, "geometry": {"type": "MultiPolygon", "coordinates": [[[[-35.45345, -7.68904], [-35.41879, -7.72087], [-35.45694, -7.7136], [-35.48069, -7.74168], [-35.48176, -7.75492], [-35.48209, -7.76053], [-35.4818, -7.76786], [-35.48457, -7.77798], [-35.48218, -7.78193], [-35.48107, -7.78255], [-35.47674, -7.7829], [-35.47608, -7.78498], [-35.47673, -7.79736], [-35.50171, -7.80715], [-35.51102, -7.8009], [-35.51963, -7.80194], [-35.52129, -7.80357], [-35.5263, -7.80637], [-35.54845, -7.82243], [-35.556, -7.82553], [-35.5647, -7.83069], [-35.56839, -7.8336], [-35.57883, -7.8279], [-35.59793, -7.83781], [-35.68419, -7.84404], [-35.68735, -7.847], [-35.69969, -7.84799], [-35.6976, -7.84322], [-35.70106, -7.83404], [-35.70751, -7.8311], [-35.70765, -7.83099], [-35.7084, -7.81744], [-35.71217, -7.81596], [-35.71038, -7.79351], [-35.70662, -7.78542], [-35.6707, -7.77536], [-35.67176, -7.76003], [-35.66982, -7.75597], [-35.66383, -7.75471], [-35.64367, -7.7593], [-35.63932, -7.75742], [-35.63671, -7.75908], [-35.62909, -7.76582], [-35.62623, -7.76321], [-35.62661, -7.76861], [-35.62366, -7.76768], [-35.62227, -7.77453], [-35.61703, -7.77257], [-35.61925, -7.77685], [-35.61369, -7.78195], [-35.60988, -7.78079], [-35.60025, -7.76347], [-35.58568, -7.74301], [-35.56897, -7.73039], [-35.54801, -7.71644], [-35.54895, -7.72177], [-35.53839, -7.72831], [-35.54114, -7.73462], [-35.53861, -7.73664], [-35.52941, -7.74282], [-35.53282, -7.74801], [-35.52598, -7.74856], [-35.52287, -7.74374], [-35.51994, -7.74874], [-35.50458, -7.74334], [-35.49573, -7.73393], [-35.48733, -7.72952], [-35.48403, -7.72954], [-35.45345, -7.68904]]]]}},
{"type": "Feature", "id": "2602308", "properties": {"codigo_ibge": 2602308, "municipio": "Bonito", "regiao_saude": "Caruaru", "macro_saude": "Agreste"}, "geometry": {"type": "MultiPolygon", "coordinates": [[[[-35.72311, -8.38623], [-35.71899, -8.38771], [-35.69618, -8.36979], [-35.68538, -8.38161], [-35.67497, -8.3862], [-35.68137, -8.41979], [-35.68335, -8.42802], [-35.68045, -8.43989], [-35.65577, -8.48831], [-35.65539, -8.48819], [-35.57603, -8.4281], [-35.56252, -8.4417], [-35.55968, -8.44981], [-35.55631, -8.44887], [-35.55266, -8.45402], [-35.54622, -8.45228], [-35.54485, -8.45571], [-35.53847, -8.45559], [-35.54515, -8.46858], [-35.53938, -8.47603], [-35.53544, -8.47886], [-35.53642, -8.48208], [-35.53897, -8.4842], [-35.55046, -8.48743], [-35.56975, -8.498], [-35.57264, -8.5027], [-35.58576, -8.51095], [-35.58741, -8.51721], [-35.5879, -8.51727], [-35.59604, -8.51877], [-35.60838, -8.52947], [-35.61388, -8.52907], [-35.61719, -8.53921], [-35.63256, -8.55033], [-35.63685, -8.55111], [-35.63802, -8.55633], [-35.64317, -8.55009], [-35.6517, -8.54], [-35.69782, -8.5468], [-35.69926, -8.55289], [-35.69983, -8.57237], [-35.69114, -8.58566], [-35.69364, -8.59073], [-35.68823, -8.59574], [-35.69323, -8.59706], [-35.69916, -8.59883], [-35.71343, -8.57992], [-35.72472, -8.57926], [-35.72068, -8.58708], [-35.72992, -8.59296], [-35.7446, -8.58923], [-35.74714, -8.58588], [-35.75442, -8.58189], [-35.76054, -8.5926], [-35.7746, -8.59894], [-35.77998, -8.58946], [-35.78567, -8.59732], [-35.79268, -8.59862], [-35.79983, -8.59443], [-35.80298, -8.59394], [-35.80851, -8.58395], [-35.81335, -8.58451], [-35.81335, -8.58445], [-35.80043, -8.54615], [-35.80682, -8.55153], [-35.81318, -8.55148], [-35.8212, -8.52231], [-35.8215, -8.50986], [-35.81689, -8.50041], [-35.82355, -8.49039], [-35.83765, -8.48134], [-35.83309, -8.47159], [-35.82386, -8.46015], [-35.80803, -8.46749], [-35.79613, -8.46394], [-35.79422, -8.46303], [-35.78485, -8.46269], [-35.77434, -8.45237], [-35.76567, -8.45213], [-35.76336, -8.4398], [-35.74156, -8.43589], [-35.75686, -8.41225], [-35.75685, -8.40825], [-35.7513, -8.40239], [-35.75655, -8.37434], [-35.72311, -8.38623]]]]}},
{"type": "Feature", "id": "2602407", "properties": {"codigo_ibge": 2602407, "municipio": "Brejao", "regiao_saude": "Garanhuns", "macro_saude": "Agreste"}, "geometry": {"type": "MultiPolygon", "coordinates": [[[[-36.60016, -9.03296], [-36.59028, -9.02392], [-36.59394, -9.01995], [-36.58952, -9.01552], [-36.59245, -9.00921], [-36.58954, -9.0049], [-36.59405, -9.00055], [-36.59538, -8.99876], [-36.59047, -8.99509], [-36.5863, -8.99687], [-36.58031, -8.9938], [-36.58465, -8.99111], [-36.58366, -8.98667], [-36.56112, -8.98913], [-36.56987, -8.97702], [-36.55533, -8.96533], [-36.54935, -8.95311], [-36.53994, -8.95899], [-36.53123, -8.96583], [-36.50952, -8.95402], [-36.49752, -8.95783], [-36.4801, -8.96982], [-36.47998, -8.97283], [-36.47799, -9.08554], [-36.49024, -9.09056], [-36.52993, -9.10312], [-36.53269, -9.10097], [-36.5346, -9.0976], [-36.54512, -9.10042], [-36.54864, -9.09493], [-36.54246, -9.09168], [-36.54448, -9.07936], [-36.55749, -9.07244], [-36.56271, -9.07759], [-36.56697, -9.07678], [-36.55992, -9.06964], [-36.56877, -9.07024], [-36.56981, -9.06417], [-36.57841, -9.06411], [-36.57737, -9.05822], [-36.58115, -9.05788], [-36.58153, -9.05019], [-36.58546, -9.04926], [-36.58662, -9.04355], [-36.59651, -9.05083], [-36.5922, -9.04107], [-36.59569, -9.0385], [-36.60016, -9.03296]]]]}},
{"type": "Feature", "id": "2602506", "properties": {"codigo_ibge": 2602506, "municipio": "Brejinho", "regiao_saude": "Afogados da Ingazeira", "macro_saude": "Sertao Pernambucano"}, "geometry": {"type": "MultiPolygon", "coordinates": [[[[-37.31362, -7.28896], [-37.28799, -7.28788], [-37.2779, -7.27541], [-37.26043, -7.27479], [-37.26146, -7.30742], [-37.27279, -7.32641], [-37.27073, -7.3356], [-37.27811, -7.34673], [-37.27931, -7.35248], [-37.27973, -7.35801], [-37.28262, -7.3692], [-37.27003, -7.39306], [-37.28975, -7.39488], [-37.30685, -7.37576], [-37.31586, -7.36537], [-37.34575, -7.36932], [-37.34691, -7.36664], [-37.35194, -7.35377], [-37.3588, -7.36924], [-37.35675, -7.37666], [-37.36773, -7.37905], [-37.38225, -7.3726], [-37.41016, -7.3795], [-37.4266, -7.36629], [-37.43148, -7.35625], [-37.43179, -7.35635], [-37.42842, -7.35216], [-37.41513, -7.36131], [-37.4078, -7.3577], [-37.38537, -7.35629], [-37.34917, -7.33662], [-37.35614, -7.3217], [-37.3457, -7.30856], [-37.33131, -7.28931], [-37.31362, -7.28896]]]]}},
{"type": "Feature", "id": "2602605", "properties": {"codigo_ibge": 2602605, "municipio": "Brejo da Madre de Deus", "regiao_saude": "Caruaru", "macro_saude": "Agreste"}, "geometry": {"type": "MultiPolygon", "coordinates": [[[[-36.11148, -7.9963], [-36.12231, -8.00454], [-36.12615, -8.0039], [-36.13272, -8.01059], [-36.12871, -8.0155], [-36.14534, -8.02506], [-36.14666, -8.03139], [-36.15395, -8.03185], [-36.15947, -8.04901], [-36.1702, -8.04712], [-36.16523, -8.05358], [-36.16759, -8.05831], [-36.17687, -8.06018], [-36.17962, -8.06521], [-36.18035, -8.0707], [-36.17503, -8.08232], [-36.17266, -8.09453], [-36.16635, -8.10028], [-36.16602, -8.11326], [-36.16865, -8.12235], [-36.17611, -8.12779], [-36.17895, -8.14176], [-36.17128, -8.14721], [-36.16965, -8.15491], [-36.16479, -8.15963], [-36.15909, -8.1595], [-36.15752, -8.16333], [-36.15275, -8.16585], [-36.1488, -8.16407], [-36.14597, -8.1785], [-36.13869, -8.18808], [-36.13183, -8.1906], [-36.12234, -8.18692], [-36.12862, -8.196], [-36.14134, -8.19248], [-36.16203, -8.21611], [-36.19272, -8.23575], [-36.20684, -8.22514], [-36.22601, -8.21756], [-36.24454, -8.19952], [-36.24612, -8.18688], [-36.25019, -8.18691], [-36.24482, -8.17697], [-36.23899, -8.16831], [-36.26851, -8.16083], [-36.33084, -8.16399], [-36.33104, -8.16544], [-36.34121, -8.18994], [-36.35385, -8.21874], [-36.35822, -8.22169], [-36.36193, -8.22523], [-36.36579, -8.21649], [-36.36659, -8.20892], [-36.37512, -8.20455], [-36.44368, -8.14545], [-36.37993, -7.9763], [-36.44342, -7.91985], [-36.42285, -7.92154], [-36.40044, -7.93779], [-36.3868, -7.93897], [-36.37971, -7.93642], [-36.37241, -7.94479], [-36.37136, -7.95118], [-36.3599, -7.95272], [-36.35992, -7.94828], [-36.35073, -7.95514], [-36.35292, -7.96203], [-36.34256, -7.95908], [-36.32682, -7.96821], [-36.30993, -7.95853], [-36.29446, -7.94383], [-36.27081, -7.94732], [-36.26265, -7.95343], [-36.25375, -7.95318], [-36.227, -7.95457], [-36.21991, -7.95803], [-36.21735, -7.95833], [-36.20926, -7.96003], [-36.20619, -7.96394], [-36.19148, -7.95793], [-36.17728, -7.9681], [-36.16797, -7.96847], [-36.16442, -7.96552], [-36.16043, -7.9654], [-36.159, -7.97213], [-36.15071, -7.97302], [-36.14997, -7.96576], [-36.14546, -7.96304], [-36.1352, -7.96357], [-36.13137, -7.96969], [-36.12571, -7.96766], [-36.11781, -7.96948], [-36.11174, -7.96994], [-36.11055, -7.97718], [-36.10635, -7.97773], [-36.11114, -7.99544], [-36.11148, -7.9963]]]]}},
{"type": "Feature", "id": "2602704", "properties": {"codigo_ibge": 2602704, "municipio": "Buenos Aires", "regiao_saude": "Limoeiro", "macro_saude": "Metropolitana"}, "geometry": {"type": "MultiPolygon", "coordinates": [[[[-35.41251, -7.74007], [-35.41021, -7.73349], [-35.38442, -7.72332], [-35.36967, -7.69512], [-35.35586, -7.70909], [-35.33628, -7.70688], [-35.3217, -7.70252], [-35.29583, -7.71066], [-35.25921, -7.67523], [-35.29776, -7.75282], [-35.30393, -7.76582], [-35.31665, -7.77386], [-35.34327, -7.76965], [-35.35474, -7.77817], [-35.35786, -7.76957], [-35.36394, -7.76743], [-35.38302, -7.76174], [-35.38938, -7.76105], [-35.39637, -7.76728], [-35.40593, -7.77564], [-35.41596, -7.78867], [-35.43431, -7.7488], [-35.41251, -7.74007]]]]}},
{"type": "Feature", "id": "2602803", "properties": {"codigo_ibge": 2602803, "municipio": "Buique", "regiao_saude": "Arcoverde", "macro_saude": "Sertao Pernambucano"}, "geometry": {"type": "MultiPolygon", "coordinates": [[[[-37.22305, -8.40486], [-37.20842, -8.40702], [-37.20285, -8.41573], [-37.20242, -8.41655], [-37.18696, -8.42004], [-37.18433, -8.41624], [-37.17716, -8.41556], [-37.16415, -8.40973], [-37.15992, -8.40378], [-37.1487, -8.40304], [-37.13852, -8.42614], [-37.09123, -8.44219], [-37.00521, -8.5144], [-37.06764, -8.53358], [-37.04691, -8.54193], [-37.03299, -8.53846], [-37.02519, -8.54193], [-37.02159, -8.54442], [-37.00142, -8.54089], [-36.99561, -8.54483], [-36.99355, -8.55445], [-36.98826, -8.5569], [-36.97048, -8.71092], [-36.99279, -8.89618], [-37.00609, -8.90637], [-37.02486, -8.91247], [-37.02681, -8.91696], [-37.04662, -8.92058], [-37.05204, -8.92759], [-37.05249, -8.93422], [-37.06277, -8.93532], [-37.06893, -8.9427], [-37.07386, -8.94296], [-37.08762, -8.96408], [-37.099, -8.97061], [-37.10089, -8.95986], [-37.09288, -8.95407], [-37.08517, -8.93876], [-37.08752, -8.92882], [-37.08096, -8.91793], [-37.08323, -8.90021], [-37.08795, -8.89499], [-37.08302, -8.87875], [-37.0848, -8.87345], [-37.07892, -8.86947], [-37.0807, -8.86175], [-37.09755, -8.8383], [-37.09714, -8.83352], [-37.11066, -8.82668], [-37.11524, -8.82022], [-37.11496, -8.81071], [-37.12011, -8.81116], [-37.13261, -8.80685], [-37.13346, -8.80305], [-37.14159, -8.79965], [-37.15117, -8.78935], [-37.15342, -8.78235], [-37.15711, -8.7786], [-37.1534, -8.7678], [-37.16913, -8.76396], [-37.17439, -8.76553], [-37.17857, -8.75442], [-37.18784, -8.75213], [-37.19881, -8.74749], [-37.19976, -8.74502], [-37.21199, -8.7428], [-37.22125, -8.74604], [-37.22818, -8.743], [-37.24035, -8.75229], [-37.25069, -8.75019], [-37.25436, -8.75736], [-37.27382, -8.75484], [-37.27848, -8.74039], [-37.28592, -8.7324], [-37.2954, -8.71559], [-37.29529, -8.70708], [-37.29813, -8.69132], [-37.29103, -8.68543], [-37.30093, -8.64013], [-37.22305, -8.40486]]]]}},
{"type": "Feature", "id": "2602902", "properties": {"codigo_ibge": 2602902, "municipio": "Cabo de Santo Agostinho", "regiao_saude": "Recife", "macro_saude": "Metropolitana"}, "geometry": {"type": "MultiPolygon", "coordinates": [[[[-34.92451, -8.22419], [-34.92124, -8.22304], [-34.91968, -8.22673], [-34.93984, -8.25409], [-34.94386, -8.27943], [-34.94977, -8.28979], [-34.9502, -8.29687], [-34.93911, -8.30266], [-34.95111, -8.33716], [-34.94825, -8.3426], [-34.94196, -8.34308], [-34.94027, -8.35136], [-34.9463, -8.35864], [-34.95494, -8.35473], [-34.96092, -8.36563], [-34.96557, -8.36123], [-34.97543, -8.35952], [-34.97758, -8.35357], [-34.98592, -8.35279], [-34.9889, -8.35592], [-34.99231, -8.36137], [-35.01192, -8.35713], [-35.0157, -8.35982], [-35.02271, -8.36308], [-35.02837, -8.36098], [-35.04384, -8.34884], [-35.05076, -8.35168], [-35.06301, -8.34987], [-35.06974, -8.34744], [-35.0784, -8.33409], [-35.08414, -8.33078], [-35.09513, -8.33019], [-35.1003, -8.3262], [-35.1066, -8.32902], [-35.10791, -8.33364], [-35.13982, -8.30952], [-35.14863, -8.29909], [-35.14552, -8.28877], [-35.15106, -8.27938], [-35.19501, -8.29709], [-35.20102, -8.29354], [-35.204, -8.29564], [-35.20486, -8.29023], [-35.21015, -8.28712], [-35.2184, -8.29067], [-35.22858, -8.29424], [-35.23347, -8.2916], [-35.23772, -8.29186], [-35.23672, -8.28062], [-35.23839, -8.27152], [-35.24969, -8.27779], [-35.25235, -8.26357], [-35.25867, -8.26439], [-35.26456, -8.25526], [-35.2645, -8.24243], [-35.24821, -8.1855], [-35.24182, -8.19462], [-35.24075, -8.2124], [-35.22834, -8.20657], [-35.22498, -8.20148], [-35.22731, -8.19629], [-35.21866, -8.18716], [-35.21493, -8.18715], [-35.16178, -8.22436], [-35.16176, -8.2223], [-35.16431, -8.21692], [-35.15503, -8.2019], [-35.15047, -8.18591], [-35.14418, -8.18526], [-35.14047, -8.18837], [-35.13356, -8.18508], [-35.13049, -8.18797], [-35.12686, -8.18381], [-35.12264, -8.18642], [-35.11972, -8.18369], [-35.11476, -8.19123], [-35.10943, -8.18939], [-35.10812, -8.19172], [-35.07767, -8.21876], [-35.0749, -8.21652], [-35.07201, -8.22158], [-35.06598, -8.22089], [-35.06435, -8.22159], [-35.06226, -8.22124], [-35.00608, -8.20711], [-35.00446, -8.20896], [-34.99479, -8.22405], [-34.99162, -8.22517], [-34.98626, -8.21839], [-34.98559, -8.22461], [-34.98285, -8.22577], [-34.984, -8.22924], [-34.97702, -8.23135], [-34.97032, -8.22472], [-34.97079, -8.21651], [-34.96618, -8.21449], [-34.9624, -8.21505], [-34.95532, -8.22559], [-34.95667, -8.23081], [-34.94404, -8.24188], [-34.93701, -8.23991], [-34.93096, -8.22864], [-34.92451, -8.22419]]]]}},
{"type": "Feature", "id": "2603009", "properties": {"codigo_ibge": 2603009, "municipio": "Cabrobo", "regiao_saude": "Petrolina", "macro_saude": "Vale S.Francisco/Araripe"}, "geometry": {"type": "MultiPolygon", "coordinates": [[[[-39.31732, -8.18212], [-39.31564, -8.18535], [-39.30145, -8.22692], [-39.28408, -8.22134], [-39.26031, -8.21897], [-39.24914, -8.21339], [-39.20838, -8.2268], [-39.04617, -8.37925], [-39.04684, -8.37951], [-39.05148, -8.38444], [-39.06628, -8.38531], [-39.06723, -8.38994], [-39.06264, -8.39655], [-39.06669, -8.40474], [-39.06264, -8.40988], [-39.06891, -8.41511], [-39.08209, -8.41337], [-39.08911, -8.4221], [-39.08968, -8.42956], [-39.08282, -8.43319], [-39.08364, -8.44205], [-39.08816, -8.44251], [-39.08804, -8.4488], [-39.09529, -8.4478], [-39.10147, -8.45151], [-39.10513, -8.45735], [-39.10057, -8.46014], [-39.10161, -8.46262], [-39.10534, -8.46561], [-39.11273, -8.4652], [-39.11587, -8.4686], [-39.11038, -8.47928], [-39.12276, -8.47885], [-39.12953, -8.48687], [-39.12477, -8.49603], [-39.13445, -8.50313], [-39.13433, -8.50731], [-39.14499, -8.50994], [-39.14808, -8.51586], [-39.15206, -8.51081], [-39.15185, -8.50358], [-39.16013, -8.50355], [-39.16619, -8.4978], [-39.1756, -8.50397], [-39.17327, -8.51374], [-39.18341, -8.51028], [-39.19205, -8.51539], [-39.20034, -8.511], [-39.21424, -8.52176], [-39.20909, -8.52727], [-39.21085, -8.53205], [-39.21953, -8.53198], [-39.22935, -8.54242], [-39.23531, -8.53603], [-39.24058, -8.53997], [-39.26244, -8.574], [-39.26457, -8.57699], [-39.2662, -8.579], [-39.2738, -8.58448], [-39.27481, -8.57641], [-39.28607, -8.56334], [-39.29286, -8.56022], [-39.33558, -8.55837], [-39.3433, -8.55813], [-39.35701, -8.54663], [-39.36272, -8.53922], [-39.3641, -8.53744], [-39.36964, -8.53562], [-39.37944, -8.53241], [-39.40793, -8.53823], [-39.41569, -8.54171], [-39.42749, -8.55824], [-39.43513, -8.56289], [-39.45176, -8.56279], [-39.46256, -8.58297], [-39.47575, -8.59238], [-39.47683, -8.5818], [-39.47693, -8.57899], [-39.47694, -8.55922], [-39.47673, -8.53368], [-39.49567, -8.52444], [-39.49686, -8.52399], [-39.50135, -8.51792], [-39.51367, -8.51369], [-39.52664, -8.49766], [-39.53796, -8.47398], [-39.54452, -8.47277], [-39.5491, -8.46579], [-39.54691, -8.45574], [-39.55088, -8.44415], [-39.55348, -8.43855], [-39.56094, -8.4347], [-39.55936, -8.42592], [-39.56513, -8.41406], [-39.56274, -8.40291], [-39.55493, -8.39999], [-39.55504, -8.39062], [-39.5586, -8.38602], [-39.55286, -8.36887], [-39.55614, -8.36269], [-39.54293, -8.34956], [-39.54025, -8.33676], [-39.56897, -8.24895], [-39.55322, -8.24432], [-39.54363, -8.24512], [-39.53963, -8.23806], [-39.52452, -8.24195], [-39.51626, -8.2385], [-39.50895, -8.23987], [-39.49759, -8.24768], [-39.48623, -8.2451], [-39.4684, -8.23623], [-39.4638, -8.23776], [-39.45921, -8.24226], [-39.45302, -8.2416], [-39.44638, -8.24573], [-39.43006, -8.24273], [-39.4249, -8.24538], [-39.42012, -8.24085], [-39.41105, -8.24054], [-39.40765, -8.24627], [-39.39395, -8.24756], [-39.39133, -8.25262], [-39.38524, -8.25301], [-39.37869, -8.25915], [-39.37716, -8.25433], [-39.36927, -8.24878], [-39.37882, -8.2431], [-39.37728, -8.23763], [-39.37314, -8.23007], [-39.37228, -8.22477], [-39.3713, -8.22143], [-39.37727, -8.21765], [-39.37149, -8.21461], [-39.36588, -8.20285], [-39.35616, -8.19635], [-39.35366, -8.20334], [-39.34996, -8.20364], [-39.34861, -8.19872], [-39.3413, -8.19888], [-39.33611, -8.19427], [-39.33681, -8.18445], [-39.3297, -8.18673], [-39.31732, -8.18212]]]]}},
{"type": "Feature", "id": "2603108", "properties": {"codigo_ibge": 2603108, "municipio": "Cachoeirinha", "regiao_saude": "Caruaru", "macro_saude": "Agreste"}, "geometry": {"type": "MultiPolygon", "coordinates": [[[[-36.22383, -8.45349], [-36.21724, -8.48755], [-36.24289, -8.51801], [-36.26676, -8.56199], [-36.27346, -8.56194], [-36.27452, -8.56167], [-36.27998, -8.56641], [-36.33156, -8.61432], [-36.33266, -8.60634], [-36.32561, -8.59289], [-36.32826, -8.58801], [-36.32744, -8.57059], [-36.32372, -8.5677], [-36.32578, -8.56336], [-36.30835, -8.53333], [-36.30711, -8.52933], [-36.3191, -8.49143], [-36.3236, -8.48146], [-36.32906, -8.47157], [-36.35534, -8.42526], [-36.36081, -8.38878], [-36.33232, -8.38128], [-36.33604, -8.3945], [-36.22383, -8.45349]]]]}},
{"type": "Feature", "id": "2603207", "properties": {"codigo_ibge": 2603207, "municipio": "Caetes", "regiao_saude": "Garanhuns", "macro_saude": "Agreste"}, "geometry": {"type": "MultiPolygon", "coordinates": [[[[-36.61196, -8.90587], [-36.63359, -8.8828], [-36.65057, -8.86612], [-36.66556, -8.86826], [-36.67123, -8.85433], [-36.66528, -8.83908], [-36.6671, -8.8321], [-36.70754, -8.83222], [-36.76486, -8.83367], [-36.78735, -8.83476], [-36.81807, -8.83656], [-36.81998, -8.80188], [-36.8122, -8.80008], [-36.79858, -8.78859], [-36.79358, -8.76708], [-36.77904, -8.76635], [-36.77581, -8.7587], [-36.76856, -8.75602], [-36.76588, -8.7494], [-36.76915, -8.74357], [-36.77037, -8.73967], [-36.78177, -8.73251], [-36.70189, -8.72344], [-36.62794, -8.75568], [-36.62115, -8.76884], [-36.61898, -8.771], [-36.61883, -8.77104], [-36.6014, -8.76963], [-36.5811, -8.77129], [-36.57292, -8.76215], [-36.56225, -8.76062], [-36.55386, -8.7572], [-36.54164, -8.77538], [-36.5384, -8.77846], [-36.53977, -8.78346], [-36.54176, -8.78432], [-36.56257, -8.80626], [-36.57037, -8.8137], [-36.57404, -8.82196], [-36.58384, -8.82804], [-36.56711, -8.84461], [-36.54407, -8.88085], [-36.55095, -8.88685], [-36.56467, -8.88981], [-36.57395, -8.88777], [-36.60722, -8.89212], [-36.60873, -8.89563], [-36.61312, -8.89509], [-36.61196, -8.90587]]]]}},
{"type": "Feature", "id": "2603306", "properties": {"codigo_ibge": 2603306, "municipio": "Calcado", "regiao_saude": "Garanhuns", "macro_saude": "Agreste"}, "geometry": {"type": "MultiPolygon", "coordinates": [[[[-36.38213, -8.63479], [-36.2491, -8.78644], [-36.29918, -8.83299], [-36.29958, -8.83103], [-36.30624, -8.79843], [-36.37136, -8.74353], [-36.38213, -8.63479]]]]}},
{"type": "Feature", "id": "2603405", "properties": {"codigo_ibge": 2603405, "municipio": "Calumbi", "regiao_saude": "Serra Talhada", "macro_saude": "Sertao Pernambucano"}, "geometry": {"type": "MultiPolygon", "coordinates": [[[[-38.02785, -8.13315], [-38.06324, -8.09252], [-38.09748, -8.05274], [-38.14184, -7.95979], [-38.14894, -7.94516], [-38.15223, -7.94285], [-38.15752, -7.93589], [-38.16368, -7.93388], [-38.16748, -7.92713], [-38.16311, -7.90497], [-38.15956, -7.90497], [-38.12909, -7.90411], [-38.11955, -7.90815], [-38.09356, -7.92194], [-38.09207, -7.92215], [-38.08611, -7.92419], [-38.087, -7.93279], [-38.08252, -7.93662], [-38.07164, -7.9274], [-38.06968, -7.9192], [-38.05868, -7.92315], [-38.05208, -7.92126], [-38.04842, -7.92966], [-38.03537, -7.96295], [-38.06543, -8.00045], [-38.05986, -8.00129], [-38.05351, -8.00438], [-38.04661, -8.01832], [-38.017, -8.02855], [-38.01698, -8.02867], [-38.00473, -8.05172], [-37.98387, -8.06041], [-37.96991, -8.07649], [-37.93908, -8.06827], [-37.94132, -8.07732], [-37.95818, -8.08032], [-37.97308, -8.07966], [-37.98468, -8.08559], [-38.01065, -8.11457], [-38.02425, -8.12139], [-38.02785, -8.13315]]]]}},
{"type": "Feature", "id": "2603454", "properties": {"codigo_ibge": 2603454, "municipio": "Camaragibe", "regiao_saude": "Recife", "macro_saude": "Metropolitana"}, "geometry": {"type": "MultiPolygon", "coordinates": [[[[-35.03157, -7.92661], [-35.02491, -7.92528], [-35.02442, -7.9191], [-35.02033, -7.91561], [-34.99485, -7.91885], [-34.99991, -7.92968], [-35.00797, -7.94512], [-34.99969, -7.94835], [-35.00294, -7.95944], [-35.00014, -7.96366], [-34.99245, -7.96248], [-34.98039, -7.97043], [-34.97527, -7.96971], [-34.96333, -7.97557], [-34.96114, -8.01287], [-34.94933, -8.02161], [-34.96778, -8.0197], [-34.97311, -8.02517], [-34.981, -8.02627], [-34.98219, -8.03503], [-34.98708, -8.03686], [-34.99239, -8.03146], [-34.99734, -8.03593], [-34.99532, -8.03886], [-35.00154, -8.0352], [-35.01064, -8.03808], [-35.01265, -8.03577], [-35.01653, -8.02186], [-35.00441, -8.01517], [-35.01155, -8.01167], [-35.01498, -7.99184], [-35.008, -7.97173], [-35.0135, -7.96889], [-35.01711, -7.95922], [-35.02827, -7.95786], [-35.03511, -7.94115], [-35.02694, -7.93385], [-35.03157, -7.92661]]]]}},
{"type": "Feature", "id": "2603504", "properties": {"codigo_ibge": 2603504, "municipio": "Camocim de Sao Felix", "regiao_saude": "Caruaru", "macro_saude": "Agreste"}, "geometry": {"type": "MultiPolygon", "coordinates": [[[[-35.79997, -8.36898], [-35.79866, -8.36366], [-35.80283, -8.35711], [-35.80115, -8.35492], [-35.80536, -8.35272], [-35.80077, -8.34062], [-35.79221, -8.32862], [-35.7838, -8.32622], [-35.76899, -8.31322], [-35.77524, -8.30724], [-35.7766, -8.29786], [-35.75795, -8.28986], [-35.73475, -8.30565], [-35.72932, -8.31452], [-35.73492, -8.32315], [-35.73363, -8.33248], [-35.7388, -8.34045], [-35.731, -8.36237], [-35.7331, -8.36657], [-35.73257, -8.36991], [-35.72212, -8.37686], [-35.72311, -8.38623], [-35.75655, -8.37434], [-35.76743, -8.37382], [-35.76693, -8.3665], [-35.79997, -8.36898]]]]}},
{"type": "Feature", "id": "2603603", "properties": {"codigo_ibge": 2603603, "municipio": "Camutanga", "regiao_saude": "Goiana", "macro_saude": "Metropolitana"}, "geometry": {"type": "MultiPolygon", "coordinates": [[[[-35.33394, -7.41446], [-35.32009, -7.41918], [-35.31276, -7.41664], [-35.31043, -7.41225], [-35.28104, -7.40405], [-35.26682, -7.40908], [-35.24567, -7.42374], [-35.24116, -7.4318], [-35.23682, -7.44019], [-35.25925, -7.42056], [-35.31416, -7.47548], [-35.31949, -7.45659], [-35.32851, -7.45429], [-35.33748, -7.43734], [-35.33358, -7.4351], [-35.33382, -7.43031], [-35.34188, -7.42205], [-35.33319, -7.42235], [-35.33394, -7.41446]]]]}},
{"type": "Feature", "id": "2603702", "properties": {"codigo_ibge": 2603702, "municipio": "Canhotinho", "regiao_saude": "Garanhuns", "macro_saude": "Agreste"}, "geometry": {"type": "MultiPolygon", "coordinates": [[[[-36.18656, -8.71151], [-36.18428, -8.71139], [-36.21636, -8.79293], [-36.18734, -8.78684], [-36.18556, -8.7814], [-36.17875, -8.7818], [-36.16912, -8.79348], [-36.16246, -8.79387], [-36.15808, -8.79742], [-36.15693, -8.80472], [-36.1488, -8.80404], [-36.15044, -8.80734], [-36.14685, -8.81015], [-36.15188, -8.81799], [-36.14933, -8.82565], [-36.14103, -8.82514], [-36.13589, -8.83362], [-36.12065, -8.83638], [-36.12088, -8.83682], [-36.12516, -8.84193], [-36.06078, -8.89466], [-36.03292, -8.908], [-36.06361, -8.91492], [-36.08608, -8.94365], [-36.12695, -8.95569], [-36.12926, -8.97091], [-36.12648, -8.98086], [-36.11186, -8.98737], [-36.104, -8.99851], [-36.10914, -9.008], [-36.11345, -9.00879], [-36.11218, -9.01775], [-36.12991, -9.0265], [-36.15517, -9.03244], [-36.15992, -9.02771], [-36.16948, -9.0294], [-36.17377, -9.02082], [-36.17896, -9.024], [-36.18191, -9.02067], [-36.18657, -9.02678], [-36.18983, -9.02165], [-36.19452, -9.02278], [-36.19479, -9.01854], [-36.1971, -9.02141], [-36.21783, -9.02269], [-36.21915, -9.00311], [-36.24372, -8.99984], [-36.24607, -8.99518], [-36.23308, -8.93296], [-36.21568, -8.88372], [-36.21848, -8.88177], [-36.21888, -8.88156], [-36.22437, -8.87464], [-36.21864, -8.87537], [-36.21676, -8.86843], [-36.22701, -8.86664], [-36.23642, -8.86924], [-36.24242, -8.86176], [-36.24235, -8.85565], [-36.24735, -8.85372], [-36.24879, -8.85787], [-36.26422, -8.85619], [-36.26059, -8.84688], [-36.26719, -8.83918], [-36.26756, -8.83916], [-36.27909, -8.84346], [-36.28563, -8.84057], [-36.28928, -8.8429], [-36.29918, -8.83299], [-36.2491, -8.78644], [-36.24872, -8.7861], [-36.21831, -8.71343], [-36.19448, -8.71199], [-36.18656, -8.71151]]]]}},
{"type": "Feature", "id": "2603801", "properties": {"codigo_ibge": 2603801, "municipio": "Capoeiras", "regiao_saude": "Garanhuns", "macro_saude": "Agreste"}, "geometry": {"type": "MultiPolygon", "coordinates": [[[[-36.68968, -8.66977], [-36.67999, -8.66714], [-36.67593, -8.6603], [-36.67812, -8.64735], [-36.6865, -8.62933], [-36.67566, -8.61353], [-36.66765, -8.60959], [-36.66122, -8.59383], [-36.63484, -8.5744], [-36.61359, -8.55724], [-36.61614, -8.56957], [-36.61139, -8.57964], [-36.60307, -8.59389], [-36.60913, -8.60586], [-36.59145, -8.60129], [-36.58634, -8.60053], [-36.57664, -8.61635], [-36.57093, -8.61596], [-36.5696, -8.61233], [-36.56785, -8.61858], [-36.57335, -8.62434], [-36.5681, -8.62473], [-36.56734, -8.63652], [-36.56153, -8.64173], [-36.56007, -8.64082], [-36.55633, -8.63318], [-36.54676, -8.62706], [-36.54216, -8.62232], [-36.53401, -8.6562], [-36.49787, -8.68024], [-36.48688, -8.70347], [-36.49186, -8.70558], [-36.50793, -8.70756], [-36.49793, -8.71654], [-36.51349, -8.73073], [-36.51455, -8.73325], [-36.50661, -8.74371], [-36.51194, -8.75798], [-36.51682, -8.76132], [-36.51529, -8.77055], [-36.50359, -8.78092], [-36.4999, -8.7801], [-36.48669, -8.79527], [-36.48688, -8.79541], [-36.49866, -8.79535], [-36.50242, -8.78876], [-36.50622, -8.79065], [-36.5176, -8.78522], [-36.52831, -8.7831], [-36.53127, -8.78769], [-36.53977, -8.78346], [-36.5384, -8.77846], [-36.54164, -8.77538], [-36.55386, -8.7572], [-36.56225, -8.76062], [-36.57292, -8.76215], [-36.5811, -8.77129], [-36.6014, -8.76963], [-36.61883, -8.77104], [-36.61898, -8.771], [-36.62115, -8.76884], [-36.62794, -8.75568], [-36.70189, -8.72344], [-36.68968, -8.66977]]]]}},
{"type": "Feature", "id": "2603900", "properties": {"codigo_ibge": 2603900, "municipio": "Carnaiba", "regiao_saude": "Afogados da Ingazeira", "macro_saude": "Sertao Pernambucano"}, "geometry": {"type": "MultiPolygon", "coordinates": [[[[-37.7669, -7.65707], [-37.76424, -7.63097], [-37.75803, -7.63348], [-37.7555, -7.61911], [-37.74536, -7.60892], [-37.72306, -7.61578], [-37.70732, -7.61277], [-37.70449, -7.61652], [-37.69679, -7.62666], [-37.67981, -7.64498], [-37.67925, -7.6512], [-37.68566, -7.65952], [-37.68833, -7.66754], [-37.68486, -7.67385], [-37.68871, -7.68366], [-37.69059, -7.69156], [-37.69023, -7.70772], [-37.69662, -7.71768], [-37.69259, -7.72387], [-37.69237, -7.73993], [-37.68693, -7.74283], [-37.68754, -7.74981], [-37.6832, -7.75147], [-37.68241, -7.76063], [-37.6984, -7.76351], [-37.7007, -7.76767], [-37.70832, -7.77012], [-37.70563, -7.77112], [-37.70469, -7.77871], [-37.68921, -7.79203], [-37.68676, -7.80076], [-37.68232, -7.8021], [-37.68718, -7.81193], [-37.69248, -7.81253], [-37.67794, -7.81962], [-37.66456, -7.83169], [-37.61691, -7.89417], [-37.61618, -7.89548], [-37.63021, -7.90015], [-37.64128, -7.92394], [-37.65234, -7.9302], [-37.65103, -7.93568], [-37.65231, -7.94127], [-37.65929, -7.94003], [-37.66338, -7.95261], [-37.67303, -7.95508], [-37.66991, -7.9681], [-37.68169, -7.97053], [-37.68076, -7.97935], [-37.69117, -7.98345], [-37.74549, -7.87148], [-37.83043, -7.82198], [-37.83101, -7.82205], [-37.83918, -7.82163], [-37.83771, -7.81823], [-37.83755, -7.81102], [-37.84667, -7.80261], [-37.79844, -7.75471], [-37.79184, -7.72692], [-37.78231, -7.68348], [-37.75691, -7.68888], [-37.76874, -7.67521], [-37.7669, -7.65707]]]]}},
{"type": "Feature", "id": "2603926", "properties": {"codigo_ibge": 2603926, "municipio": "Carnaubeira da Penha", "regiao_saude": "Serra Talhada", "macro_saude": "Sertao Pernambucano"}, "geometry": {"type": "MultiPolygon", "coordinates": [[[[-38.81424, -8.22546], [-38.8102, -8.22363], [-38.73941, -8.24431], [-38.71962, -8.25762], [-38.7009, -8.2623], [-38.69733, -8.26769], [-38.67987, -8.2757], [-38.67724, -8.28007], [-38.65256, -8.28859], [-38.64327, -8.30288], [-38.62821, -8.31042], [-38.61922, -8.30814], [-38.61367, -8.30999], [-38.60669, -8.30475], [-38.5874, -8.30339], [-38.57697, -8.29665], [-38.57075, -8.29895], [-38.5491, -8.28791], [-38.62866, -8.62067], [-38.62889, -8.62061], [-38.63005, -8.61657], [-38.63647, -8.61398], [-38.65106, -8.61315], [-38.64998, -8.60855], [-38.65592, -8.60662], [-38.65083, -8.60162], [-38.65249, -8.59913], [-38.66225, -8.60193], [-38.66778, -8.59498], [-38.70602, -8.58694], [-38.74363, -8.57395], [-38.75674, -8.57472], [-38.76671, -8.56938], [-38.76513, -8.56485], [-38.77182, -8.55559], [-38.77585, -8.55392], [-38.77356, -8.54828], [-38.77652, -8.53587], [-38.7822, -8.52928], [-38.79118, -8.52588], [-38.79493, -8.52019], [-38.79855, -8.51363], [-38.80593, -8.51248], [-38.81726, -8.50497], [-38.83369, -8.50731], [-38.83096, -8.49702], [-38.82894, -8.49424], [-38.83176, -8.49267], [-38.83195, -8.47673], [-38.83605, -8.47647], [-38.83755, -8.4802], [-38.84903, -8.4672], [-38.84296, -8.44522], [-38.84011, -8.44028], [-38.8461, -8.43466], [-38.84628, -8.43369], [-38.85895, -8.41433], [-38.86985, -8.40841], [-38.86846, -8.40142], [-38.87467, -8.39531], [-38.87273, -8.38952], [-38.87587, -8.37888], [-38.88681, -8.36506], [-38.88823, -8.34716], [-38.91082, -8.33004], [-38.89288, -8.3135], [-38.8607, -8.29177], [-38.85759, -8.28626], [-38.85056, -8.28575], [-38.84, -8.27544], [-38.83657, -8.2683], [-38.81063, -8.23384], [-38.81424, -8.22546]]]]}},
{"type": "Feature", "id": "2604007", "properties": {"codigo_ibge": 2604007, "municipio": "Carpina", "regiao_saude": "Limoeiro", "macro_saude": "Metropolitana"}, "geometry": {"type": "MultiPolygon", "coordinates": [[[[-35.30393, -7.76582], [-35.24705, -7.80768], [-35.22582, -7.8209], [-35.22113, -7.89015], [-35.24108, -7.88788], [-35.24139, -7.88696], [-35.24291, -7.88635], [-35.26785, -7.89207], [-35.27277, -7.88994], [-35.28003, -7.88023], [-35.28519, -7.87382], [-35.28912, -7.87397], [-35.28344, -7.85311], [-35.28575, -7.84237], [-35.28208, -7.83966], [-35.29515, -7.82008], [-35.30125, -7.82681], [-35.31784, -7.83028], [-35.31952, -7.82446], [-35.32821, -7.8239], [-35.33716, -7.8212], [-35.34469, -7.8249], [-35.34965, -7.82925], [-35.35678, -7.82854], [-35.37594, -7.81798], [-35.38463, -7.81924], [-35.39549, -7.82703], [-35.40358, -7.82407], [-35.40531, -7.82463], [-35.40593, -7.77564], [-35.39637, -7.76728], [-35.38938, -7.76105], [-35.38302, -7.76174], [-35.36394, -7.76743], [-35.35786, -7.76957], [-35.35474, -7.77817], [-35.34327, -7.76965], [-35.31665, -7.77386], [-35.30393, -7.76582]]]]}},
{"type": "Feature", "id": "2604106", "properties": {"codigo_ibge": 2604106, "municipio": "Caruaru", "regiao_saude": "Caruaru", "macro_saude": "Agreste"}, "geometry": {"type": "MultiPolygon", "coordinates": [[[[-36.11148, -7.9963], [-36.10881, -8.00392], [-36.09731, -8.00426], [-36.10044, -8.01221], [-36.08943, -8.01556], [-36.08179, -8.0218], [-36.07687, -8.01696], [-36.05682, -8.01118], [-36.04254, -8.0058], [-36.03528, -8.00634], [-36.01093, -8.00361], [-36.00846, -7.9936], [-36.01147, -7.98715], [-36.01069, -7.97936], [-36.00668, -7.97642], [-35.99681, -7.9792], [-35.99261, -7.9813], [-35.95785, -7.98965], [-35.95515, -7.99044], [-35.94136, -7.99571], [-35.93423, -7.99364], [-35.93001, -7.99328], [-35.91532, -8.00428], [-35.95846, -8.09142], [-35.97404, -8.12265], [-35.98423, -8.14511], [-35.97626, -8.16539], [-35.96391, -8.17449], [-35.92221, -8.20286], [-35.9203, -8.1999], [-35.91604, -8.187], [-35.87962, -8.20588], [-35.85704, -8.25841], [-35.853, -8.27001], [-35.8518, -8.27364], [-35.86263, -8.28544], [-35.85844, -8.28748], [-35.85634, -8.29445], [-35.85253, -8.29867], [-35.8532, -8.30296], [-35.86739, -8.31708], [-35.87001, -8.3196], [-35.87857, -8.3301], [-35.88989, -8.35068], [-35.91772, -8.35929], [-35.92068, -8.36549], [-35.93929, -8.36958], [-35.94441, -8.36774], [-35.9444, -8.35773], [-35.94955, -8.35762], [-35.96746, -8.3579], [-35.97147, -8.35869], [-35.96814, -8.37698], [-35.98108, -8.38539], [-35.98137, -8.38554], [-35.99306, -8.39837], [-35.99426, -8.39291], [-35.99273, -8.37342], [-36.00133, -8.36714], [-36.00859, -8.36134], [-36.02472, -8.36831], [-36.02494, -8.36828], [-36.05293, -8.37613], [-36.06284, -8.38333], [-36.06227, -8.376], [-36.0648, -8.32882], [-36.07283, -8.25435], [-36.07433, -8.23595], [-36.08104, -8.23314], [-36.08214, -8.22774], [-36.12234, -8.18692], [-36.13183, -8.1906], [-36.13869, -8.18808], [-36.14597, -8.1785], [-36.1488, -8.16407], [-36.15275, -8.16585], [-36.15752, -8.16333], [-36.15909, -8.1595], [-36.16479, -8.15963], [-36.16965, -8.15491], [-36.17128, -8.14721], [-36.17895, -8.14176], [-36.17611, -8.12779], [-36.16865, -8.12235], [-36.16602, -8.11326], [-36.16635, -8.10028], [-36.17266, -8.09453], [-36.17503, -8.08232], [-36.18035, -8.0707], [-36.17962, -8.06521], [-36.17687, -8.06018], [-36.16759, -8.05831], [-36.16523, -8.05358], [-36.1702, -8.04712], [-36.15947, -8.04901], [-36.15395, -8.03185], [-36.14666, -8.03139], [-36.14534, -8.02506], [-36.12871, -8.0155], [-36.13272, -8.01059], [-36.12615, -8.0039], [-36.12231, -8.00454], [-36.11148, -7.9963]]]]}},
{"type": "Feature", "id": "2604155", "properties": {"codigo_ibge": 2604155, "municipio": "Casinhas", "regiao_saude": "Limoeiro", "macro_saude": "Metropolitana"}, "geometry": {"type": "MultiPolygon", "coordinates": [[[[-35.7896, -7.74003], [-35.78025, -7.73794], [-35.76452, -7.72449], [-35.76167, -7.72422], [-35.75148, -7.72325], [-35.74712, -7.72106], [-35.74589, -7.72044], [-35.74278, -7.71336], [-35.73622, -7.70919], [-35.71711, -7.70733], [-35.71329, -7.70696], [-35.71238, -7.70528], [-35.70786, -7.69694], [-35.69975, -7.69145], [-35.69503, -7.69356], [-35.69339, -7.69937], [-35.68066, -7.69965], [-35.67995, -7.70198], [-35.68117, -7.70995], [-35.67712, -7.7124], [-35.67421, -7.72154], [-35.66582, -7.73664], [-35.65169, -7.74619], [-35.65025, -7.75249], [-35.63932, -7.75742], [-35.64367, -7.7593], [-35.66383, -7.75471], [-35.66982, -7.75597], [-35.67176, -7.76003], [-35.6707, -7.77536], [-35.70662, -7.78542], [-35.71038, -7.79351], [-35.71217, -7.81596], [-35.7084, -7.81744], [-35.70765, -7.83099], [-35.71677, -7.82584], [-35.72132, -7.83117], [-35.734, -7.81549], [-35.73818, -7.81646], [-35.73891, -7.82283], [-35.74209, -7.82451], [-35.74213, -7.82442], [-35.74268, -7.81953], [-35.752, -7.80884], [-35.75285, -7.80407], [-35.76423, -7.8058], [-35.76725, -7.80297], [-35.76824, -7.8022], [-35.7896, -7.74003]]]]}},
{"type": "Feature", "id": "2604205", "properties": {"codigo_ibge": 2604205, "municipio": "Catende", "regiao_saude": "Palmares", "macro_saude": "Metropolitana"}, "geometry": {"type": "MultiPolygon", "coordinates": [[[[-35.79983, -8.59443], [-35.79268, -8.59862], [-35.78567, -8.59732], [-35.77998, -8.58946], [-35.7746, -8.59894], [-35.76054, -8.5926], [-35.75442, -8.58189], [-35.74714, -8.58588], [-35.7446, -8.58923], [-35.72992, -8.59296], [-35.72068, -8.58708], [-35.72472, -8.57926], [-35.71343, -8.57992], [-35.69916, -8.59883], [-35.69323, -8.59706], [-35.66917, -8.59768], [-35.6746, -8.60362], [-35.68661, -8.62466], [-35.69529, -8.63228], [-35.66831, -8.66862], [-35.70734, -8.72978], [-35.66563, -8.72829], [-35.64224, -8.72923], [-35.66547, -8.74143], [-35.72054, -8.80056], [-35.7239, -8.75903], [-35.74155, -8.74987], [-35.76135, -8.75938], [-35.77655, -8.76762], [-35.76749, -8.75871], [-35.76788, -8.74922], [-35.76281, -8.73977], [-35.74911, -8.72948], [-35.75098, -8.72274], [-35.74995, -8.71908], [-35.74358, -8.71823], [-35.74811, -8.70249], [-35.75485, -8.70078], [-35.7636, -8.70557], [-35.77119, -8.70325], [-35.7785, -8.71084], [-35.78894, -8.70748], [-35.78813, -8.70288], [-35.7935, -8.69676], [-35.80207, -8.70156], [-35.80516, -8.69725], [-35.81012, -8.69844], [-35.81531, -8.70618], [-35.8165, -8.69375], [-35.81148, -8.68927], [-35.80999, -8.67257], [-35.80349, -8.67175], [-35.79859, -8.66633], [-35.79089, -8.66774], [-35.78775, -8.67363], [-35.78079, -8.67308], [-35.77869, -8.67641], [-35.77127, -8.67403], [-35.75917, -8.67294], [-35.79983, -8.59443]]]]}},
{"type": "Feature", "id": "2604304", "properties": {"codigo_ibge": 2604304, "municipio": "Cedro", "regiao_saude": "Salgueiro", "macro_saude": "Vale S.Francisco/Araripe"}, "geometry": {"type": "MultiPolygon", "coordinates": [[[[-39.24986, -7.69794], [-39.25221, -7.70452], [-39.24401, -7.70493], [-39.23439, -7.69639], [-39.22239, -7.6964], [-39.20798, -7.68907], [-39.189, -7.69971], [-39.17065, -7.71483], [-39.1462, -7.71786], [-39.13529, -7.72297], [-39.1235, -7.74284], [-39.106, -7.75982], [-39.10227, -7.77063], [-39.11551, -7.77621], [-39.26925, -7.78887], [-39.2743, -7.78571], [-39.27064, -7.77074], [-39.27726, -7.76123], [-39.28273, -7.75124], [-39.2776, -7.74495], [-39.27834, -7.73253], [-39.27313, -7.72985], [-39.26508, -7.72373], [-39.25817, -7.70259], [-39.24986, -7.69794]]]]}},
{"type": "Feature", "id": "2604403", "properties": {"codigo_ibge": 2604403, "municipio": "Cha de Alegria", "regiao_saude": "Recife", "macro_saude": "Metropolitana"}, "geometry": {"type": "MultiPolygon", "coordinates": [[[[-35.22979, -7.95576], [-35.20563, -7.96543], [-35.18011, -7.97734], [-35.17342, -7.97116], [-35.16618, -7.97772], [-35.16457, -7.9817], [-35.16848, -7.98145], [-35.16936, -7.98743], [-35.17775, -7.99456], [-35.18507, -7.99084], [-35.18698, -7.99252], [-35.19334, -7.99443], [-35.20145, -8.00252], [-35.20422, -8.01118], [-35.22363, -8.02014], [-35.22528, -8.02739], [-35.23096, -8.03179], [-35.23109, -8.03745], [-35.24944, -8.0524], [-35.26039, -8.05741], [-35.25863, -8.02676], [-35.25343, -8.01622], [-35.24461, -8.01178], [-35.255, -7.99772], [-35.24748, -7.98802], [-35.23763, -7.97622], [-35.22979, -7.95576]]]]}},
{"type": "Feature", "id": "2604502", "properties": {"codigo_ibge": 2604502, "municipio": "Cha Grande", "regiao_saude": "Recife", "macro_saude": "Metropolitana"}, "geometry": {"type": "MultiPolygon", "coordinates": [[[[-35.49204, -8.3011], [-35.51016, -8.22116], [-35.49745, -8.20485], [-35.49053, -8.20552], [-35.48335, -8.20241], [-35.48279, -8.1972], [-35.49161, -8.18793], [-35.49159, -8.18333], [-35.47062, -8.17293], [-35.45559, -8.17315], [-35.44867, -8.16945], [-35.42976, -8.16434], [-35.43139, -8.18184], [-35.44186, -8.18884], [-35.45599, -8.19513], [-35.42907, -8.21745], [-35.44204, -8.23483], [-35.44352, -8.24155], [-35.43827, -8.24814], [-35.43906, -8.25222], [-35.44688, -8.25068], [-35.45433, -8.25358], [-35.46036, -8.26526], [-35.46618, -8.26071], [-35.47033, -8.26941], [-35.47969, -8.27481], [-35.48517, -8.27936], [-35.49204, -8.3011]]]]}},
{"type": "Feature", "id": "2604601", "properties": {"codigo_ibge": 2604601, "municipio": "Condado", "regiao_saude": "Goiana", "macro_saude": "Metropolitana"}, "geometry": {"type": "MultiPolygon", "coordinates": [[[[-35.07219, -7.61789], [-35.07276, -7.62163], [-35.07697, -7.6229], [-35.07635, -7.62651], [-35.08066, -7.6285], [-35.08168, -7.63582], [-35.08776, -7.6396], [-35.09298, -7.63822], [-35.10077, -7.64533], [-35.10587, -7.6442], [-35.11334, -7.66009], [-35.11369, -7.66834], [-35.11845, -7.67054], [-35.12154, -7.66904], [-35.14647, -7.61907], [-35.14163, -7.60465], [-35.12891, -7.56502], [-35.12694, -7.56755], [-35.12283, -7.56122], [-35.11843, -7.56055], [-35.11376, -7.55449], [-35.11092, -7.55835], [-35.10094, -7.55491], [-35.1019, -7.54732], [-35.09686, -7.54325], [-35.08709, -7.54688], [-35.07701, -7.54243], [-35.06938, -7.54506], [-35.06098, -7.54078], [-35.0445, -7.53562], [-35.03879, -7.53735], [-35.03626, -7.54305], [-35.04731, -7.54962], [-35.04705, -7.56362], [-35.0569, -7.57655], [-35.06949, -7.58103], [-35.07558, -7.58934], [-35.07219, -7.58998], [-35.06319, -7.59376], [-35.06091, -7.59978], [-35.06328, -7.60572], [-35.06005, -7.61002], [-35.06671, -7.61458], [-35.06688, -7.61879], [-35.07184, -7.61791], [-35.07219, -7.61789]]]]}},
{"type": "Feature", "id": "2604700", "properties": {"codigo_ibge": 2604700, "municipio": "Correntes", "regiao_saude": "Garanhuns", "macro_saude": "Agreste"}, "geometry": {"type": "MultiPolygon", "coordinates": [[[[-36.46487, -9.07766], [-36.41763, -9.04402], [-36.40628, -9.03683], [-36.36615, -9.01816], [-36.36042, -9.02533], [-36.35099, -9.0426], [-36.34197, -9.04569], [-36.33384, -9.05138], [-36.32099, -9.04879], [-36.2889, -9.04945], [-36.27301, -9.04421], [-36.19694, -9.04854], [-36.20406, -9.06775], [-36.21001, -9.07272], [-36.22158, -9.07288], [-36.22214, -9.08601], [-36.23613, -9.10307], [-36.24519, -9.09862], [-36.26651, -9.10196], [-36.26574, -9.11161], [-36.26035, -9.1181], [-36.26321, -9.12558], [-36.25739, -9.13794], [-36.24637, -9.14252], [-36.24191, -9.14704], [-36.23873, -9.15957], [-36.22474, -9.1669], [-36.22273, -9.17078], [-36.24754, -9.17744], [-36.25279, -9.17289], [-36.25217, -9.18083], [-36.25566, -9.18156], [-36.26119, -9.17686], [-36.25981, -9.17038], [-36.27076, -9.17062], [-36.27384, -9.16578], [-36.28743, -9.17288], [-36.29464, -9.17202], [-36.29687, -9.17636], [-36.30572, -9.17826], [-36.30946, -9.17194], [-36.31199, -9.1795], [-36.32119, -9.18496], [-36.32731, -9.20035], [-36.33152, -9.20336], [-36.33979, -9.20611], [-36.35358, -9.20077], [-36.34856, -9.21432], [-36.35327, -9.2197], [-36.35801, -9.21787], [-36.36537, -9.22221], [-36.37554, -9.21628], [-36.38971, -9.22445], [-36.40262, -9.22241], [-36.40492, -9.19169], [-36.41475, -9.08758], [-36.42532, -9.08985], [-36.42898, -9.08535], [-36.4368, -9.08315], [-36.43325, -9.08023], [-36.44481, -9.06938], [-36.44661, -9.07374], [-36.45281, -9.07247], [-36.46487, -9.07766]]]]}},
{"type": "Feature", "id": "2604809", "properties": {"codigo_ibge": 2604809, "municipio": "Cortes", "regiao_saude": "Palmares", "macro_saude": "Metropolitana"}, "geometry": {"type": "MultiPolygon", "coordinates": [[[[-35.54902, -8.35123], [-35.54763, -8.3387], [-35.53572, -8.37925], [-35.53533, -8.38427], [-35.5225, -8.38433], [-35.5163, -8.39065], [-35.51857, -8.39968], [-35.51279, -8.40905], [-35.50521, -8.42007], [-35.50701, -8.42751], [-35.50059, -8.43385], [-35.46592, -8.45274], [-35.45963, -8.45631], [-35.44514, -8.45138], [-35.44582, -8.45335], [-35.45013, -8.45755], [-35.47096, -8.46987], [-35.50179, -8.47632], [-35.50529, -8.48155], [-35.50028, -8.48913], [-35.4999, -8.49764], [-35.50622, -8.50165], [-35.50755, -8.49818], [-35.51493, -8.5039], [-35.51685, -8.50319], [-35.52422, -8.50503], [-35.52449, -8.49331], [-35.53642, -8.48208], [-35.53544, -8.47886], [-35.53938, -8.47603], [-35.54515, -8.46858], [-35.53847, -8.45559], [-35.54485, -8.45571], [-35.54622, -8.45228], [-35.55266, -8.45402], [-35.55631, -8.44887], [-35.55968, -8.44981], [-35.56252, -8.4417], [-35.57603, -8.4281], [-35.58014, -8.42464], [-35.58589, -8.41908], [-35.58657, -8.41326], [-35.59141, -8.41263], [-35.58931, -8.40985], [-35.59178, -8.40195], [-35.57984, -8.38824], [-35.56122, -8.37604], [-35.55849, -8.36606], [-35.54753, -8.35641], [-35.54902, -8.35123]]]]}},
{"type": "Feature", "id": "2604908", "properties": {"codigo_ibge": 2604908, "municipio": "Cumaru", "regiao_saude": "Limoeiro", "macro_saude": "Metropolitana"}, "geometry": {"type": "MultiPolygon", "coordinates": [[[[-35.75743, -7.97452], [-35.74043, -7.9654], [-35.72068, -7.96135], [-35.70463, -7.95723], [-35.70085, -7.95652], [-35.69566, -7.95732], [-35.68792, -7.95874], [-35.66834, -7.94582], [-35.65385, -7.9439], [-35.61061, -8.0102], [-35.60917, -8.0128], [-35.61302, -8.02114], [-35.62064, -8.01731], [-35.63309, -8.02404], [-35.63831, -8.03302], [-35.63762, -8.04064], [-35.65144, -8.04311], [-35.65757, -8.04969], [-35.66426, -8.04677], [-35.65038, -8.07261], [-35.6495, -8.10488], [-35.83543, -8.11403], [-35.83607, -8.10919], [-35.82958, -8.1051], [-35.83697, -8.09766], [-35.83431, -8.08239], [-35.84006, -8.07146], [-35.83852, -8.06936], [-35.83056, -8.06383], [-35.83328, -8.06049], [-35.82899, -8.05463], [-35.82572, -8.05832], [-35.81574, -8.05613], [-35.79936, -8.04105], [-35.79844, -8.03611], [-35.80301, -8.03041], [-35.80168, -8.02791], [-35.79596, -8.03105], [-35.79518, -8.02687], [-35.78784, -8.02202], [-35.78557, -8.01468], [-35.75917, -8.01139], [-35.76508, -8.0016], [-35.75939, -7.9962], [-35.76024, -7.99225], [-35.7539, -7.98901], [-35.75751, -7.98717], [-35.75743, -7.97452]]]]}},
{"type": "Feature", "id": "2605004", "properties": {"codigo_ibge": 2605004, "municipio": "Cupira", "regiao_saude": "Caruaru", "macro_saude": "Agreste"}, "geometry": {"type": "MultiPolygon", "coordinates": [[[[-35.96563, -8.54898], [-35.9484, -8.54975], [-35.9374, -8.5361], [-35.91801, -8.55115], [-35.91853, -8.55955], [-35.91233, -8.55616], [-35.91084, -8.55978], [-35.89994, -8.55902], [-35.88305, -8.56285], [-35.88088, -8.56227], [-35.8723, -8.56744], [-35.87979, -8.57448], [-35.88056, -8.57989], [-35.88776, -8.58481], [-35.84888, -8.58734], [-35.84343, -8.59101], [-35.83747, -8.58931], [-35.83527, -8.59288], [-35.84077, -8.60097], [-35.85364, -8.60463], [-35.87406, -8.61035], [-35.89701, -8.61527], [-35.89948, -8.61745], [-35.90933, -8.62078], [-35.94765, -8.62907], [-35.98703, -8.61567], [-35.99738, -8.54648], [-35.96563, -8.54898]]]]}},
{"type": "Feature", "id": "2605103", "properties": {"codigo_ibge": 2605103, "municipio": "Custodia", "regiao_saude": "Arcoverde", "macro_saude": "Sertao Pernambucano"}, "geometry": {"type": "MultiPolygon", "coordinates": [[[[-37.69117, -7.98345], [-37.68076, -7.97935], [-37.68169, -7.97053], [-37.66991, -7.9681], [-37.67303, -7.95508], [-37.66338, -7.95261], [-37.65929, -7.94003], [-37.65231, -7.94127], [-37.65103, -7.93568], [-37.65234, -7.9302], [-37.64128, -7.92394], [-37.63021, -7.90015], [-37.61618, -7.89548], [-37.61219, -7.89313], [-37.60488, -7.88369], [-37.58858, -7.87369], [-37.58314, -7.87503], [-37.5849, -7.89041], [-37.57901, -7.89039], [-37.57634, -7.89567], [-37.56854, -7.90075], [-37.56749, -7.91288], [-37.56668, -7.91567], [-37.55214, -7.92104], [-37.56297, -7.93917], [-37.55433, -7.94366], [-37.57741, -7.96047], [-37.58644, -7.9709], [-37.58461, -7.97496], [-37.58776, -7.9813], [-37.57462, -7.98035], [-37.56097, -7.99116], [-37.54918, -7.98931], [-37.54067, -7.97842], [-37.51092, -8.05681], [-37.52309, -8.08116], [-37.53, -8.09032], [-37.53186, -8.12243], [-37.5318, -8.12364], [-37.53228, -8.13746], [-37.52514, -8.14243], [-37.51496, -8.17479], [-37.51664, -8.18589], [-37.52713, -8.20054], [-37.53698, -8.19967], [-37.53423, -8.20622], [-37.53917, -8.21214], [-37.53865, -8.22305], [-37.53272, -8.22748], [-37.56151, -8.2658], [-37.56942, -8.26545], [-37.573, -8.26553], [-37.57349, -8.26917], [-37.56696, -8.27605], [-37.57625, -8.2836], [-37.58327, -8.30115], [-37.59904, -8.31774], [-37.69291, -8.39548], [-37.78736, -8.4131], [-37.79827, -8.42058], [-37.79199, -8.39659], [-37.78477, -8.383], [-37.80103, -8.37249], [-37.81248, -8.38278], [-37.83405, -8.38802], [-37.84346, -8.39849], [-37.86285, -8.40635], [-37.87956, -8.40441], [-37.89369, -8.39246], [-37.86793, -8.35786], [-37.85791, -8.34498], [-37.85947, -8.32927], [-37.85232, -8.32386], [-37.8507, -8.31669], [-37.85476, -8.31446], [-37.85297, -8.30935], [-37.85876, -8.2965], [-37.84645, -8.276], [-37.84906, -8.27204], [-37.85201, -8.26493], [-37.84326, -8.25216], [-37.84275, -8.2454], [-37.81211, -8.224], [-37.81198, -8.21975], [-37.80129, -8.20962], [-37.79878, -8.19581], [-37.8111, -8.08058], [-37.80293, -8.08236], [-37.79768, -8.0707], [-37.796, -8.06829], [-37.79619, -8.06066], [-37.7912, -8.05634], [-37.79441, -8.04707], [-37.78978, -8.04087], [-37.78328, -8.04007], [-37.78408, -8.03124], [-37.76682, -8.01714], [-37.74866, -8.02251], [-37.72518, -8.01475], [-37.70737, -8.0049], [-37.70178, -7.99688], [-37.69796, -7.9866], [-37.69117, -7.98345]]]]}},
{"type": "Feature", "id": "2605152", "properties": {"codigo_ibge": 2605152, "municipio": "Dormentes", "regiao_saude": "Petrolina", "macro_saude": "Vale S.Francisco/Araripe"}, "geometry": {"type": "MultiPolygon", "coordinates": [[[[-40.77972, -8.29586], [-40.76641, -8.29887], [-40.76273, -8.30808], [-40.76183, -8.31784], [-40.75578, -8.32594], [-40.75761, -8.33652], [-40.75485, -8.34186], [-40.7491, -8.34217], [-40.74229, -8.3367], [-40.72818, -8.34708], [-40.71276, -8.35032], [-40.70284, -8.3469], [-40.68575, -8.35766], [-40.68618, -8.3629], [-40.68069, -8.3648], [-40.6821, -8.36899], [-40.67904, -8.373], [-40.66378, -8.36867], [-40.65799, -8.37187], [-40.65888, -8.37866], [-40.64514, -8.38062], [-40.64046, -8.37496], [-40.63066, -8.37537], [-40.62971, -8.3714], [-40.62586, -8.37203], [-40.62089, -8.36763], [-40.60955, -8.37174], [-40.60663, -8.36694], [-40.60011, -8.36765], [-40.597, -8.36355], [-40.59119, -8.36774], [-40.58575, -8.36337], [-40.57276, -8.36255], [-40.56511, -8.36579], [-40.5625, -8.37222], [-40.54335, -8.37605], [-40.53957, -8.38383], [-40.53238, -8.38014], [-40.53439, -8.37636], [-40.52852, -8.36612], [-40.51266, -8.37082], [-40.50216, -8.36531], [-40.49485, -8.3697], [-40.48981, -8.36398], [-40.48401, -8.36571], [-40.47675, -8.36123], [-40.4681, -8.36551], [-40.4621, -8.3605], [-40.4516, -8.36439], [-40.43864, -8.37795], [-40.43505, -8.38976], [-40.42156, -8.40388], [-40.4094, -8.40169], [-40.40546, -8.40863], [-40.39731, -8.40734], [-40.39486, -8.41555], [-40.39299, -8.41613], [-40.3863, -8.41128], [-40.38109, -8.4149], [-40.38094, -8.4216], [-40.37461, -8.42878], [-40.36514, -8.43202], [-40.36747, -8.43662], [-40.35947, -8.44773], [-40.3596, -8.46325], [-40.35338, -8.46719], [-40.35706, -8.48187], [-40.35427, -8.48981], [-40.35812, -8.49503], [-40.35089, -8.50853], [-40.37513, -8.50232], [-40.37883, -8.52794], [-40.38328, -8.53592], [-40.39353, -8.5458], [-40.41079, -8.55517], [-40.41808, -8.56083], [-40.42614, -8.58996], [-40.4441, -8.61615], [-40.44573, -8.62259], [-40.44266, -8.63246], [-40.42912, -8.6441], [-40.5789, -8.66685], [-40.5869, -8.66482], [-40.75788, -8.62309], [-40.75975, -8.6226], [-40.77118, -8.61773], [-40.77763, -8.61], [-40.78405, -8.61278], [-40.78538, -8.60512], [-40.78261, -8.60038], [-40.79238, -8.59493], [-40.79805, -8.59871], [-40.80172, -8.59388], [-40.80815, -8.5964], [-40.81014, -8.58346], [-40.8218, -8.57605], [-40.83679, -8.56804], [-40.84152, -8.55536], [-40.84781, -8.55431], [-40.84906, -8.52539], [-40.85155, -8.45832], [-40.86142, -8.37024], [-40.86213, -8.36458], [-40.85698, -8.37523], [-40.85822, -8.3792], [-40.83703, -8.38072], [-40.82491, -8.36793], [-40.81895, -8.36195], [-40.82231, -8.33731], [-40.81803, -8.32973], [-40.81914, -8.3215], [-40.792, -8.31872], [-40.78606, -8.30603], [-40.77951, -8.30152], [-40.77972, -8.29586]]]]}},
{"type": "Feature", "id": "2605202", "properties": {"codigo_ibge": 2605202, "municipio": "Escada", "regiao_saude": "Palmares", "macro_saude": "Metropolitana"}, "geometry": {"type": "MultiPolygon", "coordinates": [[[[-35.3587, -8.30022], [-35.33911, -8.29434], [-35.3029, -8.30679], [-35.30001, -8.30761], [-35.2688, -8.29565], [-35.27599, -8.28476], [-35.26463, -8.24265], [-35.2645, -8.24243], [-35.26456, -8.25526], [-35.25867, -8.26439], [-35.25235, -8.26357], [-35.24969, -8.27779], [-35.23839, -8.27152], [-35.23672, -8.28062], [-35.23772, -8.29186], [-35.23347, -8.2916], [-35.22858, -8.29424], [-35.2184, -8.29067], [-35.21015, -8.28712], [-35.20486, -8.29023], [-35.204, -8.29564], [-35.20102, -8.29354], [-35.19501, -8.29709], [-35.15106, -8.27938], [-35.14552, -8.28877], [-35.14863, -8.29909], [-35.13982, -8.30952], [-35.15372, -8.32043], [-35.16946, -8.35299], [-35.18155, -8.3527], [-35.18995, -8.35437], [-35.19271, -8.35911], [-35.19265, -8.37605], [-35.22544, -8.40486], [-35.23773, -8.41704], [-35.22996, -8.43485], [-35.22892, -8.43644], [-35.20267, -8.47861], [-35.23977, -8.4748], [-35.2723, -8.47776], [-35.27236, -8.48724], [-35.28956, -8.46365], [-35.30182, -8.48906], [-35.3158, -8.47863], [-35.32711, -8.44841], [-35.31295, -8.41926], [-35.31768, -8.41891], [-35.32858, -8.43424], [-35.33716, -8.43824], [-35.34166, -8.44464], [-35.34783, -8.43709], [-35.34217, -8.41274], [-35.34295, -8.40979], [-35.34782, -8.40931], [-35.36402, -8.39536], [-35.36188, -8.37342], [-35.36001, -8.36793], [-35.35334, -8.36444], [-35.34193, -8.36365], [-35.34815, -8.35079], [-35.34752, -8.34892], [-35.35044, -8.34297], [-35.35064, -8.34096], [-35.35174, -8.32949], [-35.35203, -8.32578], [-35.35364, -8.31813], [-35.3544, -8.30378], [-35.3587, -8.30022]]]]}},
{"type": "Feature", "id": "2605301", "properties": {"codigo_ibge": 2605301, "municipio": "Exu", "regiao_saude": "Ouricuri", "macro_saude": "Vale S.Francisco/Araripe"}, "geometry": {"type": "MultiPolygon", "coordinates": [[[[-39.5987, -7.34286], [-39.59681, -7.34557], [-39.56904, -7.37557], [-39.54501, -7.39132], [-39.54541, -7.3971], [-39.54551, -7.50316], [-39.55008, -7.52028], [-39.55839, -7.52997], [-39.55987, -7.54599], [-39.55625, -7.54916], [-39.55504, -7.55944], [-39.55329, -7.56809], [-39.56103, -7.57615], [-39.56591, -7.57667], [-39.57455, -7.59174], [-39.57675, -7.59677], [-39.58424, -7.59595], [-39.60131, -7.60999], [-39.60513, -7.62066], [-39.60144, -7.62847], [-39.60881, -7.63687], [-39.6165, -7.63992], [-39.61568, -7.64137], [-39.61361, -7.65108], [-39.6085, -7.65581], [-39.61187, -7.66445], [-39.60419, -7.67675], [-39.60762, -7.67986], [-39.60562, -7.68556], [-39.61058, -7.69143], [-39.60976, -7.69586], [-39.61531, -7.70351], [-39.6311, -7.70293], [-39.63731, -7.69841], [-39.64303, -7.70053], [-39.64582, -7.69706], [-39.65125, -7.69981], [-39.65546, -7.6897], [-39.66154, -7.68458], [-39.66789, -7.68873], [-39.66944, -7.68225], [-39.67686, -7.67464], [-39.68631, -7.6778], [-39.70011, -7.68542], [-39.70493, -7.68191], [-39.71083, -7.68356], [-39.72664, -7.67135], [-39.73889, -7.66967], [-39.75352, -7.67234], [-39.76538, -7.66622], [-39.77534, -7.67413], [-39.7893, -7.6752], [-39.81426, -7.69013], [-39.90003, -7.70594], [-39.90362, -7.70627], [-39.90393, -7.51702], [-39.9042, -7.33794], [-39.88977, -7.3387], [-39.88592, -7.33891], [-39.86359, -7.32729], [-39.85109, -7.32481], [-39.82834, -7.33197], [-39.81501, -7.32829], [-39.78887, -7.33159], [-39.75742, -7.32055], [-39.68687, -7.31516], [-39.66301, -7.30974], [-39.64848, -7.32334], [-39.62679, -7.33289], [-39.60695, -7.3358], [-39.5987, -7.34286]]]]}},
{"type": "Feature", "id": "2605400", "properties": {"codigo_ibge": 2605400, "municipio": "Feira Nova", "regiao_saude": "Limoeiro", "macro_saude": "Metropolitana"}, "geometry": {"type": "MultiPolygon", "coordinates": [[[[-35.44172, -7.96068], [-35.43789, -7.95347], [-35.41382, -7.92314], [-35.39307, -7.91256], [-35.38282, -7.90261], [-35.37457, -7.90614], [-35.36634, -7.90206], [-35.36229, -7.905], [-35.36094, -7.90086], [-35.35826, -7.90159], [-35.3533, -7.89979], [-35.35571, -7.89272], [-35.3551, -7.89022], [-35.32594, -7.92823], [-35.32128, -7.93222], [-35.30413, -7.94123], [-35.33368, -7.96326], [-35.38712, -8.0029], [-35.41521, -7.99723], [-35.45691, -7.98854], [-35.45437, -7.98184], [-35.45101, -7.97465], [-35.44503, -7.96738], [-35.44172, -7.96068]]]]}},
{"type": "Feature", "id": "2605509", "properties": {"codigo_ibge": 2605509, "municipio": "Ferreiros", "regiao_saude": "Goiana", "macro_saude": "Metropolitana"}, "geometry": {"type": "MultiPolygon", "coordinates": [[[[-35.23682, -7.44019], [-35.22653, -7.45178], [-35.21539, -7.46088], [-35.20834, -7.46017], [-35.20673, -7.46973], [-35.18687, -7.47567], [-35.18155, -7.48379], [-35.17358, -7.48369], [-35.17401, -7.49009], [-35.16328, -7.49225], [-35.1641, -7.49636], [-35.15873, -7.49689], [-35.15803, -7.50243], [-35.16335, -7.50282], [-35.17161, -7.50321], [-35.19183, -7.51093], [-35.19182, -7.5179], [-35.19607, -7.51693], [-35.2033, -7.52127], [-35.20691, -7.51848], [-35.20838, -7.52203], [-35.21715, -7.52343], [-35.2247, -7.51945], [-35.22552, -7.50182], [-35.26079, -7.4917], [-35.25861, -7.50798], [-35.29882, -7.50044], [-35.31546, -7.48982], [-35.31416, -7.47548], [-35.25925, -7.42056], [-35.23682, -7.44019]]]]}},
{"type": "Feature", "id": "2605607", "properties": {"codigo_ibge": 2605607, "municipio": "Flores", "regiao_saude": "Serra Talhada", "macro_saude": "Sertao Pernambucano"}, "geometry": {"type": "MultiPolygon", "coordinates": [[[[-38.00037, -7.77855], [-37.98992, -7.77847], [-37.98262, -7.77224], [-37.97178, -7.77681], [-37.96746, -7.77453], [-37.96445, -7.77228], [-37.95808, -7.76557], [-37.95072, -7.77075], [-37.90764, -7.77305], [-37.89357, -7.78073], [-37.88202, -7.78073], [-37.87906, -7.78051], [-37.8736, -7.78864], [-37.86804, -7.78735], [-37.86443, -7.7897], [-37.84901, -7.80003], [-37.84667, -7.80261], [-37.83755, -7.81102], [-37.83771, -7.81823], [-37.83918, -7.82163], [-37.83101, -7.82205], [-37.83043, -7.82198], [-37.74549, -7.87148], [-37.69117, -7.98345], [-37.69796, -7.9866], [-37.70178, -7.99688], [-37.70737, -8.0049], [-37.72518, -8.01475], [-37.74866, -8.02251], [-37.76682, -8.01714], [-37.78408, -8.03124], [-37.78328, -8.04007], [-37.78978, -8.04087], [-37.79441, -8.04707], [-37.7912, -8.05634], [-37.79619, -8.06066], [-37.796, -8.06829], [-37.79768, -8.0707], [-37.80293, -8.08236], [-37.8111, -8.08058], [-37.83107, -8.07521], [-37.83379, -8.07929], [-37.84911, -8.08348], [-37.87104, -8.07733], [-37.88099, -8.07444], [-37.89277, -8.08081], [-37.90186, -8.0736], [-37.92001, -8.075], [-37.92779, -8.06916], [-37.93565, -8.06383], [-37.93908, -8.06827], [-37.96991, -8.07649], [-37.98387, -8.06041], [-38.00473, -8.05172], [-38.01698, -8.02867], [-38.017, -8.02855], [-38.04661, -8.01832], [-38.05351, -8.00438], [-38.05986, -8.00129], [-38.06543, -8.00045], [-38.03537, -7.96295], [-38.04842, -7.92966], [-38.05208, -7.92126], [-38.04619, -7.91724], [-38.02512, -7.906], [-38.02769, -7.89955], [-38.01311, -7.89226], [-38.01278, -7.883], [-38.0076, -7.87859], [-38.00061, -7.87574], [-37.99926, -7.86928], [-38.00435, -7.86038], [-38.00943, -7.85163], [-38.00858, -7.82195], [-38.00865, -7.81701], [-38.01286, -7.81528], [-38.02208, -7.79853], [-38.0205, -7.79081], [-38.00037, -7.77855]]]]}},
{"type": "Feature", "id": "2605707", "properties": {"codigo_ibge": 2605707, "municipio": "Floresta", "regiao_saude": "Serra Talhada", "macro_saude": "Sertao Pernambucano"}, "geometry": {"type": "MultiPolygon", "coordinates": [[[[-38.5491, -8.28791], [-38.53576, -8.28811], [-38.5161, -8.30307], [-38.50646, -8.30626], [-38.50375, -8.31839], [-38.49917, -8.31978], [-38.48632, -8.31433], [-38.48491, -8.3249], [-38.4906, -8.33651], [-38.50024, -8.33573], [-38.50901, -8.34934], [-38.50427, -8.36141], [-38.51701, -8.39822], [-38.51343, -8.40444], [-38.5137, -8.42903], [-38.51761, -8.44089], [-38.50744, -8.43822], [-38.4972, -8.43159], [-38.49376, -8.42078], [-38.48867, -8.42137], [-38.4874, -8.4166], [-38.47958, -8.41423], [-38.47117, -8.40594], [-38.46833, -8.39404], [-38.46246, -8.38986], [-38.45279, -8.36931], [-38.44957, -8.36671], [-38.44163, -8.3699], [-38.43595, -8.35575], [-38.42668, -8.35435], [-38.43063, -8.34825], [-38.41621, -8.34026], [-38.41763, -8.32443], [-38.41193, -8.31539], [-38.40626, -8.30538], [-38.37861, -8.29051], [-38.36333, -8.27928], [-38.35853, -8.28417], [-38.34708, -8.28687], [-38.33738, -8.28262], [-38.33258, -8.28991], [-38.31397, -8.29128], [-38.30428, -8.28559], [-38.30076, -8.288], [-38.2921, -8.28611], [-38.28085, -8.27297], [-38.26283, -8.25295], [-38.25026, -8.26253], [-38.24293, -8.26113], [-38.23164, -8.2715], [-38.20634, -8.28504], [-38.19773, -8.27893], [-38.18904, -8.27873], [-38.17832, -8.27625], [-38.17759, -8.27919], [-38.18246, -8.2797], [-38.19186, -8.28864], [-38.18965, -8.3005], [-38.19322, -8.30505], [-38.19389, -8.31819], [-38.18544, -8.34739], [-38.18185, -8.35066], [-38.18248, -8.35625], [-38.17657, -8.35862], [-38.16922, -8.37367], [-38.16624, -8.38748], [-38.16823, -8.39629], [-38.1524, -8.40401], [-38.13836, -8.40789], [-38.12246, -8.40575], [-38.08997, -8.41525], [-38.08752, -8.41575], [-38.08625, -8.41999], [-38.08053, -8.42156], [-38.07936, -8.43274], [-38.06948, -8.43915], [-38.0718, -8.44462], [-38.06462, -8.44267], [-38.06207, -8.44851], [-38.04961, -8.44978], [-38.04608, -8.45618], [-38.03638, -8.45954], [-38.02737, -8.45907], [-38.02204, -8.44982], [-38.0068, -8.45705], [-38.00123, -8.45243], [-37.9981, -8.45607], [-37.9663, -8.45817], [-37.96001, -8.45172], [-37.95378, -8.45168], [-37.9303, -8.43786], [-37.93039, -8.42876], [-37.90872, -8.40257], [-37.89369, -8.39246], [-37.87956, -8.40441], [-37.86285, -8.40635], [-37.84346, -8.39849], [-37.83405, -8.38802], [-37.81248, -8.38278], [-37.80103, -8.37249], [-37.78477, -8.383], [-37.79199, -8.39659], [-37.79827, -8.42058], [-37.78736, -8.4131], [-37.85258, -8.59457], [-37.89038, -8.60516], [-37.89947, -8.60401], [-37.90763, -8.61081], [-37.93169, -8.61721], [-37.95118, -8.634], [-37.94797, -8.6462], [-37.9525, -8.65163], [-37.97475, -8.65712], [-37.99295, -8.64677], [-38.00029, -8.64637], [-38.01331, -8.64684], [-38.02438, -8.65189], [-38.03946, -8.65846], [-38.03967, -8.67429], [-38.04911, -8.68562], [-38.06213, -8.69137], [-38.06511, -8.684], [-38.0727, -8.67954], [-38.08161, -8.68072], [-38.08369, -8.68596], [-38.09444, -8.6887], [-38.10022, -8.6956], [-38.13115, -8.69063], [-38.13688, -8.69161], [-38.14149, -8.69676], [-38.15474, -8.69495], [-38.15821, -8.68972], [-38.17409, -8.68578], [-38.18609, -8.67679], [-38.19926, -8.68021], [-38.20918, -8.68711], [-38.23249, -8.68774], [-38.25952, -8.70748], [-38.26543, -8.72252], [-38.26074, -8.73191], [-38.26653, -8.73619], [-38.26542, -8.75189], [-38.27443, -8.75472], [-38.28276, -8.75251], [-38.28854, -8.75969], [-38.2952, -8.7597], [-38.30495, -8.754], [-38.30713, -8.76118], [-38.32571, -8.77314], [-38.32395, -8.77789], [-38.32808, -8.78061], [-38.33923, -8.77753], [-38.34825, -8.78435], [-38.35325, -8.78375], [-38.35781, -8.78912], [-38.36054, -8.7921], [-38.37681, -8.79058], [-38.38994, -8.8001], [-38.39091, -8.80447], [-38.402, -8.80875], [-38.40486, -8.8168], [-38.44107, -8.82917], [-38.44471, -8.83674], [-38.45368, -8.83694], [-38.46946, -8.86533], [-38.47948, -8.84967], [-38.50861, -8.83223], [-38.55149, -8.82221], [-38.5709, -8.8312], [-38.60347, -8.88017], [-38.60723, -8.89285], [-38.60889, -8.9547], [-38.62374, -8.97963], [-38.63351, -8.98542], [-38.63662, -8.98607], [-38.64035, -8.98685], [-38.6704, -8.97477], [-38.68979, -8.94486], [-38.69344, -8.93147], [-38.69415, -8.91866], [-38.67305, -8.90978], [-38.65924, -8.89192], [-38.6571, -8.82934], [-38.66338, -8.8062], [-38.65926, -8.79516], [-38.66109, -8.77282], [-38.65228, -8.72826], [-38.64344, -8.71197], [-38.64095, -8.69534], [-38.62811, -8.6818], [-38.62264, -8.66657], [-38.62849, -8.65953], [-38.62652, -8.65385], [-38.63046, -8.63691], [-38.63889, -8.63074], [-38.63115, -8.62864], [-38.62866, -8.62067], [-38.5491, -8.28791]]]]}},
{"type": "Feature", "id": "2605806", "properties": {"codigo_ibge": 2605806, "municipio": "Frei Miguelinho", "regiao_saude": "Caruaru", "macro_saude": "Agreste"}, "geometry": {"type": "MultiPolygon", "coordinates": [[[[-35.911, -7.87873], [-35.89627, -7.87177], [-35.86871, -7.86253], [-35.8633, -7.86242], [-35.84231, -7.86272], [-35.83141, -7.86072], [-35.82171, -7.85913], [-35.82264, -7.86386], [-35.81902, -7.87511], [-35.81479, -7.89016], [-35.81736, -7.89582], [-35.81111, -7.90185], [-35.8133, -7.91269], [-35.80782, -7.91695], [-35.8113, -7.92853], [-35.81763, -7.93109], [-35.819, -7.93599], [-35.81399, -7.94289], [-35.81723, -7.95623], [-35.80935, -7.96109], [-35.80855, -7.96963], [-35.80469, -7.97315], [-35.80773, -7.98018], [-35.83582, -7.98247], [-35.83915, -7.98286], [-35.8446, -7.98605], [-35.84929, -7.99408], [-35.85581, -7.99501], [-35.87092, -7.99009], [-35.88073, -7.99111], [-35.88466, -7.99612], [-35.88352, -8.00328], [-35.88779, -8.00432], [-35.89507, -8.00067], [-35.89989, -8.00381], [-35.90704, -8.00548], [-35.91399, -8.00239], [-35.91532, -8.00428], [-35.93001, -7.99328], [-35.93423, -7.99364], [-35.94136, -7.99571], [-35.95515, -7.99044], [-35.95785, -7.98965], [-35.95839, -7.97745], [-35.96812, -7.97332], [-35.96162, -7.966], [-35.96635, -7.96398], [-35.96497, -7.95501], [-35.96084, -7.95182], [-35.96245, -7.94629], [-35.95597, -7.94419], [-35.95793, -7.93791], [-35.96279, -7.93895], [-35.9711, -7.9344], [-35.96472, -7.92704], [-35.96635, -7.91059], [-35.95774, -7.899], [-35.91055, -7.8948], [-35.911, -7.87873]]]]}},
{"type": "Feature", "id": "2605905", "properties": {"codigo_ibge": 2605905, "municipio": "Gameleira", "regiao_saude": "Palmares", "macro_saude": "Metropolitana"}, "geometry": {"type": "MultiPolygon", "coordinates": [[[[-35.47052, -8.54552], [-35.46645, -8.54149], [-35.46663, -8.52874], [-35.46289, -8.5135], [-35.45976, -8.51207], [-35.42891, -8.50847], [-35.43203, -8.51867], [-35.42937, -8.52965], [-35.43124, -8.53615], [-35.41258, -8.54839], [-35.40135, -8.55047], [-35.39273, -8.55764], [-35.38331, -8.54051], [-35.37476, -8.54967], [-35.35657, -8.54091], [-35.33835, -8.5655], [-35.33325, -8.57638], [-35.30309, -8.59593], [-35.28561, -8.61594], [-35.26434, -8.63025], [-35.30682, -8.62777], [-35.32314, -8.63438], [-35.33093, -8.64593], [-35.34291, -8.6521], [-35.34787, -8.6614], [-35.35171, -8.67211], [-35.35725, -8.69158], [-35.34059, -8.7095], [-35.33996, -8.72008], [-35.33671, -8.72185], [-35.34127, -8.72454], [-35.40342, -8.7133], [-35.39415, -8.68263], [-35.47202, -8.62862], [-35.4875, -8.58353], [-35.44558, -8.54985], [-35.44572, -8.54666], [-35.45778, -8.545], [-35.46183, -8.54057], [-35.4641, -8.54891], [-35.47052, -8.54552]]]]}},
{"type": "Feature", "id": "2606002", "properties": {"codigo_ibge": 2606002, "municipio": "Garanhuns", "regiao_saude": "Garanhuns", "macro_saude": "Agreste"}, "geometry": {"type": "MultiPolygon", "coordinates": [[[[-36.48669, -8.79527], [-36.48489, -8.79576], [-36.48172, -8.79673], [-36.47232, -8.80221], [-36.45625, -8.79895], [-36.45321, -8.80208], [-36.44411, -8.80048], [-36.44826, -8.81422], [-36.45934, -8.83057], [-36.46217, -8.84459], [-36.44978, -8.87725], [-36.4414, -8.88953], [-36.43044, -8.90242], [-36.4175, -8.9055], [-36.41051, -8.91153], [-36.41094, -8.92435], [-36.3976, -8.93886], [-36.39987, -8.95589], [-36.38908, -8.97641], [-36.37977, -8.98462], [-36.37281, -8.98222], [-36.35632, -8.9669], [-36.34804, -8.96468], [-36.33536, -8.96181], [-36.31439, -8.94947], [-36.30582, -8.95216], [-36.30571, -8.95274], [-36.31156, -8.96526], [-36.32626, -8.97533], [-36.33953, -8.97984], [-36.34298, -8.98529], [-36.35238, -8.98524], [-36.36852, -8.99107], [-36.37728, -8.98881], [-36.36615, -9.01816], [-36.40628, -9.03683], [-36.41763, -9.04402], [-36.46487, -9.07766], [-36.47792, -9.08918], [-36.47799, -9.08554], [-36.47998, -8.97283], [-36.4801, -8.96982], [-36.49752, -8.95783], [-36.50952, -8.95402], [-36.53123, -8.96583], [-36.53994, -8.95899], [-36.54935, -8.95311], [-36.55533, -8.96533], [-36.56987, -8.97702], [-36.56112, -8.98913], [-36.58366, -8.98667], [-36.58465, -8.99111], [-36.58031, -8.9938], [-36.5863, -8.99687], [-36.59047, -8.99509], [-36.59538, -8.99876], [-36.59405, -9.00055], [-36.58954, -9.0049], [-36.59245, -9.00921], [-36.58952, -9.01552], [-36.59394, -9.01995], [-36.59028, -9.02392], [-36.60016, -9.03296], [-36.63675, -9.02041], [-36.63507, -9.01496], [-36.63085, -9.00443], [-36.62545, -9.00211], [-36.63633, -8.98617], [-36.62986, -8.97596], [-36.63052, -8.95608], [-36.6287, -8.95112], [-36.62301, -8.94488], [-36.60652, -8.94101], [-36.60466, -8.93411], [-36.60888, -8.92613], [-36.61226, -8.92791], [-36.61401, -8.92464], [-36.61263, -8.92179], [-36.60585, -8.92118], [-36.60542, -8.91119], [-36.60971, -8.9079], [-36.61196, -8.90587], [-36.61312, -8.89509], [-36.60873, -8.89563], [-36.60722, -8.89212], [-36.57395, -8.88777], [-36.56467, -8.88981], [-36.55095, -8.88685], [-36.54407, -8.88085], [-36.56711, -8.84461], [-36.58384, -8.82804], [-36.57404, -8.82196], [-36.57037, -8.8137], [-36.56257, -8.80626], [-36.54176, -8.78432], [-36.53977, -8.78346], [-36.53127, -8.78769], [-36.52831, -8.7831], [-36.5176, -8.78522], [-36.50622, -8.79065], [-36.50242, -8.78876], [-36.49866, -8.79535], [-36.48688, -8.79541], [-36.48669, -8.79527]]]]}},
{"type": "Feature", "id": "2606101", "properties": {"codigo_ibge": 2606101, "municipio": "Gloria do Goita", "regiao_saude": "Recife", "macro_saude": "Metropolitana"}, "geometry": {"type": "MultiPolygon", "coordinates": [[[[-35.25414, -7.94603], [-35.22979, -7.95576], [-35.23763, -7.97622], [-35.24748, -7.98802], [-35.255, -7.99772], [-35.24461, -8.01178], [-35.25343, -8.01622], [-35.25863, -8.02676], [-35.26039, -8.05741], [-35.26293, -8.06023], [-35.27242, -8.05385], [-35.29745, -8.07043], [-35.30764, -8.06336], [-35.31374, -8.06113], [-35.32198, -8.06318], [-35.3452, -8.05126], [-35.34999, -8.06109], [-35.36363, -8.06158], [-35.36781, -8.06385], [-35.39077, -8.07382], [-35.41536, -8.07382], [-35.42901, -8.08093], [-35.42931, -8.08081], [-35.43951, -8.03908], [-35.46529, -8.03073], [-35.46534, -8.02154], [-35.45973, -8.01285], [-35.46124, -8.0002], [-35.45509, -7.99355], [-35.45691, -7.98854], [-35.41521, -7.99723], [-35.38712, -8.0029], [-35.33368, -7.96326], [-35.30413, -7.94123], [-35.30032, -7.93665], [-35.29718, -7.93839], [-35.29082, -7.93799], [-35.25414, -7.94603]]]]}},
{"type": "Feature", "id": "2606200", "properties": {"codigo_ibge": 2606200, "municipio": "Goiana", "regiao_saude": "Goiana", "macro_saude": "Metropolitana"}, "geometry": {"type": "MultiPolygon", "coordinates": [[[[-34.83514, -7.54732], [-34.8313, -7.55152], [-34.83671, -7.55311], [-34.83975, -7.55337], [-34.83747, -7.56515], [-34.83444, -7.56336], [-34.82922, -7.58099], [-34.82419, -7.58649], [-34.82375, -7.59738], [-34.81054, -7.61508], [-34.80725, -7.62506], [-34.82015, -7.64463], [-34.82198, -7.64809], [-34.82991, -7.67168], [-34.83361, -7.68314], [-34.8389, -7.68258], [-34.84093, -7.68233], [-34.846, -7.68828], [-34.84706, -7.68834], [-34.85219, -7.6901], [-34.86386, -7.71294], [-34.87842, -7.71004], [-34.88631, -7.71286], [-34.8958, -7.70344], [-34.8967, -7.69925], [-34.89031, -7.69419], [-34.89589, -7.69092], [-34.89529, -7.68717], [-34.8984, -7.6872], [-34.89791, -7.68291], [-34.9224, -7.69125], [-34.92766, -7.69935], [-34.93767, -7.70472], [-34.96165, -7.70791], [-34.97968, -7.70143], [-34.98704, -7.70401], [-35.01397, -7.69922], [-35.07219, -7.61789], [-35.07184, -7.61791], [-35.06688, -7.61879], [-35.06671, -7.61458], [-35.06005, -7.61002], [-35.06328, -7.60572], [-35.06091, -7.59978], [-35.06319, -7.59376], [-35.07219, -7.58998], [-35.07558, -7.58934], [-35.06949, -7.58103], [-35.0569, -7.57655], [-35.04705, -7.56362], [-35.04731, -7.54962], [-35.03626, -7.54305], [-35.03879, -7.53735], [-35.0445, -7.53562], [-35.06098, -7.54078], [-35.07748, -7.51339], [-34.9851, -7.4616], [-34.98389, -7.46891], [-34.98986, -7.48847], [-34.98484, -7.50038], [-34.98391, -7.50748], [-34.97874, -7.50929], [-34.96912, -7.52066], [-34.96046, -7.53836], [-34.9503, -7.53721], [-34.93236, -7.52811], [-34.92413, -7.5322], [-34.91512, -7.54186], [-34.91158, -7.5428], [-34.9107, -7.54303], [-34.91063, -7.54251], [-34.9101, -7.53823], [-34.91003, -7.53772], [-34.90068, -7.5371], [-34.89957, -7.53702], [-34.89983, -7.53774], [-34.90172, -7.54315], [-34.89522, -7.54466], [-34.88842, -7.53549], [-34.87328, -7.54284], [-34.8704, -7.54875], [-34.8577, -7.53754], [-34.85352, -7.53924], [-34.83514, -7.54732]]]]}},
{"type": "Feature", "id": "2606309", "properties": {"codigo_ibge": 2606309, "municipio": "Granito", "regiao_saude": "Ouricuri", "macro_saude": "Vale S.Francisco/Araripe"}, "geometry": {"type": "MultiPolygon", "coordinates": [[[[-39.57328, -7.8704], [-39.76229, -7.91214], [-39.81426, -7.69013], [-39.7893, -7.6752], [-39.77534, -7.67413], [-39.76538, -7.66622], [-39.75352, -7.67234], [-39.73889, -7.66967], [-39.72664, -7.67135], [-39.71083, -7.68356], [-39.70493, -7.68191], [-39.70011, -7.68542], [-39.68631, -7.6778], [-39.67686, -7.67464], [-39.66944, -7.68225], [-39.66789, -7.68873], [-39.66154, -7.68458], [-39.65546, -7.6897], [-39.65125, -7.69981], [-39.64582, -7.69706], [-39.64303, -7.70053], [-39.63731, -7.69841], [-39.6311, -7.70293], [-39.61531, -7.70351], [-39.6152, -7.70474], [-39.61296, -7.70639], [-39.61218, -7.70752], [-39.61065, -7.71412], [-39.61672, -7.72198], [-39.61017, -7.73085], [-39.60699, -7.75257], [-39.59778, -7.75669], [-39.58995, -7.76534], [-39.58791, -7.7698], [-39.59098, -7.7751], [-39.57624, -7.78277], [-39.56923, -7.79145], [-39.57201, -7.8046], [-39.56179, -7.81577], [-39.57325, -7.82169], [-39.5737, -7.83216], [-39.55846, -7.85243], [-39.56464, -7.85331], [-39.56266, -7.85578], [-39.56716, -7.85904], [-39.57328, -7.8704]]]]}},
{"type": "Feature", "id": "2606407", "properties": {"codigo_ibge": 2606407, "municipio": "Gravata", "regiao_saude": "Caruaru", "macro_saude": "Agreste"}, "geometry": {"type": "MultiPolygon", "coordinates": [[[[-35.63, -8.10367], [-35.58333, -8.07832], [-35.55194, -8.07062], [-35.50845, -8.05871], [-35.46218, -8.09342], [-35.47733, -8.12351], [-35.43853, -8.12655], [-35.44358, -8.1516], [-35.44867, -8.16945], [-35.45559, -8.17315], [-35.47062, -8.17293], [-35.49159, -8.18333], [-35.49161, -8.18793], [-35.48279, -8.1972], [-35.48335, -8.20241], [-35.49053, -8.20552], [-35.49745, -8.20485], [-35.51016, -8.22116], [-35.49204, -8.3011], [-35.5042, -8.31293], [-35.50752, -8.30958], [-35.50576, -8.2986], [-35.52197, -8.29955], [-35.52518, -8.29682], [-35.52893, -8.30071], [-35.52842, -8.31487], [-35.55754, -8.32915], [-35.56262, -8.34221], [-35.54763, -8.3387], [-35.54902, -8.35123], [-35.6277, -8.37387], [-35.61115, -8.34054], [-35.62544, -8.31685], [-35.64886, -8.27781], [-35.6548, -8.20319], [-35.65638, -8.18133], [-35.65697, -8.17416], [-35.63, -8.10367]]]]}},
{"type": "Feature", "id": "2606507", "properties": {"codigo_ibge": 2606507, "municipio": "Iati", "regiao_saude": "Garanhuns", "macro_saude": "Agreste"}, "geometry": {"type": "MultiPolygon", "coordinates": [[[[-37.055, -9.30703], [-37.04724, -9.29067], [-37.03732, -9.28678], [-37.03708, -9.27735], [-37.02403, -9.2619], [-37.01382, -9.26845], [-37.01071, -9.26385], [-37.0024, -9.26178], [-36.99562, -9.25144], [-36.98628, -9.24853], [-36.97512, -9.24538], [-36.96576, -9.23594], [-36.96608, -9.22385], [-36.95221, -9.21157], [-36.9498, -9.19006], [-36.94477, -9.18212], [-36.94515, -9.17763], [-36.95652, -9.17822], [-36.96893, -9.16273], [-36.97645, -9.15826], [-36.98393, -9.13623], [-36.98414, -9.13597], [-36.98508, -9.12892], [-36.97418, -9.12397], [-36.97329, -9.11351], [-36.96161, -9.10097], [-36.95127, -9.07926], [-36.93966, -9.06709], [-36.9388, -9.05799], [-36.9394, -9.05183], [-36.93076, -9.04915], [-36.92719, -9.03312], [-36.92962, -9.03118], [-36.91875, -9.02292], [-36.90913, -9.00722], [-36.90122, -8.99671], [-36.89449, -8.97495], [-36.88765, -8.96862], [-36.88578, -8.94745], [-36.88791, -8.93236], [-36.88307, -8.92182], [-36.8801, -8.91253], [-36.87285, -8.90685], [-36.87067, -8.89504], [-36.86525, -8.88777], [-36.81306, -8.96921], [-36.78647, -9.00774], [-36.80183, -9.08593], [-36.78421, -9.11277], [-36.76868, -9.13702], [-36.87219, -9.16751], [-36.88283, -9.26356], [-36.88148, -9.2754], [-36.87944, -9.27595], [-36.87443, -9.27654], [-36.88379, -9.28049], [-36.88945, -9.28322], [-36.89939, -9.28256], [-36.90049, -9.28249], [-36.91548, -9.2986], [-36.92698, -9.32499], [-36.9206, -9.33207], [-36.92193, -9.33934], [-36.93754, -9.3524], [-36.93643, -9.36079], [-36.9301, -9.36961], [-36.93651, -9.377], [-36.94367, -9.38192], [-36.95209, -9.38212], [-36.97583, -9.36164], [-36.97695, -9.36126], [-37.00303, -9.35219], [-37.02395, -9.31529], [-37.04519, -9.31546], [-37.055, -9.30703]]]]}},
{"type": "Feature", "id": "2606606", "properties": {"codigo_ibge": 2606606, "municipio": "Ibimirim", "regiao_saude": "Arcoverde", "macro_saude": "Sertao Pernambucano"}, "geometry": {"type": "MultiPolygon", "coordinates": [[[[-37.78736, -8.4131], [-37.69291, -8.39548], [-37.59904, -8.31774], [-37.60284, -8.32638], [-37.60138, -8.33449], [-37.60559, -8.36028], [-37.61839, -8.36788], [-37.61642, -8.37434], [-37.61779, -8.37659], [-37.61883, -8.41252], [-37.61183, -8.41455], [-37.60011, -8.40754], [-37.57773, -8.40449], [-37.57204, -8.41143], [-37.55655, -8.41208], [-37.55428, -8.41774], [-37.53942, -8.43077], [-37.52849, -8.43305], [-37.52594, -8.43995], [-37.5195, -8.43782], [-37.50997, -8.44049], [-37.50676, -8.43599], [-37.49977, -8.441], [-37.49367, -8.43687], [-37.48893, -8.44127], [-37.48043, -8.43981], [-37.46802, -8.44956], [-37.45957, -8.4589], [-37.44214, -8.45413], [-37.43538, -8.4556], [-37.43359, -8.44511], [-37.42981, -8.44353], [-37.42116, -8.45197], [-37.41807, -8.43671], [-37.4147, -8.43798], [-37.41075, -8.43319], [-37.40503, -8.43345], [-37.40231, -8.42667], [-37.39596, -8.43049], [-37.39531, -8.42194], [-37.38329, -8.41626], [-37.38316, -8.41291], [-37.3682, -8.41799], [-37.36813, -8.45071], [-37.36621, -8.79679], [-37.44782, -8.7939], [-37.49684, -8.78985], [-37.50847, -8.80282], [-37.51844, -8.80211], [-37.53621, -8.81375], [-37.54154, -8.8113], [-37.5557, -8.81935], [-37.57032, -8.82513], [-37.58076, -8.82144], [-37.59196, -8.83208], [-37.65247, -8.78793], [-37.66534, -8.78171], [-37.67646, -8.78257], [-37.67984, -8.79138], [-37.6799, -8.78168], [-37.67871, -8.77087], [-37.65845, -8.75984], [-37.6604, -8.73755], [-37.65822, -8.73038], [-37.66534, -8.72268], [-37.66721, -8.72017], [-37.67086, -8.71417], [-37.67734, -8.71382], [-37.68331, -8.70974], [-37.72633, -8.71212], [-37.73147, -8.70871], [-37.75389, -8.70937], [-37.79526, -8.69333], [-37.80413, -8.69321], [-37.82185, -8.70229], [-37.84208, -8.70153], [-37.85344, -8.69523], [-37.86005, -8.68081], [-37.86563, -8.67592], [-37.87666, -8.67571], [-37.88186, -8.66877], [-37.85258, -8.59457], [-37.78736, -8.4131]]]]}},
{"type": "Feature", "id": "2606705", "properties": {"codigo_ibge": 2606705, "municipio": "Ibirajuba", "regiao_saude": "Caruaru", "macro_saude": "Agreste"}, "geometry": {"type": "MultiPolygon", "coordinates": [[[[-36.26676, -8.56199], [-36.22933, -8.57257], [-36.19208, -8.55643], [-36.16591, -8.54708], [-36.09466, -8.59076], [-36.10058, -8.6006], [-36.10576, -8.6031], [-36.10779, -8.59978], [-36.11802, -8.60664], [-36.1252, -8.61101], [-36.12932, -8.6095], [-36.13729, -8.6197], [-36.15479, -8.63051], [-36.16336, -8.64056], [-36.17009, -8.65044], [-36.18141, -8.66441], [-36.18656, -8.71151], [-36.19448, -8.71199], [-36.24798, -8.65492], [-36.26799, -8.62398], [-36.29246, -8.63084], [-36.28577, -8.60658], [-36.27346, -8.56194], [-36.26676, -8.56199]]]]}},
{"type": "Feature", "id": "2606804", "properties": {"codigo_ibge": 2606804, "municipio": "Igarassu", "regiao_saude": "Recife", "macro_saude": "Metropolitana"}, "geometry": {"type": "MultiPolygon", "coordinates": [[[[-34.84739, -7.81561], [-34.84175, -7.82693], [-34.84433, -7.83665], [-34.84047, -7.84404], [-34.84121, -7.85137], [-34.84105, -7.86271], [-34.85474, -7.87111], [-34.86165, -7.8887], [-34.86591, -7.89071], [-34.87992, -7.8924], [-34.88379, -7.88891], [-34.89647, -7.88635], [-34.89983, -7.88622], [-34.90826, -7.88661], [-34.92154, -7.88602], [-34.92955, -7.89149], [-34.93779, -7.89349], [-34.97691, -7.89961], [-35.05378, -7.87965], [-35.03736, -7.87083], [-35.03364, -7.82616], [-35.02063, -7.81673], [-35.02848, -7.79954], [-35.03642, -7.79309], [-35.03954, -7.79384], [-35.03816, -7.76834], [-35.05288, -7.74985], [-35.09111, -7.74011], [-35.09919, -7.7224], [-35.09781, -7.71477], [-35.04637, -7.74325], [-35.04072, -7.7435], [-34.99881, -7.73083], [-34.98257, -7.735], [-34.97671, -7.73336], [-34.97143, -7.72868], [-34.96165, -7.70791], [-34.93767, -7.70472], [-34.92766, -7.69935], [-34.9224, -7.69125], [-34.92356, -7.70189], [-34.94227, -7.72348], [-34.94318, -7.73937], [-34.93639, -7.74882], [-34.93663, -7.75781], [-34.92734, -7.79948], [-34.92489, -7.80609], [-34.90786, -7.80553], [-34.8891, -7.8043], [-34.88244, -7.80856], [-34.86657, -7.81065], [-34.85645, -7.81373], [-34.84739, -7.81561]]]]}},
{"type": "Feature", "id": "2606903", "properties": {"codigo_ibge": 2606903, "municipio": "Iguaraci", "regiao_saude": "Afogados da Ingazeira", "macro_saude": "Sertao Pernambucano"}, "geometry": {"type": "MultiPolygon", "coordinates": [[[[-37.53756, -7.71762], [-37.53184, -7.70885], [-37.52133, -7.70943], [-37.52188, -7.71876], [-37.51395, -7.72769], [-37.50309, -7.73552], [-37.49068, -7.73531], [-37.48784, -7.74588], [-37.48212, -7.74618], [-37.48335, -7.75529], [-37.47781, -7.76251], [-37.47945, -7.77254], [-37.4743, -7.77616], [-37.46609, -7.77523], [-37.46428, -7.7869], [-37.45561, -7.79505], [-37.44254, -7.78989], [-37.43726, -7.79213], [-37.41704, -7.78649], [-37.39595, -7.77487], [-37.35813, -7.77062], [-37.3523, -7.76389], [-37.33777, -7.72963], [-37.32693, -7.72751], [-37.32796, -7.72324], [-37.32332, -7.71978], [-37.31248, -7.71325], [-37.29863, -7.714], [-37.29736, -7.71052], [-37.28447, -7.70456], [-37.27653, -7.71313], [-37.26346, -7.71177], [-37.25152, -7.7175], [-37.24031, -7.73539], [-37.24138, -7.74173], [-37.18652, -7.74512], [-37.17938, -7.75046], [-37.17878, -7.75142], [-37.17468, -7.75637], [-37.1754, -7.79592], [-37.18269, -7.79031], [-37.1912, -7.79076], [-37.19762, -7.79851], [-37.21708, -7.80628], [-37.22266, -7.80365], [-37.23022, -7.80633], [-37.22984, -7.8127], [-37.24332, -7.81859], [-37.24012, -7.82268], [-37.22781, -7.82111], [-37.22175, -7.84184], [-37.24681, -7.84639], [-37.25003, -7.85324], [-37.24458, -7.86118], [-37.24652, -7.86777], [-37.24375, -7.87344], [-37.25304, -7.87983], [-37.28705, -7.90347], [-37.30331, -7.90377], [-37.30767, -7.90753], [-37.32183, -7.91009], [-37.32161, -7.91181], [-37.31095, -7.91232], [-37.30924, -7.91348], [-37.31106, -7.92124], [-37.30771, -7.92665], [-37.30864, -7.93377], [-37.31436, -7.93552], [-37.31728, -7.94236], [-37.34185, -7.94531], [-37.34988, -7.94818], [-37.3543, -7.95422], [-37.38013, -7.95793], [-37.40281, -7.95712], [-37.4251, -7.94002], [-37.43008, -7.94049], [-37.43552, -7.94232], [-37.43913, -7.94821], [-37.45499, -7.95099], [-37.46862, -7.942], [-37.47353, -7.96507], [-37.48121, -7.97188], [-37.48575, -7.9728], [-37.49393, -7.9674], [-37.50663, -7.96745], [-37.53156, -7.97116], [-37.54067, -7.97842], [-37.54918, -7.98931], [-37.56097, -7.99116], [-37.57462, -7.98035], [-37.58776, -7.9813], [-37.58461, -7.97496], [-37.58644, -7.9709], [-37.57741, -7.96047], [-37.55433, -7.94366], [-37.56297, -7.93917], [-37.55214, -7.92104], [-37.56668, -7.91567], [-37.56749, -7.91288], [-37.56854, -7.90075], [-37.57634, -7.89567], [-37.57901, -7.89039], [-37.5849, -7.89041], [-37.58314, -7.87503], [-37.58858, -7.87369], [-37.60488, -7.88369], [-37.61219, -7.89313], [-37.61618, -7.89548], [-37.61691, -7.89417], [-37.62041, -7.88572], [-37.60865, -7.87503], [-37.60356, -7.86219], [-37.60647, -7.85741], [-37.61171, -7.8497], [-37.60547, -7.8512], [-37.59719, -7.84156], [-37.58567, -7.83206], [-37.57647, -7.82688], [-37.58254, -7.81932], [-37.57813, -7.82029], [-37.5672, -7.81424], [-37.56371, -7.80452], [-37.54668, -7.79041], [-37.54638, -7.79005], [-37.53237, -7.77804], [-37.52442, -7.76517], [-37.52154, -7.75294], [-37.5368, -7.72815], [-37.53756, -7.71762]]]]}},
{"type": "Feature", "id": "2607000", "properties": {"codigo_ibge": 2607000, "municipio": "Inaja", "regiao_saude": "Arcoverde", "macro_saude": "Sertao Pernambucano"}, "geometry": {"type": "MultiPolygon", "coordinates": [[[[-38.02438, -8.65189], [-38.01331, -8.64684], [-38.00029, -8.64637], [-37.99295, -8.64677], [-37.97475, -8.65712], [-37.9525, -8.65163], [-37.94797, -8.6462], [-37.95118, -8.634], [-37.93169, -8.61721], [-37.90763, -8.61081], [-37.89947, -8.60401], [-37.89038, -8.60516], [-37.85258, -8.59457], [-37.88186, -8.66877], [-37.87666, -8.67571], [-37.86563, -8.67592], [-37.86005, -8.68081], [-37.85344, -8.69523], [-37.84208, -8.70153], [-37.82185, -8.70229], [-37.80413, -8.69321], [-37.79526, -8.69333], [-37.75389, -8.70937], [-37.73147, -8.70871], [-37.72633, -8.71212], [-37.68331, -8.70974], [-37.67734, -8.71382], [-37.67086, -8.71417], [-37.66721, -8.72017], [-37.66534, -8.72268], [-37.65822, -8.73038], [-37.6604, -8.73755], [-37.65845, -8.75984], [-37.67871, -8.77087], [-37.6799, -8.78168], [-37.67984, -8.79138], [-37.67646, -8.78257], [-37.66534, -8.78171], [-37.65247, -8.78793], [-37.59196, -8.83208], [-37.58076, -8.82144], [-37.57032, -8.82513], [-37.5557, -8.81935], [-37.57388, -8.83777], [-37.59393, -8.85759], [-37.59593, -8.8599], [-37.63534, -8.90201], [-37.70443, -8.93851], [-37.70753, -8.92738], [-37.72133, -8.9151], [-37.72632, -8.90565], [-37.72422, -8.90368], [-37.73395, -8.89723], [-37.73485, -8.88718], [-37.74125, -8.88724], [-37.74577, -8.88271], [-37.74841, -8.86986], [-37.7585, -8.85613], [-37.769, -8.86369], [-37.77569, -8.8621], [-37.78083, -8.86486], [-37.80088, -8.8843], [-37.81145, -8.88433], [-37.82874, -8.89336], [-37.82866, -8.89669], [-37.82247, -8.89962], [-37.82094, -8.91517], [-37.82815, -8.92137], [-37.83329, -8.92599], [-37.82589, -8.9323], [-37.84817, -8.94019], [-37.86451, -8.95911], [-37.88207, -8.95017], [-37.89162, -8.96337], [-37.93271, -8.99782], [-37.94786, -8.99825], [-37.96113, -8.99926], [-37.97774, -9.01929], [-37.98814, -9.00016], [-37.99337, -8.99621], [-38.00515, -8.96242], [-38.00572, -8.813], [-38.0065, -8.67617], [-38.00952, -8.66747], [-38.02438, -8.65189]]]]}},
{"type": "Feature", "id": "2607109", "properties": {"codigo_ibge": 2607109, "municipio": "Ingazeira", "regiao_saude": "Afogados da Ingazeira", "macro_saude": "Sertao Pernambucano"}, "geometry": {"type": "MultiPolygon", "coordinates": [[[[-37.52133, -7.70943], [-37.51795, -7.70269], [-37.49968, -7.69777], [-37.50134, -7.69337], [-37.49487, -7.69161], [-37.49475, -7.68046], [-37.47516, -7.66893], [-37.46961, -7.67253], [-37.46072, -7.67183], [-37.45922, -7.6684], [-37.44234, -7.66748], [-37.43198, -7.66348], [-37.41825, -7.64907], [-37.41617, -7.6424], [-37.41073, -7.64144], [-37.40812, -7.63502], [-37.39925, -7.63554], [-37.39585, -7.63168], [-37.38366, -7.62584], [-37.37663, -7.62609], [-37.37184, -7.62615], [-37.34668, -7.65023], [-37.34282, -7.66184], [-37.34943, -7.68109], [-37.3449, -7.68799], [-37.34118, -7.68791], [-37.32332, -7.71978], [-37.32796, -7.72324], [-37.32693, -7.72751], [-37.33777, -7.72963], [-37.3523, -7.76389], [-37.35813, -7.77062], [-37.39595, -7.77487], [-37.41704, -7.78649], [-37.43726, -7.79213], [-37.44254, -7.78989], [-37.45561, -7.79505], [-37.46428, -7.7869], [-37.46609, -7.77523], [-37.4743, -7.77616], [-37.47945, -7.77254], [-37.47781, -7.76251], [-37.48335, -7.75529], [-37.48212, -7.74618], [-37.48784, -7.74588], [-37.49068, -7.73531], [-37.50309, -7.73552], [-37.51395, -7.72769], [-37.52188, -7.71876], [-37.52133, -7.70943]]]]}},
{"type": "Feature", "id": "2607207", "properties": {"codigo_ibge": 2607207, "municipio": "Ipojuca", "regiao_saude": "Recife", "macro_saude": "Metropolitana"}, "geometry": {"type": "MultiPolygon", "coordinates": [[[[-34.96092, -8.36563], [-34.95193, -8.37532], [-34.96089, -8.3954], [-34.98319, -8.44831], [-34.9854, -8.4603], [-35.00038, -8.49086], [-34.99628, -8.50761], [-35.00189, -8.51577], [-35.00372, -8.52576], [-34.99893, -8.53915], [-35.00167, -8.54708], [-35.00611, -8.55767], [-35.00442, -8.56557], [-35.00898, -8.56715], [-35.01569, -8.56269], [-35.02297, -8.56503], [-35.03019, -8.57288], [-35.03689, -8.58892], [-35.04278, -8.59546], [-35.04305, -8.60451], [-35.04599, -8.60552], [-35.04704, -8.60539], [-35.05693, -8.60316], [-35.06496, -8.59642], [-35.06313, -8.59344], [-35.069, -8.58368], [-35.07306, -8.5822], [-35.07158, -8.57953], [-35.06961, -8.56655], [-35.07447, -8.55886], [-35.08052, -8.55601], [-35.08263, -8.54604], [-35.07562, -8.53643], [-35.07648, -8.53067], [-35.09032, -8.52462], [-35.12554, -8.51379], [-35.12894, -8.51168], [-35.14207, -8.50014], [-35.144, -8.48992], [-35.15291, -8.48741], [-35.16293, -8.48542], [-35.16763, -8.47814], [-35.20267, -8.47861], [-35.22892, -8.43644], [-35.22996, -8.43485], [-35.23773, -8.41704], [-35.22544, -8.40486], [-35.19265, -8.37605], [-35.19271, -8.35911], [-35.18995, -8.35437], [-35.18155, -8.3527], [-35.16946, -8.35299], [-35.15372, -8.32043], [-35.13982, -8.30952], [-35.10791, -8.33364], [-35.1066, -8.32902], [-35.1003, -8.3262], [-35.09513, -8.33019], [-35.08414, -8.33078], [-35.0784, -8.33409], [-35.06974, -8.34744], [-35.06301, -8.34987], [-35.05076, -8.35168], [-35.04384, -8.34884], [-35.02837, -8.36098], [-35.02271, -8.36308], [-35.0157, -8.35982], [-35.01192, -8.35713], [-34.99231, -8.36137], [-34.9889, -8.35592], [-34.98592, -8.35279], [-34.97758, -8.35357], [-34.97543, -8.35952], [-34.96557, -8.36123], [-34.96092, -8.36563]]]]}},
{"type": "Feature", "id": "2607307", "properties": {"codigo_ibge": 2607307, "municipio": "Ipubi", "regiao_saude": "Ouricuri", "macro_saude": "Vale S.Francisco/Araripe"}, "geometry": {"type": "MultiPolygon", "coordinates": [[[[-40.37245, -7.38493], [-40.32266, -7.37492], [-40.31862, -7.37389], [-40.29028, -7.38717], [-40.27905, -7.38763], [-40.27169, -7.39171], [-40.24608, -7.43331], [-40.14955, -7.41386], [-40.13068, -7.5254], [-40.10358, -7.68652], [-40.16212, -7.70246], [-40.21223, -7.67716], [-40.26167, -7.68742], [-40.28598, -7.62662], [-40.37005, -7.41624], [-40.37245, -7.38493]]]]}},
{"type": "Feature", "id": "2607406", "properties": {"codigo_ibge": 2607406, "municipio": "Itacuruba", "regiao_saude": "Serra Talhada", "macro_saude": "Sertao Pernambucano"}, "geometry": {"type": "MultiPolygon", "coordinates": [[[[-38.62889, -8.62061], [-38.62866, -8.62067], [-38.63115, -8.62864], [-38.63889, -8.63074], [-38.63046, -8.63691], [-38.62652, -8.65385], [-38.62849, -8.65953], [-38.62264, -8.66657], [-38.62811, -8.6818], [-38.64095, -8.69534], [-38.64344, -8.71197], [-38.65228, -8.72826], [-38.66109, -8.77282], [-38.65926, -8.79516], [-38.66338, -8.8062], [-38.6571, -8.82934], [-38.65924, -8.89192], [-38.67305, -8.90978], [-38.69415, -8.91866], [-38.69572, -8.89011], [-38.70619, -8.86184], [-38.71674, -8.85274], [-38.73933, -8.84443], [-38.78837, -8.79924], [-38.80372, -8.78876], [-38.85459, -8.78411], [-38.85691, -8.77499], [-38.84846, -8.76715], [-38.8516, -8.76487], [-38.85057, -8.73962], [-38.85445, -8.72888], [-38.84521, -8.7149], [-38.8432, -8.69536], [-38.79656, -8.67866], [-38.62889, -8.62061]]]]}},
{"type": "Feature", "id": "2607505", "properties": {"codigo_ibge": 2607505, "municipio": "Itaiba", "regiao_saude": "Garanhuns", "macro_saude": "Agreste"}, "geometry": {"type": "MultiPolygon", "coordinates": [[[[-37.52398, -8.96455], [-37.52495, -8.95396], [-37.51965, -8.94051], [-37.5081, -8.93623], [-37.50089, -8.92863], [-37.48999, -8.93003], [-37.48278, -8.92452], [-37.47037, -8.92902], [-37.45977, -8.93738], [-37.45814, -8.93441], [-37.45182, -8.92439], [-37.45131, -8.9138], [-37.45827, -8.90634], [-37.45647, -8.89681], [-37.46132, -8.89184], [-37.45848, -8.88289], [-37.45638, -8.87671], [-37.44967, -8.87149], [-37.45147, -8.86492], [-37.45512, -8.86403], [-37.45436, -8.85387], [-37.45162, -8.8489], [-37.44567, -8.85008], [-37.44304, -8.85624], [-37.42659, -8.85527], [-37.41911, -8.86371], [-37.42096, -8.87134], [-37.40352, -8.87522], [-37.39846, -8.87704], [-37.39624, -8.87258], [-37.39483, -8.86591], [-37.39986, -8.83919], [-37.39406, -8.83332], [-37.39179, -8.82376], [-37.3662, -8.7984], [-37.36586, -8.8022], [-37.36315, -8.81949], [-37.34937, -8.82565], [-37.3471, -8.83168], [-37.33998, -8.83666], [-37.33616, -8.83733], [-37.33521, -8.83426], [-37.32437, -8.83807], [-37.31778, -8.82718], [-37.30816, -8.82527], [-37.29704, -8.8223], [-37.28938, -8.82507], [-37.28169, -8.81787], [-37.27717, -8.81635], [-37.27231, -8.8208], [-37.26707, -8.81508], [-37.26321, -8.8169], [-37.25887, -8.81363], [-37.24717, -8.81388], [-37.24922, -8.81947], [-37.23674, -8.826], [-37.23259, -8.83699], [-37.23522, -8.84095], [-37.22462, -8.85376], [-37.22761, -8.86582], [-37.222, -8.86645], [-37.22437, -8.8715], [-37.21975, -8.88457], [-37.21253, -8.88752], [-37.20516, -8.89748], [-37.19823, -8.8998], [-37.19713, -8.90907], [-37.18748, -8.91905], [-37.16903, -8.94064], [-37.16407, -8.93889], [-37.1581, -8.93918], [-37.15499, -8.94527], [-37.14519, -8.94568], [-37.1395, -8.94526], [-37.11411, -8.95955], [-37.10089, -8.95986], [-37.099, -8.97061], [-37.09995, -8.97224], [-37.10604, -8.99262], [-37.1108, -8.9965], [-37.11026, -9.00223], [-37.12107, -9.01251], [-37.12576, -9.01615], [-37.13092, -9.02943], [-37.14205, -9.0367], [-37.14464, -9.04328], [-37.15525, -9.05313], [-37.16202, -9.07268], [-37.16033, -9.091], [-37.1625, -9.0942], [-37.16164, -9.12263], [-37.15878, -9.12599], [-37.16037, -9.13983], [-37.16628, -9.15069], [-37.1699, -9.16859], [-37.17832, -9.1808], [-37.18513, -9.19996], [-37.19473, -9.20341], [-37.19797, -9.21506], [-37.20719, -9.21789], [-37.234, -9.23975], [-37.23355, -9.23173], [-37.22844, -9.22511], [-37.23201, -9.2219], [-37.23322, -9.20617], [-37.23883, -9.2029], [-37.24644, -9.18996], [-37.24289, -9.18562], [-37.24674, -9.1786], [-37.2597, -9.16461], [-37.26206, -9.1596], [-37.28194, -9.14842], [-37.29646, -9.12037], [-37.31071, -9.10713], [-37.31036, -9.1], [-37.31518, -9.09385], [-37.32736, -9.09281], [-37.33622, -9.08082], [-37.34019, -9.07911], [-37.39196, -9.05531], [-37.4003, -9.05151], [-37.41811, -9.04341], [-37.43362, -9.02929], [-37.44563, -9.02619], [-37.46903, -9.02726], [-37.49341, -9.00027], [-37.49111, -8.9936], [-37.48666, -8.97514], [-37.48999, -8.96549], [-37.5096, -8.96657], [-37.52398, -8.96455]]]]}},
{"type": "Feature", "id": "2607604", "properties": {"codigo_ibge": 2607604, "municipio": "Ilha de Itamaraca", "regiao_saude": "Recife", "macro_saude": "Metropolitana"}, "geometry": {"type": "MultiPolygon", "coordinates": [[[[-34.846, -7.68828], [-34.84189, -7.69501], [-34.83132, -7.70013], [-34.83342, -7.71114], [-34.83078, -7.72624], [-34.82577, -7.72617], [-34.82269, -7.74326], [-34.8373, -7.79157], [-34.83622, -7.80964], [-34.84703, -7.81216], [-34.84739, -7.81561], [-34.85645, -7.81373], [-34.86657, -7.81065], [-34.88244, -7.80856], [-34.8891, -7.8043], [-34.88701, -7.76976], [-34.87696, -7.74021], [-34.8698, -7.73766], [-34.86224, -7.72934], [-34.86386, -7.71294], [-34.85219, -7.6901], [-34.84706, -7.68834], [-34.846, -7.68828]]]]}},
{"type": "Feature", "id": "2607653", "properties": {"codigo_ibge": 2607653, "municipio": "Itambe", "regiao_saude": "Goiana", "macro_saude": "Metropolitana"}, "geometry": {"type": "MultiPolygon", "coordinates": [[[[-35.1534, -7.39239], [-35.15091, -7.39303], [-35.12594, -7.3995], [-35.12584, -7.39953], [-35.1251, -7.40219], [-35.10408, -7.40655], [-35.09747, -7.40792], [-35.09288, -7.40591], [-35.08889, -7.40415], [-35.08271, -7.39915], [-35.07958, -7.39662], [-35.07869, -7.3959], [-35.07634, -7.39688], [-35.0652, -7.40155], [-35.04778, -7.4174], [-35.02924, -7.42541], [-35.00242, -7.45312], [-34.9851, -7.4616], [-35.07748, -7.51339], [-35.06098, -7.54078], [-35.06938, -7.54506], [-35.07701, -7.54243], [-35.08709, -7.54688], [-35.09686, -7.54325], [-35.10709, -7.53061], [-35.11269, -7.53639], [-35.12138, -7.53456], [-35.12025, -7.54144], [-35.12836, -7.53464], [-35.13926, -7.52119], [-35.1397, -7.51148], [-35.15162, -7.50646], [-35.15803, -7.50243], [-35.15873, -7.49689], [-35.1641, -7.49636], [-35.16328, -7.49225], [-35.17401, -7.49009], [-35.17358, -7.48369], [-35.18155, -7.48379], [-35.18687, -7.47567], [-35.20673, -7.46973], [-35.20834, -7.46017], [-35.21539, -7.46088], [-35.22653, -7.45178], [-35.23682, -7.44019], [-35.24116, -7.4318], [-35.24567, -7.42374], [-35.26682, -7.40908], [-35.28104, -7.40405], [-35.31043, -7.41225], [-35.31276, -7.41664], [-35.32009, -7.41918], [-35.33394, -7.41446], [-35.3347, -7.4064], [-35.32377, -7.41091], [-35.31583, -7.40528], [-35.30619, -7.40751], [-35.28064, -7.38785], [-35.27985, -7.38725], [-35.25486, -7.37769], [-35.24574, -7.3742], [-35.24466, -7.37444], [-35.24027, -7.37543], [-35.22899, -7.37796], [-35.22425, -7.37887], [-35.22181, -7.37969], [-35.20074, -7.38682], [-35.19923, -7.38732], [-35.19042, -7.39748], [-35.18048, -7.39549], [-35.17175, -7.38763], [-35.1534, -7.39239]]]]}},
{"type": "Feature", "id": "2607703", "properties": {"codigo_ibge": 2607703, "municipio": "Itapetim", "regiao_saude": "Afogados da Ingazeira", "macro_saude": "Sertao Pernambucano"}, "geometry": {"type": "MultiPolygon", "coordinates": [[[[-37.26043, -7.27479], [-37.23366, -7.27396], [-37.22236, -7.28566], [-37.21384, -7.2909], [-37.19633, -7.29426], [-37.17658, -7.30915], [-37.16819, -7.31955], [-37.165, -7.33619], [-37.15673, -7.33781], [-37.1446, -7.33464], [-37.13498, -7.34626], [-37.12764, -7.3436], [-37.12122, -7.35051], [-37.10637, -7.35348], [-37.08528, -7.35785], [-37.07261, -7.36787], [-37.06754, -7.3817], [-37.05285, -7.37909], [-37.04804, -7.37779], [-37.02758, -7.38546], [-37.01324, -7.40334], [-37.01336, -7.40339], [-37.02564, -7.42206], [-37.01642, -7.42569], [-37.01417, -7.42996], [-37.02328, -7.43346], [-37.02246, -7.43562], [-37.01284, -7.44458], [-37.01039, -7.45323], [-36.99697, -7.45899], [-36.99372, -7.4643], [-36.99511, -7.47218], [-36.98508, -7.47519], [-36.98389, -7.48185], [-37.00291, -7.49598], [-37.01022, -7.48915], [-37.02486, -7.49629], [-37.02642, -7.49681], [-37.1259, -7.47932], [-37.15905, -7.49464], [-37.15775, -7.48686], [-37.16245, -7.48272], [-37.15855, -7.4745], [-37.16268, -7.47037], [-37.16174, -7.46625], [-37.15389, -7.45394], [-37.17126, -7.44978], [-37.18526, -7.45227], [-37.19568, -7.43881], [-37.1981, -7.43048], [-37.19453, -7.4251], [-37.20179, -7.41214], [-37.22661, -7.41338], [-37.2482, -7.39625], [-37.27003, -7.39306], [-37.28262, -7.3692], [-37.27973, -7.35801], [-37.27931, -7.35248], [-37.27811, -7.34673], [-37.27073, -7.3356], [-37.27279, -7.32641], [-37.26146, -7.30742], [-37.26043, -7.27479]]]]}},
{"type": "Feature", "id": "2607751", "properties": {"codigo_ibge": 2607751, "municipio": "Itapissuma", "regiao_saude": "Recife", "macro_saude": "Metropolitana"}, "geometry": {"type": "MultiPolygon", "coordinates": [[[[-34.9224, -7.69125], [-34.89791, -7.68291], [-34.8984, -7.6872], [-34.89529, -7.68717], [-34.89589, -7.69092], [-34.89031, -7.69419], [-34.8967, -7.69925], [-34.8958, -7.70344], [-34.88631, -7.71286], [-34.87842, -7.71004], [-34.86386, -7.71294], [-34.86224, -7.72934], [-34.8698, -7.73766], [-34.87696, -7.74021], [-34.88701, -7.76976], [-34.8891, -7.8043], [-34.90786, -7.80553], [-34.92489, -7.80609], [-34.92734, -7.79948], [-34.93663, -7.75781], [-34.93639, -7.74882], [-34.94318, -7.73937], [-34.94227, -7.72348], [-34.92356, -7.70189], [-34.9224, -7.69125]]]]}},
{"type": "Feature", "id": "2607802", "properties": {"codigo_ibge": 2607802, "municipio": "Itaquitinga", "regiao_saude": "Goiana", "macro_saude": "Metropolitana"}, "geometry": {"type": "MultiPolygon", "coordinates": [[[[-35.07219, -7.61789], [-35.01397, -7.69922], [-34.98704, -7.70401], [-34.97968, -7.70143], [-34.96165, -7.70791], [-34.97143, -7.72868], [-34.97671, -7.73336], [-34.98257, -7.735], [-34.99881, -7.73083], [-35.04072, -7.7435], [-35.04637, -7.74325], [-35.09781, -7.71477], [-35.09099, -7.69152], [-35.08733, -7.6809], [-35.09185, -7.67823], [-35.09146, -7.67521], [-35.11845, -7.67054], [-35.11369, -7.66834], [-35.11334, -7.66009], [-35.10587, -7.6442], [-35.10077, -7.64533], [-35.09298, -7.63822], [-35.08776, -7.6396], [-35.08168, -7.63582], [-35.08066, -7.6285], [-35.07635, -7.62651], [-35.07697, -7.6229], [-35.07276, -7.62163], [-35.07219, -7.61789]]]]}},
{"type": "Feature", "id": "2607901", "properties": {"codigo_ibge": 2607901, "municipio": "Jaboatao dos Guararapes", "regiao_saude": "Recife", "macro_saude": "Metropolitana"}, "geometry": {"type": "MultiPolygon", "coordinates": [[[[-34.92451, -8.22419], [-34.93096, -8.22864], [-34.93701, -8.23991], [-34.94404, -8.24188], [-34.95667, -8.23081], [-34.95532, -8.22559], [-34.9624, -8.21505], [-34.96618, -8.21449], [-34.97079, -8.21651], [-34.97032, -8.22472], [-34.97702, -8.23135], [-34.984, -8.22924], [-34.98285, -8.22577], [-34.98559, -8.22461], [-34.98626, -8.21839], [-34.99162, -8.22517], [-34.99479, -8.22405], [-35.00446, -8.20896], [-35.00608, -8.20711], [-35.06226, -8.22124], [-35.06769, -8.20895], [-35.06597, -8.19976], [-35.06683, -8.19822], [-35.09658, -8.161], [-35.05875, -8.08696], [-35.05314, -8.07537], [-35.0496, -8.06789], [-35.01479, -8.05609], [-35.00262, -8.06388], [-34.99591, -8.06113], [-34.98569, -8.07479], [-34.97739, -8.0796], [-34.97206, -8.07902], [-34.97436, -8.08575], [-34.96974, -8.08929], [-34.96408, -8.11519], [-34.94486, -8.13725], [-34.92303, -8.14014], [-34.91587, -8.14414], [-34.91185, -8.16221], [-34.91818, -8.18455], [-34.91628, -8.20766], [-34.92451, -8.22419]]]]}},
{"type": "Feature", "id": "2607950", "properties": {"codigo_ibge": 2607950, "municipio": "Jaqueira", "regiao_saude": "Palmares", "macro_saude": "Metropolitana"}, "geometry": {"type": "MultiPolygon", "coordinates": [[[[-35.85732, -8.74765], [-35.84537, -8.73313], [-35.84481, -8.71568], [-35.8207, -8.70857], [-35.8179, -8.69916], [-35.82105, -8.69507], [-35.81775, -8.68803], [-35.81869, -8.68335], [-35.80999, -8.67257], [-35.81148, -8.68927], [-35.8165, -8.69375], [-35.81531, -8.70618], [-35.81012, -8.69844], [-35.80516, -8.69725], [-35.80207, -8.70156], [-35.7935, -8.69676], [-35.78813, -8.70288], [-35.78894, -8.70748], [-35.7785, -8.71084], [-35.77119, -8.70325], [-35.7636, -8.70557], [-35.75485, -8.70078], [-35.74811, -8.70249], [-35.74358, -8.71823], [-35.74995, -8.71908], [-35.75098, -8.72274], [-35.74911, -8.72948], [-35.76281, -8.73977], [-35.76788, -8.74922], [-35.76749, -8.75871], [-35.77655, -8.76762], [-35.78124, -8.77578], [-35.78925, -8.77616], [-35.80469, -8.78647], [-35.80986, -8.77752], [-35.81039, -8.77737], [-35.815, -8.78736], [-35.81735, -8.79041], [-35.8255, -8.79407], [-35.82401, -8.80048], [-35.83656, -8.801], [-35.83911, -8.80657], [-35.84686, -8.80758], [-35.85281, -8.7513], [-35.85732, -8.74765]]]]}},
{"type": "Feature", "id": "2608007", "properties": {"codigo_ibge": 2608007, "municipio": "Jatauba", "regiao_saude": "Caruaru", "macro_saude": "Agreste"}, "geometry": {"type": "MultiPolygon", "coordinates": [[[[-36.53613, -7.9012], [-36.53604, -7.90125], [-36.51252, -7.91446], [-36.49905, -7.9199], [-36.48863, -7.91534], [-36.48462, -7.91869], [-36.47865, -7.92367], [-36.46376, -7.91494], [-36.44597, -7.91597], [-36.44342, -7.91985], [-36.37993, -7.9763], [-36.44368, -8.14545], [-36.49353, -8.12634], [-36.49197, -8.13613], [-36.50136, -8.15061], [-36.51213, -8.1585], [-36.52386, -8.18115], [-36.52787, -8.18287], [-36.53146, -8.18477], [-36.53156, -8.19215], [-36.54712, -8.20967], [-36.56383, -8.20536], [-36.57227, -8.20771], [-36.58083, -8.20539], [-36.58935, -8.20878], [-36.60562, -8.21195], [-36.61903, -8.21344], [-36.63364, -8.21324], [-36.64695, -8.20521], [-36.66192, -8.18274], [-36.67965, -8.17647], [-36.6867, -8.15527], [-36.6932, -8.14107], [-36.68554, -8.1354], [-36.66612, -8.12359], [-36.6372, -8.11814], [-36.62828, -8.11064], [-36.62752, -8.10245], [-36.63665, -8.09284], [-36.6469, -8.09208], [-36.65002, -8.08092], [-36.65834, -8.0794], [-36.65345, -8.06997], [-36.62752, -8.05534], [-36.62751, -7.98599], [-36.62279, -7.98062], [-36.62232, -7.9691], [-36.61095, -7.94774], [-36.58987, -7.95681], [-36.57645, -7.95923], [-36.57337, -7.95486], [-36.57965, -7.94627], [-36.57228, -7.93557], [-36.57227, -7.93554], [-36.57787, -7.91484], [-36.57221, -7.90548], [-36.57137, -7.90409], [-36.56947, -7.90353], [-36.55169, -7.8983], [-36.53613, -7.9012]]]]}},
{"type": "Feature", "id": "2608057", "properties": {"codigo_ibge": 2608057, "municipio": "Jatoba", "regiao_saude": "Arcoverde", "macro_saude": "Sertao Pernambucano"}, "geometry": {"type": "MultiPolygon", "coordinates": [[[[-38.20464, -9.10355], [-38.20126, -9.13029], [-38.19793, -9.15189], [-38.09194, -9.17231], [-38.10223, -9.17979], [-38.1189, -9.20138], [-38.14356, -9.21778], [-38.15596, -9.24194], [-38.15604, -9.2521], [-38.15763, -9.26341], [-38.18033, -9.29126], [-38.20273, -9.29648], [-38.23724, -9.32937], [-38.25019, -9.29006], [-38.28716, -9.21671], [-38.27989, -9.20608], [-38.27973, -9.20584], [-38.28724, -9.17349], [-38.30545, -9.15318], [-38.3113, -9.14745], [-38.20464, -9.10355]]]]}},
{"type": "Feature", "id": "2608107", "properties": {"codigo_ibge": 2608107, "municipio": "Joao Alfredo", "regiao_saude": "Limoeiro", "macro_saude": "Metropolitana"}, "geometry": {"type": "MultiPolygon", "coordinates": [[[[-35.68735, -7.847], [-35.68419, -7.84404], [-35.59793, -7.83781], [-35.57883, -7.8279], [-35.56839, -7.8336], [-35.5647, -7.83069], [-35.556, -7.82553], [-35.54845, -7.82243], [-35.5263, -7.80637], [-35.52129, -7.80357], [-35.51963, -7.80194], [-35.51102, -7.8009], [-35.50171, -7.80715], [-35.51018, -7.86042], [-35.51796, -7.87212], [-35.52761, -7.87832], [-35.52263, -7.89276], [-35.52037, -7.90393], [-35.53357, -7.89352], [-35.55201, -7.89818], [-35.55638, -7.89095], [-35.56126, -7.88913], [-35.57625, -7.89432], [-35.58924, -7.89328], [-35.59469, -7.88943], [-35.61409, -7.87631], [-35.68074, -7.90959], [-35.68352, -7.90767], [-35.6936, -7.89957], [-35.69146, -7.89622], [-35.6946, -7.89368], [-35.68868, -7.88827], [-35.69, -7.87741], [-35.68496, -7.86811], [-35.68735, -7.847]]]]}},
{"type": "Feature", "id": "2608206", "properties": {"codigo_ibge": 2608206, "municipio": "Joaquim Nabuco", "regiao_saude": "Palmares", "macro_saude": "Metropolitana"}, "geometry": {"type": "MultiPolygon", "coordinates": [[[[-35.53642, -8.48208], [-35.52449, -8.49331], [-35.52422, -8.50503], [-35.51685, -8.50319], [-35.51493, -8.5039], [-35.50755, -8.49818], [-35.50622, -8.50165], [-35.4999, -8.49764], [-35.48936, -8.49412], [-35.48597, -8.49819], [-35.4873, -8.50227], [-35.48738, -8.50558], [-35.52091, -8.5562], [-35.52356, -8.57987], [-35.51235, -8.63488], [-35.53731, -8.65828], [-35.54354, -8.65747], [-35.54329, -8.64352], [-35.54425, -8.64272], [-35.54972, -8.64252], [-35.55629, -8.64181], [-35.56067, -8.63752], [-35.57052, -8.62941], [-35.58741, -8.51721], [-35.58576, -8.51095], [-35.57264, -8.5027], [-35.56975, -8.498], [-35.55046, -8.48743], [-35.53897, -8.4842], [-35.53642, -8.48208]]]]}},
{"type": "Feature", "id": "2608255", "properties": {"codigo_ibge": 2608255, "municipio": "Jucati", "regiao_saude": "Garanhuns", "macro_saude": "Agreste"}, "geometry": {"type": "MultiPolygon", "coordinates": [[[[-36.44411, -8.80048], [-36.45321, -8.80208], [-36.45625, -8.79895], [-36.47232, -8.80221], [-36.48172, -8.79673], [-36.48489, -8.79576], [-36.48669, -8.79527], [-36.4999, -8.7801], [-36.50359, -8.78092], [-36.51529, -8.77055], [-36.51682, -8.76132], [-36.51194, -8.75798], [-36.50661, -8.74371], [-36.51455, -8.73325], [-36.51349, -8.73073], [-36.49793, -8.71654], [-36.50793, -8.70756], [-36.49186, -8.70558], [-36.48688, -8.70347], [-36.48339, -8.70259], [-36.46726, -8.69025], [-36.46906, -8.67963], [-36.46317, -8.66846], [-36.46581, -8.6644], [-36.46569, -8.66421], [-36.45974, -8.66696], [-36.45204, -8.66402], [-36.44789, -8.65737], [-36.40031, -8.77731], [-36.4081, -8.78021], [-36.4081, -8.78327], [-36.42684, -8.79841], [-36.43768, -8.79775], [-36.43879, -8.79783], [-36.44411, -8.80048]]]]}},
{"type": "Feature", "id": "2608305", "properties": {"codigo_ibge": 2608305, "municipio": "Jupi", "regiao_saude": "Garanhuns", "macro_saude": "Agreste"}, "geometry": {"type": "MultiPolygon", "coordinates": [[[[-36.44789, -8.65737], [-36.38214, -8.63456], [-36.38213, -8.63479], [-36.37136, -8.74353], [-36.30624, -8.79843], [-36.29958, -8.83103], [-36.30297, -8.8294], [-36.30926, -8.82582], [-36.31178, -8.82846], [-36.31612, -8.8238], [-36.3184, -8.81097], [-36.31438, -8.80301], [-36.32127, -8.80718], [-36.32497, -8.79783], [-36.33334, -8.8051], [-36.34164, -8.80103], [-36.346, -8.8018], [-36.3454, -8.79403], [-36.34991, -8.78506], [-36.36086, -8.79184], [-36.36065, -8.79763], [-36.3779, -8.79096], [-36.38207, -8.7936], [-36.39091, -8.79043], [-36.39476, -8.79324], [-36.39991, -8.79132], [-36.40113, -8.78434], [-36.39416, -8.78438], [-36.39252, -8.78174], [-36.39359, -8.77785], [-36.40031, -8.77731], [-36.44789, -8.65737]]]]}},
{"type": "Feature", "id": "2608404", "properties": {"codigo_ibge": 2608404, "municipio": "Jurema", "regiao_saude": "Caruaru", "macro_saude": "Agreste"}, "geometry": {"type": "MultiPolygon", "coordinates": [[[[-36.18656, -8.71151], [-36.18141, -8.66441], [-36.13156, -8.70848], [-36.12386, -8.71499], [-36.0757, -8.72049], [-36.09386, -8.73097], [-36.0883, -8.73414], [-36.07561, -8.73133], [-36.07513, -8.77011], [-36.08915, -8.77594], [-36.09284, -8.78133], [-36.12065, -8.83638], [-36.13589, -8.83362], [-36.14103, -8.82514], [-36.14933, -8.82565], [-36.15188, -8.81799], [-36.14685, -8.81015], [-36.15044, -8.80734], [-36.1488, -8.80404], [-36.15693, -8.80472], [-36.15808, -8.79742], [-36.16246, -8.79387], [-36.16912, -8.79348], [-36.17875, -8.7818], [-36.18556, -8.7814], [-36.18734, -8.78684], [-36.21636, -8.79293], [-36.18428, -8.71139], [-36.18656, -8.71151]]]]}},
{"type": "Feature", "id": "2608453", "properties": {"codigo_ibge": 2608453, "municipio": "Lagoa do Carro", "regiao_saude": "Limoeiro", "macro_saude": "Metropolitana"}, "geometry": {"type": "MultiPolygon", "coordinates": [[[[-35.40358, -7.82407], [-35.39549, -7.82703], [-35.38463, -7.81924], [-35.37594, -7.81798], [-35.35678, -7.82854], [-35.34965, -7.82925], [-35.34469, -7.8249], [-35.33716, -7.8212], [-35.32821, -7.8239], [-35.31952, -7.82446], [-35.31784, -7.83028], [-35.30125, -7.82681], [-35.29515, -7.82008], [-35.28208, -7.83966], [-35.28575, -7.84237], [-35.28344, -7.85311], [-35.28912, -7.87397], [-35.29758, -7.8831], [-35.30925, -7.88466], [-35.31392, -7.88636], [-35.3299, -7.87949], [-35.33403, -7.88282], [-35.33621, -7.89492], [-35.34495, -7.88935], [-35.3551, -7.89022], [-35.36618, -7.87385], [-35.37005, -7.869], [-35.37014, -7.85929], [-35.38921, -7.85119], [-35.40358, -7.82407]]]]}},
{"type": "Feature", "id": "2608503", "properties": {"codigo_ibge": 2608503, "municipio": "Lagoa do Itaenga", "regiao_saude": "Limoeiro", "macro_saude": "Metropolitana"}, "geometry": {"type": "MultiPolygon", "coordinates": [[[[-35.28912, -7.87397], [-35.28519, -7.87382], [-35.28003, -7.88023], [-35.27277, -7.88994], [-35.26785, -7.89207], [-35.24291, -7.88635], [-35.24139, -7.88696], [-35.24108, -7.88788], [-35.24958, -7.89829], [-35.25352, -7.91521], [-35.25414, -7.94603], [-35.29082, -7.93799], [-35.29718, -7.93839], [-35.30032, -7.93665], [-35.30413, -7.94123], [-35.32128, -7.93222], [-35.32594, -7.92823], [-35.3551, -7.89022], [-35.34495, -7.88935], [-35.33621, -7.89492], [-35.33403, -7.88282], [-35.3299, -7.87949], [-35.31392, -7.88636], [-35.30925, -7.88466], [-35.29758, -7.8831], [-35.28912, -7.87397]]]]}},
{"type": "Feature", "id": "2608602", "properties": {"codigo_ibge": 2608602, "municipio": "Lagoa do Ouro", "regiao_saude": "Garanhuns", "macro_saude": "Agreste"}, "geometry": {"type": "MultiPolygon", "coordinates": [[[[-36.47799, -9.08554], [-36.47792, -9.08918], [-36.46487, -9.07766], [-36.45281, -9.07247], [-36.44661, -9.07374], [-36.44481, -9.06938], [-36.43325, -9.08023], [-36.4368, -9.08315], [-36.42898, -9.08535], [-36.42532, -9.08985], [-36.41475, -9.08758], [-36.40492, -9.19169], [-36.40262, -9.22241], [-36.40833, -9.2215], [-36.41497, -9.22925], [-36.41947, -9.22915], [-36.42403, -9.2256], [-36.42297, -9.21523], [-36.43667, -9.21168], [-36.44034, -9.21848], [-36.45388, -9.22574], [-36.45333, -9.23197], [-36.45919, -9.23336], [-36.46218, -9.23883], [-36.47579, -9.24335], [-36.48099, -9.23906], [-36.48756, -9.2412], [-36.48948, -9.25222], [-36.49236, -9.25376], [-36.49112, -9.26126], [-36.49832, -9.26449], [-36.50004, -9.26236], [-36.50745, -9.26016], [-36.50869, -9.2549], [-36.51121, -9.24827], [-36.50701, -9.23392], [-36.51325, -9.23166], [-36.52367, -9.21504], [-36.51982, -9.21115], [-36.52036, -9.20652], [-36.52457, -9.20943], [-36.51967, -9.19901], [-36.52231, -9.19518], [-36.52028, -9.1906], [-36.52547, -9.18636], [-36.50718, -9.17583], [-36.50723, -9.16953], [-36.50299, -9.16495], [-36.51384, -9.15933], [-36.51208, -9.1469], [-36.51811, -9.14114], [-36.51067, -9.13638], [-36.51503, -9.12728], [-36.51579, -9.12175], [-36.52585, -9.11859], [-36.5238, -9.1165], [-36.52621, -9.10946], [-36.533, -9.10866], [-36.52993, -9.10312], [-36.49024, -9.09056], [-36.47799, -9.08554]]]]}},
{"type": "Feature", "id": "2608701", "properties": {"codigo_ibge": 2608701, "municipio": "Lagoa dos Gatos", "regiao_saude": "Palmares", "macro_saude": "Metropolitana"}, "geometry": {"type": "MultiPolygon", "coordinates": [[[[-35.80999, -8.67257], [-35.81869, -8.68335], [-35.81775, -8.68803], [-35.82105, -8.69507], [-35.8179, -8.69916], [-35.8207, -8.70857], [-35.84481, -8.71568], [-35.84537, -8.73313], [-35.85732, -8.74765], [-35.86798, -8.75433], [-35.91182, -8.75049], [-35.91725, -8.74765], [-35.91999, -8.75034], [-35.92008, -8.76118], [-35.91103, -8.76531], [-35.91832, -8.76842], [-35.92371, -8.7616], [-35.93456, -8.75564], [-35.93866, -8.75652], [-35.96391, -8.73464], [-35.96725, -8.74365], [-35.97319, -8.74388], [-35.97334, -8.73455], [-35.97873, -8.72549], [-35.97615, -8.71015], [-35.97234, -8.70928], [-35.97352, -8.6793], [-35.97284, -8.67133], [-35.94765, -8.62907], [-35.90933, -8.62078], [-35.89948, -8.61745], [-35.89701, -8.61527], [-35.87406, -8.61035], [-35.85364, -8.60463], [-35.84077, -8.60097], [-35.83445, -8.60463], [-35.83739, -8.61669], [-35.8376, -8.62363], [-35.83327, -8.62903], [-35.82825, -8.625], [-35.82451, -8.62585], [-35.82144, -8.62551], [-35.81561, -8.63413], [-35.82064, -8.63951], [-35.8156, -8.63884], [-35.80798, -8.64724], [-35.80999, -8.67257]]]]}},
{"type": "Feature", "id": "2608750", "properties": {"codigo_ibge": 2608750, "municipio": "Lagoa Grande", "regiao_saude": "Petrolina", "macro_saude": "Vale S.Francisco/Araripe"}, "geometry": {"type": "MultiPolygon", "coordinates": [[[[-40.35089, -8.50853], [-40.34051, -8.5173], [-40.33313, -8.51849], [-40.32655, -8.51312], [-40.31844, -8.51606], [-40.30471, -8.51288], [-40.29889, -8.50683], [-40.29893, -8.50125], [-40.28949, -8.49863], [-40.28712, -8.50666], [-40.27281, -8.50914], [-40.26679, -8.50429], [-40.26614, -8.50083], [-40.2572, -8.49612], [-40.2541, -8.50651], [-40.24345, -8.51081], [-40.23204, -8.5049], [-40.21402, -8.50307], [-40.19622, -8.5122], [-40.18686, -8.52706], [-40.18137, -8.525], [-40.17701, -8.5282], [-40.17735, -8.54], [-40.16499, -8.54836], [-40.1657, -8.57245], [-40.15713, -8.57599], [-40.15479, -8.58283], [-40.14613, -8.58761], [-40.14304, -8.59564], [-40.13346, -8.60537], [-40.12056, -8.61135], [-40.1008, -8.61129], [-40.09132, -8.61709], [-40.08624, -8.63044], [-40.07401, -8.63143], [-40.07344, -8.63498], [-40.0677, -8.74939], [-40.09661, -8.95653], [-40.08796, -8.95012], [-40.07198, -8.9539], [-40.06627, -8.96289], [-40.04929, -8.9724], [-40.04382, -8.97209], [-40.03655, -8.97859], [-40.04481, -8.98608], [-40.04742, -8.99628], [-40.0302, -9.00536], [-40.02394, -9.01847], [-40.0284, -9.02647], [-40.02393, -9.05014], [-40.02375, -9.05742], [-40.00455, -9.05938], [-40.0652, -9.06265], [-40.07318, -9.07495], [-40.09158, -9.0867], [-40.10154, -9.09278], [-40.12837, -9.10918], [-40.15074, -9.10672], [-40.16464, -9.10607], [-40.17072, -9.09303], [-40.17326, -9.09103], [-40.18844, -9.07911], [-40.20863, -9.06391], [-40.20775, -9.06106], [-40.2091, -9.05525], [-40.21955, -9.04776], [-40.22234, -9.03811], [-40.23247, -9.03051], [-40.23196, -9.01678], [-40.24248, -9.00126], [-40.25984, -8.99008], [-40.26903, -8.99632], [-40.27087, -9.00158], [-40.27234, -9.00291], [-40.27905, -9.00707], [-40.28315, -9.0079], [-40.29632, -8.99454], [-40.2988, -8.9864], [-40.29331, -8.97087], [-40.30462, -8.95397], [-40.29705, -8.9385], [-40.28966, -8.93998], [-40.28421, -8.93391], [-40.27164, -8.92897], [-40.27535, -8.9098], [-40.27274, -8.90096], [-40.29588, -8.87892], [-40.29801, -8.87025], [-40.30485, -8.86894], [-40.31099, -8.86194], [-40.34352, -8.86316], [-40.36174, -8.85305], [-40.35888, -8.83564], [-40.36269, -8.83345], [-40.36534, -8.82353], [-40.3661, -8.81995], [-40.3698, -8.81727], [-40.38249, -8.81115], [-40.38591, -8.81236], [-40.39601, -8.80285], [-40.40037, -8.79534], [-40.3957, -8.78896], [-40.39738, -8.7764], [-40.39291, -8.77315], [-40.40152, -8.7539], [-40.39567, -8.74902], [-40.39798, -8.74245], [-40.39235, -8.72761], [-40.39662, -8.71826], [-40.39197, -8.71024], [-40.39272, -8.69195], [-40.40422, -8.68701], [-40.40595, -8.67747], [-40.41596, -8.66772], [-40.41882, -8.65796], [-40.42912, -8.6441], [-40.44266, -8.63246], [-40.44573, -8.62259], [-40.4441, -8.61615], [-40.42614, -8.58996], [-40.41808, -8.56083], [-40.41079, -8.55517], [-40.39353, -8.5458], [-40.38328, -8.53592], [-40.37883, -8.52794], [-40.37513, -8.50232], [-40.35089, -8.50853]]]]}},
{"type": "Feature", "id": "2608800", "properties": {"codigo_ibge": 2608800, "municipio": "Lajedo", "regiao_saude": "Garanhuns", "macro_saude": "Agreste"}, "geometry": {"type": "MultiPolygon", "coordinates": [[[[-36.38214, -8.63456], [-36.33156, -8.61432], [-36.27998, -8.56641], [-36.27452, -8.56167], [-36.27346, -8.56194], [-36.28577, -8.60658], [-36.29246, -8.63084], [-36.26799, -8.62398], [-36.24798, -8.65492], [-36.19448, -8.71199], [-36.21831, -8.71343], [-36.24872, -8.7861], [-36.2491, -8.78644], [-36.38213, -8.63479], [-36.38214, -8.63456]]]]}},
{"type": "Feature", "id": "2608909", "properties": {"codigo_ibge": 2608909, "municipio": "Limoeiro", "regiao_saude": "Limoeiro", "macro_saude": "Metropolitana"}, "geometry": {"type": "MultiPolygon", "coordinates": [[[[-35.41879, -7.72087], [-35.41251, -7.74007], [-35.43431, -7.7488], [-35.41596, -7.78867], [-35.40593, -7.77564], [-35.40531, -7.82463], [-35.40358, -7.82407], [-35.38921, -7.85119], [-35.37014, -7.85929], [-35.37005, -7.869], [-35.36618, -7.87385], [-35.3551, -7.89022], [-35.35571, -7.89272], [-35.3533, -7.89979], [-35.35826, -7.90159], [-35.36094, -7.90086], [-35.36229, -7.905], [-35.36634, -7.90206], [-35.37457, -7.90614], [-35.38282, -7.90261], [-35.39307, -7.91256], [-35.41382, -7.92314], [-35.43789, -7.95347], [-35.44172, -7.96068], [-35.49872, -7.9199], [-35.50922, -7.92988], [-35.51369, -7.93816], [-35.52037, -7.90393], [-35.52263, -7.89276], [-35.52761, -7.87832], [-35.51796, -7.87212], [-35.51018, -7.86042], [-35.50171, -7.80715], [-35.47673, -7.79736], [-35.47608, -7.78498], [-35.47674, -7.7829], [-35.48107, -7.78255], [-35.48218, -7.78193], [-35.48457, -7.77798], [-35.4818, -7.76786], [-35.48209, -7.76053], [-35.48176, -7.75492], [-35.48069, -7.74168], [-35.45694, -7.7136], [-35.41879, -7.72087]]]]}},
{"type": "Feature", "id": "2609006", "properties": {"codigo_ibge": 2609006, "municipio": "Macaparana", "regiao_saude": "Goiana", "macro_saude": "Metropolitana"}, "geometry": {"type": "MultiPolygon", "coordinates": [[[[-35.50529, -7.49924], [-35.50595, -7.49694], [-35.50641, -7.4932], [-35.50722, -7.48658], [-35.50298, -7.45567], [-35.47821, -7.44493], [-35.44675, -7.45484], [-35.44125, -7.45657], [-35.4407, -7.45761], [-35.43781, -7.4632], [-35.43468, -7.46924], [-35.43409, -7.47038], [-35.41567, -7.49494], [-35.41133, -7.5265], [-35.40489, -7.55443], [-35.40897, -7.55684], [-35.40852, -7.56268], [-35.41281, -7.56573], [-35.41851, -7.56447], [-35.42972, -7.57846], [-35.42526, -7.58288], [-35.41341, -7.57675], [-35.42857, -7.61598], [-35.44814, -7.60688], [-35.44983, -7.60232], [-35.45824, -7.59705], [-35.45145, -7.57789], [-35.45399, -7.56688], [-35.45441, -7.56585], [-35.45549, -7.55804], [-35.46251, -7.55818], [-35.46114, -7.55301], [-35.46563, -7.5505], [-35.47395, -7.5524], [-35.47688, -7.55687], [-35.48764, -7.55626], [-35.49144, -7.52838], [-35.5016, -7.5121], [-35.50529, -7.49924]]]]}},
{"type": "Feature", "id": "2609105", "properties": {"codigo_ibge": 2609105, "municipio": "Machados", "regiao_saude": "Limoeiro", "macro_saude": "Metropolitana"}, "geometry": {"type": "MultiPolygon", "coordinates": [[[[-35.45345, -7.68904], [-35.48403, -7.72954], [-35.48733, -7.72952], [-35.49573, -7.73393], [-35.50458, -7.74334], [-35.51994, -7.74874], [-35.52287, -7.74374], [-35.52598, -7.74856], [-35.53282, -7.74801], [-35.52941, -7.74282], [-35.53861, -7.73664], [-35.54114, -7.73462], [-35.53839, -7.72831], [-35.54895, -7.72177], [-35.54801, -7.71644], [-35.53844, -7.71416], [-35.53962, -7.70737], [-35.5189, -7.69443], [-35.51922, -7.68591], [-35.51968, -7.68419], [-35.51995, -7.6751], [-35.51107, -7.66681], [-35.51144, -7.65582], [-35.47435, -7.67699], [-35.45285, -7.66465], [-35.45345, -7.68904]]]]}},
{"type": "Feature", "id": "2609154", "properties": {"codigo_ibge": 2609154, "municipio": "Manari", "regiao_saude": "Arcoverde", "macro_saude": "Sertao Pernambucano"}, "geometry": {"type": "MultiPolygon", "coordinates": [[[[-37.52398, -8.96455], [-37.52975, -8.96265], [-37.54072, -8.95798], [-37.56207, -8.97354], [-37.58326, -8.96975], [-37.60049, -8.9757], [-37.61422, -8.98874], [-37.61642, -9.00022], [-37.61108, -9.00507], [-37.61498, -9.00948], [-37.64354, -9.01793], [-37.65881, -9.00598], [-37.66372, -8.99913], [-37.6613, -8.98683], [-37.68564, -8.99834], [-37.68996, -8.98942], [-37.70152, -8.99179], [-37.70301, -8.98573], [-37.68816, -8.97834], [-37.68367, -8.96799], [-37.68975, -8.95574], [-37.70184, -8.94778], [-37.70443, -8.93851], [-37.63534, -8.90201], [-37.59593, -8.8599], [-37.59393, -8.85759], [-37.57388, -8.83777], [-37.5557, -8.81935], [-37.54154, -8.8113], [-37.53621, -8.81375], [-37.51844, -8.80211], [-37.50847, -8.80282], [-37.49684, -8.78985], [-37.44782, -8.7939], [-37.36621, -8.79679], [-37.3662, -8.7984], [-37.39179, -8.82376], [-37.39406, -8.83332], [-37.39986, -8.83919], [-37.39483, -8.86591], [-37.39624, -8.87258], [-37.39846, -8.87704], [-37.40352, -8.87522], [-37.42096, -8.87134], [-37.41911, -8.86371], [-37.42659, -8.85527], [-37.44304, -8.85624], [-37.44567, -8.85008], [-37.45162, -8.8489], [-37.45436, -8.85387], [-37.45512, -8.86403], [-37.45147, -8.86492], [-37.44967, -8.87149], [-37.45638, -8.87671], [-37.45848, -8.88289], [-37.46132, -8.89184], [-37.45647, -8.89681], [-37.45827, -8.90634], [-37.45131, -8.9138], [-37.45182, -8.92439], [-37.45814, -8.93441], [-37.45977, -8.93738], [-37.47037, -8.92902], [-37.48278, -8.92452], [-37.48999, -8.93003], [-37.50089, -8.92863], [-37.5081, -8.93623], [-37.51965, -8.94051], [-37.52495, -8.95396], [-37.52398, -8.96455]]]]}},
{"type": "Feature", "id": "2609204", "properties": {"codigo_ibge": 2609204, "municipio": "Maraial", "regiao_saude": "Palmares", "macro_saude": "Metropolitana"}, "geometry": {"type": "MultiPolygon", "coordinates": [[[[-35.84686, -8.80758], [-35.83911, -8.80657], [-35.83656, -8.801], [-35.82401, -8.80048], [-35.8255, -8.79407], [-35.81735, -8.79041], [-35.815, -8.78736], [-35.81039, -8.77737], [-35.80986, -8.77752], [-35.80469, -8.78647], [-35.78925, -8.77616], [-35.78124, -8.77578], [-35.77655, -8.76762], [-35.76135, -8.75938], [-35.74155, -8.74987], [-35.7239, -8.75903], [-35.72054, -8.80056], [-35.6729, -8.86511], [-35.72298, -8.90905], [-35.74807, -8.91673], [-35.76059, -8.90766], [-35.77292, -8.90572], [-35.77786, -8.89847], [-35.78266, -8.89712], [-35.77881, -8.88822], [-35.78335, -8.88158], [-35.77659, -8.86885], [-35.77565, -8.85804], [-35.781, -8.86055], [-35.78727, -8.85071], [-35.79029, -8.85299], [-35.7952, -8.84772], [-35.80757, -8.85997], [-35.82265, -8.857], [-35.82512, -8.86952], [-35.83672, -8.86832], [-35.84468, -8.87206], [-35.84686, -8.80758]]]]}},
{"type": "Feature", "id": "2609303", "properties": {"codigo_ibge": 2609303, "municipio": "Mirandiba", "regiao_saude": "Salgueiro", "macro_saude": "Vale S.Francisco/Araripe"}, "geometry": {"type": "MultiPolygon", "coordinates": [[[[-38.87742, -8.00979], [-38.83004, -8.01609], [-38.78577, -8.0126], [-38.7383, -8.02236], [-38.72898, -8.03053], [-38.70013, -8.05399], [-38.69773, -8.06338], [-38.69156, -8.06567], [-38.69305, -8.07519], [-38.68806, -8.09902], [-38.66925, -8.10188], [-38.66985, -8.10844], [-38.66309, -8.11255], [-38.65734, -8.129], [-38.64955, -8.13548], [-38.63483, -8.14482], [-38.62794, -8.13683], [-38.60708, -8.14304], [-38.60032, -8.13941], [-38.5979, -8.13191], [-38.58897, -8.12769], [-38.53827, -8.22647], [-38.5299, -8.23683], [-38.52554, -8.23707], [-38.52977, -8.23857], [-38.52994, -8.24622], [-38.53549, -8.25113], [-38.54158, -8.24831], [-38.54883, -8.25081], [-38.54931, -8.25903], [-38.55517, -8.26303], [-38.55332, -8.26994], [-38.5535, -8.27155], [-38.5491, -8.28791], [-38.57075, -8.29895], [-38.57697, -8.29665], [-38.5874, -8.30339], [-38.60669, -8.30475], [-38.61367, -8.30999], [-38.61922, -8.30814], [-38.62821, -8.31042], [-38.64327, -8.30288], [-38.65256, -8.28859], [-38.67724, -8.28007], [-38.67987, -8.2757], [-38.69733, -8.26769], [-38.7009, -8.2623], [-38.71962, -8.25762], [-38.73941, -8.24431], [-38.8102, -8.22363], [-38.81424, -8.22546], [-38.81543, -8.22215], [-38.82339, -8.2242], [-38.83011, -8.22059], [-38.85513, -8.22395], [-38.86531, -8.21553], [-38.87654, -8.21244], [-38.87931, -8.20907], [-38.87125, -8.20078], [-38.86677, -8.18372], [-38.87049, -8.16795], [-38.88122, -8.16951], [-38.90567, -8.15833], [-38.91123, -8.14494], [-38.92235, -8.14086], [-38.93693, -8.12444], [-38.93543, -8.11781], [-38.93265, -8.11007], [-38.91027, -8.08636], [-38.88024, -8.05021], [-38.87012, -8.04502], [-38.87803, -8.03704], [-38.87742, -8.00979]]]]}},
{"type": "Feature", "id": "2609402", "properties": {"codigo_ibge": 2609402, "municipio": "Moreno", "regiao_saude": "Recife", "macro_saude": "Metropolitana"}, "geometry": {"type": "MultiPolygon", "coordinates": [[[[-35.19545, -8.07913], [-35.16325, -8.08739], [-35.14997, -8.09054], [-35.1467, -8.08785], [-35.13911, -8.09188], [-35.12568, -8.07484], [-35.12404, -8.07798], [-35.10762, -8.08095], [-35.10129, -8.08813], [-35.07373, -8.08392], [-35.06619, -8.08576], [-35.06526, -8.08911], [-35.05875, -8.08696], [-35.09658, -8.161], [-35.06683, -8.19822], [-35.06597, -8.19976], [-35.06769, -8.20895], [-35.06226, -8.22124], [-35.06435, -8.22159], [-35.06598, -8.22089], [-35.07201, -8.22158], [-35.0749, -8.21652], [-35.07767, -8.21876], [-35.10812, -8.19172], [-35.10943, -8.18939], [-35.11476, -8.19123], [-35.11972, -8.18369], [-35.12264, -8.18642], [-35.12686, -8.18381], [-35.13049, -8.18797], [-35.13356, -8.18508], [-35.14047, -8.18837], [-35.14418, -8.18526], [-35.15047, -8.18591], [-35.15503, -8.2019], [-35.16431, -8.21692], [-35.16176, -8.2223], [-35.16178, -8.22436], [-35.21493, -8.18715], [-35.2217, -8.18424], [-35.21938, -8.17971], [-35.22337, -8.17603], [-35.22383, -8.16753], [-35.22789, -8.15411], [-35.21953, -8.14847], [-35.2252, -8.13108], [-35.21421, -8.11883], [-35.19545, -8.07913]]]]}},
{"type": "Feature", "id": "2609501", "properties": {"codigo_ibge": 2609501, "municipio": "Nazare da Mata", "regiao_saude": "Limoeiro", "macro_saude": "Metropolitana"}, "geometry": {"type": "MultiPolygon", "coordinates": [[[[-35.25921, -7.67523], [-35.241, -7.70502], [-35.2384, -7.70181], [-35.24079, -7.69636], [-35.22962, -7.68982], [-35.21138, -7.681], [-35.1848, -7.68779], [-35.16741, -7.70907], [-35.16521, -7.7136], [-35.15986, -7.70997], [-35.15566, -7.71164], [-35.16074, -7.70055], [-35.15745, -7.69628], [-35.15888, -7.68873], [-35.14806, -7.68867], [-35.14324, -7.68444], [-35.13921, -7.68659], [-35.13411, -7.67318], [-35.13314, -7.66553], [-35.13189, -7.65866], [-35.12154, -7.66904], [-35.11845, -7.67054], [-35.09146, -7.67521], [-35.10202, -7.67432], [-35.10815, -7.67897], [-35.11467, -7.69355], [-35.11244, -7.69752], [-35.11831, -7.70267], [-35.11623, -7.70532], [-35.11877, -7.70824], [-35.13008, -7.70885], [-35.15597, -7.72047], [-35.15939, -7.72528], [-35.16597, -7.72473], [-35.16965, -7.72696], [-35.16776, -7.73235], [-35.17395, -7.73987], [-35.17786, -7.75659], [-35.18171, -7.75597], [-35.18255, -7.75978], [-35.19546, -7.75942], [-35.19946, -7.76756], [-35.20632, -7.76981], [-35.22533, -7.78333], [-35.24535, -7.79708], [-35.24705, -7.80768], [-35.30393, -7.76582], [-35.29776, -7.75282], [-35.25921, -7.67523]]]]}},
{"type": "Feature", "id": "2609600", "properties": {"codigo_ibge": 2609600, "municipio": "Olinda", "regiao_saude": "Recife", "macro_saude": "Metropolitana"}, "geometry": {"type": "MultiPolygon", "coordinates": [[[[-34.86029, -8.04422], [-34.86334, -8.04177], [-34.87551, -8.03279], [-34.87273, -8.01835], [-34.87893, -8.01842], [-34.8796, -8.01194], [-34.88572, -8.00584], [-34.90135, -8.00136], [-34.915, -7.99029], [-34.91742, -7.98799], [-34.91355, -7.97769], [-34.89182, -7.97457], [-34.88024, -7.97339], [-34.87563, -7.98129], [-34.87067, -7.97663], [-34.87341, -7.96817], [-34.86795, -7.96593], [-34.86436, -7.97409], [-34.85255, -7.96826], [-34.85617, -7.96779], [-34.85339, -7.95425], [-34.83755, -7.9611], [-34.8284, -7.95823], [-34.83704, -7.98893], [-34.83754, -8.00571], [-34.86282, -8.03627], [-34.86434, -8.03954], [-34.86029, -8.04422]]]]}},
{"type": "Feature", "id": "2609709", "properties": {"codigo_ibge": 2609709, "municipio": "Orobo", "regiao_saude": "Limoeiro", "macro_saude": "Metropolitana"}, "geometry": {"type": "MultiPolygon", "coordinates": [[[[-35.61918, -7.66367], [-35.61761, -7.66203], [-35.60934, -7.65337], [-35.59716, -7.65393], [-35.58875, -7.65039], [-35.57309, -7.65469], [-35.56046, -7.65946], [-35.55309, -7.65824], [-35.53249, -7.65441], [-35.52715, -7.64557], [-35.52663, -7.64546], [-35.52661, -7.65247], [-35.52047, -7.66195], [-35.51536, -7.65653], [-35.51144, -7.65582], [-35.51107, -7.66681], [-35.51995, -7.6751], [-35.51968, -7.68419], [-35.51922, -7.68591], [-35.5189, -7.69443], [-35.53962, -7.70737], [-35.53844, -7.71416], [-35.54801, -7.71644], [-35.56897, -7.73039], [-35.58568, -7.74301], [-35.60025, -7.76347], [-35.60988, -7.78079], [-35.61369, -7.78195], [-35.61925, -7.77685], [-35.61703, -7.77257], [-35.62227, -7.77453], [-35.62366, -7.76768], [-35.62661, -7.76861], [-35.62623, -7.76321], [-35.62909, -7.76582], [-35.63671, -7.75908], [-35.63932, -7.75742], [-35.65025, -7.75249], [-35.65169, -7.74619], [-35.66582, -7.73664], [-35.67421, -7.72154], [-35.67712, -7.7124], [-35.68117, -7.70995], [-35.67995, -7.70198], [-35.68066, -7.69965], [-35.67495, -7.69978], [-35.67483, -7.69977], [-35.65523, -7.69664], [-35.65285, -7.69508], [-35.6367, -7.68445], [-35.6312, -7.68083], [-35.62842, -7.67686], [-35.61918, -7.66367]]]]}},
{"type": "Feature", "id": "2609808", "properties": {"codigo_ibge": 2609808, "municipio": "Oroco", "regiao_saude": "Petrolina", "macro_saude": "Vale S.Francisco/Araripe"}, "geometry": {"type": "MultiPolygon", "coordinates": [[[[-39.67197, -8.45617], [-39.6739, -8.44899], [-39.66967, -8.44127], [-39.67345, -8.4272], [-39.66428, -8.41854], [-39.67424, -8.40905], [-39.66756, -8.3961], [-39.6699, -8.38545], [-39.67854, -8.3807], [-39.6843, -8.37017], [-39.68433, -8.35247], [-39.67911, -8.347], [-39.56897, -8.24895], [-39.54025, -8.33676], [-39.54293, -8.34956], [-39.55614, -8.36269], [-39.55286, -8.36887], [-39.5586, -8.38602], [-39.55504, -8.39062], [-39.55493, -8.39999], [-39.56274, -8.40291], [-39.56513, -8.41406], [-39.55936, -8.42592], [-39.56094, -8.4347], [-39.55348, -8.43855], [-39.55088, -8.44415], [-39.54691, -8.45574], [-39.5491, -8.46579], [-39.54452, -8.47277], [-39.53796, -8.47398], [-39.52664, -8.49766], [-39.51367, -8.51369], [-39.50135, -8.51792], [-39.49686, -8.52399], [-39.49567, -8.52444], [-39.47673, -8.53368], [-39.47694, -8.55922], [-39.47693, -8.57899], [-39.47683, -8.5818], [-39.47575, -8.59238], [-39.51534, -8.60274], [-39.52586, -8.61212], [-39.55467, -8.62172], [-39.55716, -8.62842], [-39.56417, -8.62988], [-39.56929, -8.63665], [-39.6072, -8.65556], [-39.62893, -8.65558], [-39.64564, -8.65874], [-39.64299, -8.51867], [-39.63485, -8.51389], [-39.63059, -8.50339], [-39.64184, -8.49699], [-39.65026, -8.49611], [-39.6538, -8.47791], [-39.66296, -8.4615], [-39.66961, -8.46045], [-39.67197, -8.45617]]]]}},
{"type": "Feature", "id": "2609907", "properties": {"codigo_ibge": 2609907, "municipio": "Ouricuri", "regiao_saude": "Ouricuri", "macro_saude": "Vale S.Francisco/Araripe"}, "geometry": {"type": "MultiPolygon", "coordinates": [[[[-40.54441, -7.94722], [-40.52716, -7.94254], [-40.51165, -7.92281], [-40.47977, -7.91336], [-40.47788, -7.90756], [-40.47142, -7.90518], [-40.46441, -7.90448], [-40.46578, -7.89753], [-40.45438, -7.88899], [-40.45544, -7.88362], [-40.45279, -7.87601], [-40.42728, -7.87138], [-40.34467, -7.84833], [-40.32698, -7.84339], [-40.23673, -7.81785], [-40.26167, -7.68742], [-40.21223, -7.67716], [-40.16212, -7.70246], [-40.10358, -7.68652], [-40.08858, -7.77782], [-40.08196, -7.79374], [-40.07816, -7.79707], [-40.07492, -7.79575], [-40.06876, -7.80183], [-40.05383, -7.80485], [-40.032, -7.79524], [-40.01114, -7.79225], [-40.00262, -7.79965], [-39.98401, -7.80403], [-39.97602, -7.80558], [-39.96032, -7.8145], [-39.94511, -7.81809], [-39.93619, -7.82465], [-39.93769, -7.83206], [-39.93231, -7.83556], [-39.93306, -7.84518], [-39.92772, -7.85304], [-39.93317, -7.86063], [-39.93319, -7.86903], [-39.93546, -7.86868], [-39.93367, -7.87447], [-39.93919, -7.8856], [-39.93633, -7.88875], [-39.94297, -7.89358], [-39.92859, -7.90525], [-39.93211, -7.90647], [-39.93309, -7.91312], [-39.91394, -7.93431], [-39.90976, -7.94011], [-39.91037, -7.95297], [-39.90299, -7.97668], [-39.90024, -7.97799], [-39.89684, -7.97414], [-39.88792, -7.99045], [-39.88226, -7.98975], [-39.87937, -7.9982], [-39.87467, -7.99952], [-39.87352, -8.01096], [-39.86219, -8.0162], [-39.85305, -8.02761], [-39.93992, -8.13746], [-39.94325, -8.14442], [-39.93979, -8.14952], [-39.94134, -8.15966], [-39.93109, -8.17539], [-39.93287, -8.18547], [-39.9292, -8.18582], [-39.92859, -8.19106], [-39.92286, -8.19313], [-39.9208, -8.19767], [-39.91565, -8.19351], [-39.9123, -8.21121], [-39.90538, -8.21306], [-39.90454, -8.21663], [-39.91305, -8.21645], [-39.91478, -8.22052], [-39.91981, -8.22029], [-39.92384, -8.21355], [-39.93253, -8.22212], [-39.93882, -8.21994], [-39.94093, -8.22309], [-39.94988, -8.22185], [-39.95579, -8.22586], [-39.96518, -8.21523], [-39.96958, -8.21741], [-39.97284, -8.21833], [-39.98193, -8.20549], [-39.98739, -8.20793], [-39.99453, -8.20327], [-39.99306, -8.19417], [-40.00382, -8.19181], [-40.00391, -8.18212], [-39.99822, -8.17681], [-40.00665, -8.17], [-40.01505, -8.17238], [-40.01778, -8.1684], [-40.02949, -8.16535], [-40.03408, -8.17041], [-40.0428, -8.16664], [-40.05149, -8.17166], [-40.06893, -8.16689], [-40.07639, -8.15582], [-40.07753, -8.15224], [-40.09064, -8.14979], [-40.10424, -8.15589], [-40.12817, -8.1534], [-40.13541, -8.15873], [-40.1524, -8.16039], [-40.1765, -8.17744], [-40.18911, -8.15112], [-40.19469, -8.19632], [-40.22919, -8.19621], [-40.23388, -8.16864], [-40.23799, -8.16136], [-40.25259, -8.15454], [-40.25715, -8.14182], [-40.25003, -8.12898], [-40.24199, -8.12653], [-40.23994, -8.11945], [-40.22956, -8.10842], [-40.22196, -8.08819], [-40.21614, -8.08303], [-40.21875, -8.08034], [-40.21937, -8.07864], [-40.22285, -8.07385], [-40.22714, -8.07723], [-40.23484, -8.07402], [-40.24292, -8.07668], [-40.25941, -8.05567], [-40.27149, -8.06385], [-40.2891, -8.06654], [-40.30269, -8.06107], [-40.31749, -8.0568], [-40.32726, -8.06742], [-40.33357, -8.06576], [-40.33313, -8.06353], [-40.33835, -8.06585], [-40.34532, -8.07051], [-40.35378, -8.08677], [-40.36771, -8.08386], [-40.37477, -8.07852], [-40.3742, -8.07484], [-40.3809, -8.0743], [-40.38811, -8.07942], [-40.39326, -8.07726], [-40.39785, -8.0833], [-40.4175, -8.08034], [-40.42815, -8.06934], [-40.42864, -8.06634], [-40.42955, -8.05275], [-40.42462, -8.04518], [-40.4257, -8.03616], [-40.42955, -8.03299], [-40.52207, -8.03054], [-40.57549, -8.03006], [-40.54328, -7.95802], [-40.54441, -7.94722]]]]}},
{"type": "Feature", "id": "2610004", "properties": {"codigo_ibge": 2610004, "municipio": "Palmares", "regiao_saude": "Palmares", "macro_saude": "Metropolitana"}, "geometry": {"type": "MultiPolygon", "coordinates": [[[[-35.69323, -8.59706], [-35.68823, -8.59574], [-35.69364, -8.59073], [-35.69114, -8.58566], [-35.69983, -8.57237], [-35.69926, -8.55289], [-35.69782, -8.5468], [-35.6517, -8.54], [-35.64317, -8.55009], [-35.63802, -8.55633], [-35.63685, -8.55111], [-35.63256, -8.55033], [-35.61719, -8.53921], [-35.61388, -8.52907], [-35.60838, -8.52947], [-35.59604, -8.51877], [-35.5879, -8.51727], [-35.58741, -8.51721], [-35.57052, -8.62941], [-35.56067, -8.63752], [-35.55629, -8.64181], [-35.54972, -8.64252], [-35.54425, -8.64272], [-35.54329, -8.64352], [-35.54354, -8.65747], [-35.53731, -8.65828], [-35.56398, -8.68291], [-35.56053, -8.70218], [-35.55742, -8.71717], [-35.60251, -8.7418], [-35.59942, -8.75177], [-35.60038, -8.75854], [-35.60858, -8.76301], [-35.60597, -8.77523], [-35.72054, -8.80056], [-35.66547, -8.74143], [-35.64224, -8.72923], [-35.66563, -8.72829], [-35.70734, -8.72978], [-35.66831, -8.66862], [-35.69529, -8.63228], [-35.68661, -8.62466], [-35.6746, -8.60362], [-35.66917, -8.59768], [-35.69323, -8.59706]]]]}},
{"type": "Feature", "id": "2610103", "properties": {"codigo_ibge": 2610103, "municipio": "Palmeirina", "regiao_saude": "Garanhuns", "macro_saude": "Agreste"}, "geometry": {"type": "MultiPolygon", "coordinates": [[[[-36.23308, -8.93296], [-36.24607, -8.99518], [-36.24372, -8.99984], [-36.21915, -9.00311], [-36.21783, -9.02269], [-36.1971, -9.02141], [-36.19479, -9.01854], [-36.19452, -9.02278], [-36.18983, -9.02165], [-36.18657, -9.02678], [-36.18191, -9.02067], [-36.17896, -9.024], [-36.17377, -9.02082], [-36.16948, -9.0294], [-36.15992, -9.02771], [-36.15517, -9.03244], [-36.12991, -9.0265], [-36.11218, -9.01775], [-36.11215, -9.01798], [-36.1133, -9.01942], [-36.12382, -9.03008], [-36.13856, -9.03559], [-36.14071, -9.03926], [-36.1514, -9.04228], [-36.15445, -9.03954], [-36.15984, -9.04073], [-36.1748, -9.04373], [-36.17913, -9.0406], [-36.18862, -9.04587], [-36.19539, -9.04437], [-36.19694, -9.04854], [-36.27301, -9.04421], [-36.2889, -9.04945], [-36.32099, -9.04879], [-36.33384, -9.05138], [-36.34197, -9.04569], [-36.35099, -9.0426], [-36.36042, -9.02533], [-36.36615, -9.01816], [-36.37728, -8.98881], [-36.36852, -8.99107], [-36.35238, -8.98524], [-36.34298, -8.98529], [-36.33953, -8.97984], [-36.32626, -8.97533], [-36.31156, -8.96526], [-36.30571, -8.95274], [-36.28956, -8.95238], [-36.25787, -8.95243], [-36.23455, -8.93426], [-36.23308, -8.93296]]]]}},
{"type": "Feature", "id": "2610202", "properties": {"codigo_ibge": 2610202, "municipio": "Panelas", "regiao_saude": "Caruaru", "macro_saude": "Agreste"}, "geometry": {"type": "MultiPolygon", "coordinates": [[[[-36.09466, -8.59076], [-36.08791, -8.59337], [-36.07848, -8.5805], [-36.065, -8.57563], [-36.05816, -8.5748], [-36.02907, -8.56087], [-36.0213, -8.55562], [-36.0144, -8.55509], [-36.0141, -8.55025], [-36.0099, -8.54731], [-36.01263, -8.54361], [-36.0022, -8.53365], [-36.00001, -8.53328], [-36.00011, -8.54641], [-35.99738, -8.54648], [-35.98703, -8.61567], [-35.94765, -8.62907], [-35.97284, -8.67133], [-35.97352, -8.6793], [-35.97234, -8.70928], [-35.97615, -8.71015], [-35.97873, -8.72549], [-35.97334, -8.73455], [-35.97319, -8.74388], [-35.96725, -8.74365], [-35.96391, -8.73464], [-35.96585, -8.75043], [-35.9673, -8.76405], [-35.98235, -8.77628], [-35.98561, -8.78054], [-36.00372, -8.77911], [-36.02702, -8.77614], [-36.0284, -8.77945], [-36.02465, -8.78992], [-36.04013, -8.76267], [-36.05367, -8.7556], [-36.07513, -8.77011], [-36.07561, -8.73133], [-36.0883, -8.73414], [-36.09386, -8.73097], [-36.0757, -8.72049], [-36.12386, -8.71499], [-36.13156, -8.70848], [-36.18141, -8.66441], [-36.17009, -8.65044], [-36.16336, -8.64056], [-36.15479, -8.63051], [-36.13729, -8.6197], [-36.12932, -8.6095], [-36.1252, -8.61101], [-36.11802, -8.60664], [-36.10779, -8.59978], [-36.10576, -8.6031], [-36.10058, -8.6006], [-36.09466, -8.59076]]]]}},
{"type": "Feature", "id": "2610301", "properties": {"codigo_ibge": 2610301, "municipio": "Paranatama", "regiao_saude": "Garanhuns", "macro_saude": "Agreste"}, "geometry": {"type": "MultiPolygon", "coordinates": [[[[-36.81807, -8.83656], [-36.78735, -8.83476], [-36.76486, -8.83367], [-36.70754, -8.83222], [-36.6671, -8.8321], [-36.66528, -8.83908], [-36.67123, -8.85433], [-36.66556, -8.86826], [-36.65057, -8.86612], [-36.63359, -8.8828], [-36.61196, -8.90587], [-36.60971, -8.9079], [-36.60542, -8.91119], [-36.60585, -8.92118], [-36.61263, -8.92179], [-36.61401, -8.92464], [-36.61226, -8.92791], [-36.60888, -8.92613], [-36.60466, -8.93411], [-36.60652, -8.94101], [-36.62301, -8.94488], [-36.6287, -8.95112], [-36.63052, -8.95608], [-36.63491, -8.94357], [-36.64539, -8.93571], [-36.66104, -8.93378], [-36.7084, -8.94046], [-36.71334, -8.95093], [-36.7239, -8.95175], [-36.72851, -8.95358], [-36.75986, -8.93761], [-36.86446, -8.888], [-36.86359, -8.88212], [-36.83717, -8.88137], [-36.79483, -8.86823], [-36.78732, -8.8579], [-36.78804, -8.85317], [-36.79715, -8.84756], [-36.80804, -8.84782], [-36.80899, -8.84064], [-36.81807, -8.83656]]]]}},
{"type": "Feature", "id": "2610400", "properties": {"codigo_ibge": 2610400, "municipio": "Parnamirim", "regiao_saude": "Ouricuri", "macro_saude": "Vale S.Francisco/Araripe"}, "geometry": {"type": "MultiPolygon", "coordinates": [[[[-39.57328, -7.8704], [-39.56537, -7.87554], [-39.57171, -7.87963], [-39.57119, -7.89514], [-39.56615, -7.9024], [-39.55982, -7.90319], [-39.55698, -7.91052], [-39.5584, -7.92455], [-39.5768, -7.93634], [-39.56645, -7.94973], [-39.57091, -7.95545], [-39.56772, -7.96258], [-39.57121, -7.96843], [-39.56504, -7.97336], [-39.5686, -7.98793], [-39.45345, -7.95113], [-39.46055, -7.96076], [-39.46448, -7.97639], [-39.48481, -8.00037], [-39.48643, -8.00596], [-39.47988, -8.0273], [-39.48151, -8.03579], [-39.48248, -8.03954], [-39.46702, -8.05581], [-39.45966, -8.05566], [-39.4529, -8.06051], [-39.3664, -8.05039], [-39.38055, -8.06661], [-39.3875, -8.06813], [-39.39076, -8.07455], [-39.39808, -8.07364], [-39.39926, -8.08665], [-39.40553, -8.09927], [-39.40934, -8.1025], [-39.40735, -8.10857], [-39.41345, -8.11108], [-39.41331, -8.11895], [-39.43082, -8.11996], [-39.43092, -8.12644], [-39.42502, -8.13492], [-39.4294, -8.14191], [-39.4258, -8.14506], [-39.42478, -8.14892], [-39.43505, -8.15044], [-39.44648, -8.1405], [-39.45205, -8.14374], [-39.46672, -8.13768], [-39.48424, -8.14779], [-39.54605, -8.19599], [-39.54185, -8.20578], [-39.52448, -8.21638], [-39.51341, -8.2133], [-39.5, -8.21802], [-39.49648, -8.21223], [-39.49229, -8.21745], [-39.48263, -8.21915], [-39.48154, -8.22243], [-39.46974, -8.21852], [-39.46095, -8.23393], [-39.4638, -8.23776], [-39.4684, -8.23623], [-39.48623, -8.2451], [-39.49759, -8.24768], [-39.50895, -8.23987], [-39.51626, -8.2385], [-39.52452, -8.24195], [-39.53963, -8.23806], [-39.54363, -8.24512], [-39.55322, -8.24432], [-39.56897, -8.24895], [-39.67911, -8.347], [-39.68433, -8.35247], [-39.6843, -8.37017], [-39.67854, -8.3807], [-39.6699, -8.38545], [-39.66756, -8.3961], [-39.67424, -8.40905], [-39.66428, -8.41854], [-39.67345, -8.4272], [-39.66967, -8.44127], [-39.6739, -8.44899], [-39.67197, -8.45617], [-39.67788, -8.45087], [-39.67941, -8.43882], [-39.68782, -8.42841], [-39.70158, -8.41479], [-39.71332, -8.40914], [-39.71022, -8.39979], [-39.72233, -8.39217], [-39.72636, -8.37749], [-39.74205, -8.3757], [-39.74836, -8.34503], [-39.75602, -8.34464], [-39.76171, -8.35256], [-39.76633, -8.353], [-39.77288, -8.33966], [-39.78199, -8.33961], [-39.78742, -8.33225], [-39.79909, -8.33451], [-39.80937, -8.3292], [-39.82412, -8.33185], [-39.834, -8.32918], [-39.85073, -8.33521], [-39.86131, -8.34949], [-39.87288, -8.35888], [-39.88143, -8.35998], [-39.89571, -8.37253], [-39.92534, -8.36747], [-39.93967, -8.36395], [-39.95718, -8.37719], [-39.9638, -8.377], [-40.00341, -8.35408], [-40.01214, -8.35692], [-40.02193, -8.37327], [-40.02948, -8.37409], [-40.04311, -8.36388], [-40.05571, -8.3649], [-40.06409, -8.3703], [-40.08205, -8.37103], [-40.09082, -8.36537], [-40.09024, -8.35716], [-40.09476, -8.34874], [-40.10836, -8.34768], [-40.11069, -8.3428], [-40.08697, -8.3368], [-40.20032, -8.25554], [-40.19469, -8.19632], [-40.18911, -8.15112], [-40.1765, -8.17744], [-40.1524, -8.16039], [-40.13541, -8.15873], [-40.12817, -8.1534], [-40.10424, -8.15589], [-40.09064, -8.14979], [-40.07753, -8.15224], [-40.07639, -8.15582], [-40.06893, -8.16689], [-40.05149, -8.17166], [-40.0428, -8.16664], [-40.03408, -8.17041], [-40.02949, -8.16535], [-40.01778, -8.1684], [-40.01505, -8.17238], [-40.00665, -8.17], [-39.99822, -8.17681], [-40.00391, -8.18212], [-40.00382, -8.19181], [-39.99306, -8.19417], [-39.99453, -8.20327], [-39.98739, -8.20793], [-39.98193, -8.20549], [-39.97284, -8.21833], [-39.96958, -8.21741], [-39.96518, -8.21523], [-39.95579, -8.22586], [-39.94988, -8.22185], [-39.94093, -8.22309], [-39.93882, -8.21994], [-39.93253, -8.22212], [-39.92384, -8.21355], [-39.91981, -8.22029], [-39.91478, -8.22052], [-39.91305, -8.21645], [-39.90454, -8.21663], [-39.90538, -8.21306], [-39.9123, -8.21121], [-39.91565, -8.19351], [-39.9208, -8.19767], [-39.92286, -8.19313], [-39.92859, -8.19106], [-39.9292, -8.18582], [-39.93287, -8.18547], [-39.93109, -8.17539], [-39.94134, -8.15966], [-39.93979, -8.14952], [-39.94325, -8.14442], [-39.93992, -8.13746], [-39.85305, -8.02761], [-39.79684, -7.95617], [-39.76229, -7.91214], [-39.57328, -7.8704]]]]}},
{"type": "Feature", "id": "2610509", "properties": {"codigo_ibge": 2610509, "municipio": "Passira", "regiao_saude": "Limoeiro", "macro_saude": "Metropolitana"}, "geometry": {"type": "MultiPolygon", "coordinates": [[[[-35.51369, -7.93816], [-35.50922, -7.92988], [-35.49872, -7.9199], [-35.44172, -7.96068], [-35.44503, -7.96738], [-35.45101, -7.97465], [-35.45437, -7.98184], [-35.45691, -7.98854], [-35.45509, -7.99355], [-35.46124, -8.0002], [-35.45973, -8.01285], [-35.46534, -8.02154], [-35.46529, -8.03073], [-35.43951, -8.03908], [-35.42931, -8.08081], [-35.44223, -8.09399], [-35.46218, -8.09342], [-35.50845, -8.05871], [-35.55194, -8.07062], [-35.58333, -8.07832], [-35.63, -8.10367], [-35.6495, -8.10488], [-35.65038, -8.07261], [-35.66426, -8.04677], [-35.65757, -8.04969], [-35.65144, -8.04311], [-35.63762, -8.04064], [-35.63831, -8.03302], [-35.63309, -8.02404], [-35.62064, -8.01731], [-35.61302, -8.02114], [-35.60917, -8.0128], [-35.61061, -8.0102], [-35.65385, -7.9439], [-35.64154, -7.93828], [-35.63845, -7.93995], [-35.6285, -7.94129], [-35.6192, -7.94435], [-35.61151, -7.93643], [-35.60039, -7.93522], [-35.58324, -7.94309], [-35.58175, -7.9455], [-35.58072, -7.94608], [-35.55884, -7.94017], [-35.5502, -7.94509], [-35.54852, -7.94538], [-35.54384, -7.94638], [-35.53796, -7.94578], [-35.53122, -7.93045], [-35.51369, -7.93816]]]]}},
{"type": "Feature", "id": "2610608", "properties": {"codigo_ibge": 2610608, "municipio": "Paudalho", "regiao_saude": "Limoeiro", "macro_saude": "Metropolitana"}, "geometry": {"type": "MultiPolygon", "coordinates": [[[[-35.22582, -7.8209], [-35.14563, -7.82629], [-35.13974, -7.79404], [-35.12286, -7.84997], [-35.11179, -7.85718], [-35.09794, -7.88256], [-35.07358, -7.89917], [-35.06613, -7.89849], [-35.06463, -7.89902], [-35.06384, -7.90011], [-35.06194, -7.90382], [-35.0457, -7.90988], [-35.03157, -7.92661], [-35.02694, -7.93385], [-35.03511, -7.94115], [-35.04471, -7.94973], [-35.05097, -7.94488], [-35.07552, -7.95038], [-35.07678, -7.95985], [-35.08731, -7.9647], [-35.09096, -7.96643], [-35.09778, -7.97248], [-35.11209, -7.96858], [-35.11724, -7.97361], [-35.13006, -7.97549], [-35.14107, -7.97191], [-35.15583, -7.97099], [-35.15774, -7.97361], [-35.16389, -7.97142], [-35.16618, -7.97772], [-35.17342, -7.97116], [-35.18011, -7.97734], [-35.20563, -7.96543], [-35.22979, -7.95576], [-35.25414, -7.94603], [-35.25352, -7.91521], [-35.24958, -7.89829], [-35.24108, -7.88788], [-35.22113, -7.89015], [-35.22582, -7.8209]]]]}},
{"type": "Feature", "id": "2610707", "properties": {"codigo_ibge": 2610707, "municipio": "Paulista", "regiao_saude": "Recife", "macro_saude": "Metropolitana"}, "geometry": {"type": "MultiPolygon", "coordinates": [[[[-34.84047, -7.84404], [-34.83647, -7.84448], [-34.83256, -7.87336], [-34.82378, -7.88656], [-34.82367, -7.90653], [-34.81933, -7.91735], [-34.8284, -7.95823], [-34.83755, -7.9611], [-34.85339, -7.95425], [-34.85617, -7.96779], [-34.85255, -7.96826], [-34.86436, -7.97409], [-34.86795, -7.96593], [-34.87341, -7.96817], [-34.87067, -7.97663], [-34.87563, -7.98129], [-34.88024, -7.97339], [-34.89182, -7.97457], [-34.91355, -7.97769], [-34.90917, -7.94424], [-34.91488, -7.93608], [-34.92429, -7.93388], [-34.93013, -7.93601], [-34.94494, -7.92991], [-34.96857, -7.94175], [-34.97699, -7.93951], [-34.9806, -7.94205], [-34.98838, -7.94116], [-34.99991, -7.92968], [-34.99485, -7.91885], [-34.96157, -7.91517], [-34.95745, -7.91962], [-34.94886, -7.91985], [-34.93959, -7.92548], [-34.92326, -7.92959], [-34.91589, -7.92668], [-34.90821, -7.93563], [-34.89853, -7.9292], [-34.89619, -7.92373], [-34.89666, -7.91825], [-34.89106, -7.91235], [-34.88384, -7.91373], [-34.86947, -7.90977], [-34.86065, -7.90932], [-34.86285, -7.90357], [-34.86066, -7.89681], [-34.86493, -7.89572], [-34.86591, -7.89071], [-34.86165, -7.8887], [-34.85474, -7.87111], [-34.84105, -7.86271], [-34.84121, -7.85137], [-34.84047, -7.84404]]]]}},
{"type": "Feature", "id": "2610806", "properties": {"codigo_ibge": 2610806, "municipio": "Pedra", "regiao_saude": "Arcoverde", "macro_saude": "Sertao Pernambucano"}, "geometry": {"type": "MultiPolygon", "coordinates": [[[[-36.82083, -8.41733], [-36.825, -8.4322], [-36.83861, -8.4474], [-36.84148, -8.46], [-36.84762, -8.46534], [-36.84808, -8.47004], [-36.84873, -8.47847], [-36.85889, -8.49981], [-36.85741, -8.51002], [-36.86211, -8.5123], [-36.87474, -8.54105], [-36.88106, -8.54182], [-36.88811, -8.55467], [-36.89618, -8.55623], [-36.89628, -8.55645], [-36.90474, -8.56926], [-36.89943, -8.57611], [-36.9033, -8.58963], [-36.91116, -8.59879], [-36.91171, -8.61181], [-36.84076, -8.66378], [-36.81646, -8.68919], [-36.78592, -8.70594], [-36.78177, -8.73251], [-36.77037, -8.73967], [-36.76915, -8.74357], [-36.76588, -8.7494], [-36.76856, -8.75602], [-36.77581, -8.7587], [-36.77904, -8.76635], [-36.79358, -8.76708], [-36.79858, -8.78859], [-36.8122, -8.80008], [-36.81998, -8.80188], [-36.81807, -8.83656], [-36.80899, -8.84064], [-36.80804, -8.84782], [-36.79715, -8.84756], [-36.78804, -8.85317], [-36.78732, -8.8579], [-36.79483, -8.86823], [-36.83717, -8.88137], [-36.86359, -8.88212], [-36.86446, -8.888], [-36.86525, -8.88777], [-36.87357, -8.88534], [-36.87654, -8.89159], [-36.8846, -8.89461], [-36.89597, -8.89684], [-36.90112, -8.90864], [-36.92054, -8.90104], [-36.94122, -8.89731], [-36.95061, -8.89775], [-36.95391, -8.90111], [-36.97392, -8.89496], [-36.98808, -8.89684], [-36.99279, -8.89618], [-36.97048, -8.71092], [-36.98826, -8.5569], [-36.99355, -8.55445], [-36.99561, -8.54483], [-37.00142, -8.54089], [-37.02159, -8.54442], [-37.02519, -8.54193], [-37.03299, -8.53846], [-37.04691, -8.54193], [-37.06764, -8.53358], [-37.00521, -8.5144], [-36.99379, -8.50004], [-36.97845, -8.47927], [-36.96201, -8.45911], [-36.96382, -8.4466], [-36.95817, -8.44576], [-36.94904, -8.44698], [-36.94458, -8.44531], [-36.93392, -8.44896], [-36.93108, -8.45921], [-36.9234, -8.46385], [-36.91727, -8.45957], [-36.91581, -8.45099], [-36.9051, -8.44595], [-36.90059, -8.4394], [-36.88199, -8.43569], [-36.87917, -8.45511], [-36.87221, -8.45739], [-36.859, -8.45233], [-36.84979, -8.43931], [-36.82075, -8.41696], [-36.82083, -8.41733]]]]}},
{"type": "Feature", "id": "2610905", "properties": {"codigo_ibge": 2610905, "municipio": "Pesqueira", "regiao_saude": "Caruaru", "macro_saude": "Agreste"}, "geometry": {"type": "MultiPolygon", "coordinates": [[[[-36.90796, -8.25365], [-36.89561, -8.24041], [-36.87889, -8.23523], [-36.86136, -8.22201], [-36.81217, -8.20488], [-36.80544, -8.19503], [-36.79595, -8.19011], [-36.78848, -8.19018], [-36.79429, -8.19466], [-36.80149, -8.20115], [-36.79989, -8.20834], [-36.81567, -8.23397], [-36.81802, -8.24096], [-36.81595, -8.24286], [-36.81675, -8.24575], [-36.81263, -8.25485], [-36.80591, -8.25602], [-36.80242, -8.26339], [-36.80249, -8.27638], [-36.79063, -8.27708], [-36.78377, -8.27563], [-36.77265, -8.25941], [-36.7685, -8.25824], [-36.74125, -8.26262], [-36.72617, -8.25783], [-36.72443, -8.26502], [-36.71285, -8.27075], [-36.67825, -8.273], [-36.67021, -8.27916], [-36.63443, -8.28493], [-36.63969, -8.27737], [-36.60562, -8.21195], [-36.56, -8.28277], [-36.59149, -8.30513], [-36.60835, -8.31902], [-36.62954, -8.34456], [-36.5831, -8.4623], [-36.5824, -8.46381], [-36.54198, -8.49882], [-36.60988, -8.54863], [-36.61359, -8.55724], [-36.63484, -8.5744], [-36.66122, -8.59383], [-36.66765, -8.60959], [-36.67566, -8.61353], [-36.6865, -8.62933], [-36.67812, -8.64735], [-36.67593, -8.6603], [-36.67999, -8.66714], [-36.68968, -8.66977], [-36.72459, -8.64793], [-36.72184, -8.63815], [-36.7239, -8.63173], [-36.7297, -8.62925], [-36.73109, -8.62456], [-36.72749, -8.61966], [-36.73048, -8.60503], [-36.75484, -8.60147], [-36.73869, -8.56875], [-36.73144, -8.56653], [-36.72558, -8.55864], [-36.72279, -8.5447], [-36.72066, -8.54107], [-36.71657, -8.53726], [-36.6946, -8.52506], [-36.68778, -8.5276], [-36.69579, -8.50036], [-36.69984, -8.42132], [-36.73758, -8.42156], [-36.76777, -8.42244], [-36.78402, -8.42335], [-36.80495, -8.45187], [-36.82077, -8.41746], [-36.82083, -8.41733], [-36.82075, -8.41696], [-36.84979, -8.43931], [-36.859, -8.45233], [-36.87221, -8.45739], [-36.87917, -8.45511], [-36.88199, -8.43569], [-36.90059, -8.4394], [-36.92148, -8.43011], [-36.93549, -8.41351], [-36.94809, -8.39623], [-36.94458, -8.37305], [-36.9093, -8.29526], [-36.90796, -8.25365]]]]}},
{"type": "Feature", "id": "2611002", "properties": {"codigo_ibge": 2611002, "municipio": "Petrolandia", "regiao_saude": "Arcoverde", "macro_saude": "Sertao Pernambucano"}, "geometry": {"type": "MultiPolygon", "coordinates": [[[[-38.06511, -8.684], [-38.23576, -8.85504], [-38.22409, -8.86546], [-38.21392, -8.88699], [-38.21537, -8.9037], [-38.20965, -8.91859], [-38.21098, -8.93104], [-38.20525, -8.94963], [-38.21222, -8.97914], [-38.20464, -9.10355], [-38.3113, -9.14745], [-38.31831, -9.14058], [-38.32105, -9.11646], [-38.30424, -9.09637], [-38.31991, -9.09087], [-38.32552, -9.07757], [-38.32069, -9.06962], [-38.30339, -9.06122], [-38.28961, -9.04674], [-38.28938, -9.03795], [-38.29605, -9.02243], [-38.31659, -9.00087], [-38.32028, -8.99065], [-38.33989, -8.98999], [-38.35581, -8.99672], [-38.38555, -9.02441], [-38.40666, -9.03721], [-38.4151, -9.03815], [-38.44875, -9.02594], [-38.48369, -9.0006], [-38.50316, -8.98099], [-38.51373, -8.95958], [-38.51946, -8.94717], [-38.51645, -8.93282], [-38.50169, -8.9162], [-38.48922, -8.91062], [-38.47897, -8.90133], [-38.47294, -8.88913], [-38.46946, -8.86533], [-38.45368, -8.83694], [-38.44471, -8.83674], [-38.44107, -8.82917], [-38.40486, -8.8168], [-38.402, -8.80875], [-38.39091, -8.80447], [-38.38994, -8.8001], [-38.37681, -8.79058], [-38.36054, -8.7921], [-38.35781, -8.78912], [-38.35325, -8.78375], [-38.34825, -8.78435], [-38.33923, -8.77753], [-38.32808, -8.78061], [-38.32395, -8.77789], [-38.32571, -8.77314], [-38.30713, -8.76118], [-38.30495, -8.754], [-38.2952, -8.7597], [-38.28854, -8.75969], [-38.28276, -8.75251], [-38.27443, -8.75472], [-38.26542, -8.75189], [-38.26653, -8.73619], [-38.26074, -8.73191], [-38.26543, -8.72252], [-38.25952, -8.70748], [-38.23249, -8.68774], [-38.20918, -8.68711], [-38.19926, -8.68021], [-38.18609, -8.67679], [-38.17409, -8.68578], [-38.15821, -8.68972], [-38.15474, -8.69495], [-38.14149, -8.69676], [-38.13688, -8.69161], [-38.13115, -8.69063], [-38.10022, -8.6956], [-38.09444, -8.6887], [-38.08369, -8.68596], [-38.08161, -8.68072], [-38.0727, -8.67954], [-38.06511, -8.684]]]]}},
{"type": "Feature", "id": "2611101", "properties": {"codigo_ibge": 2611101, "municipio": "Petrolina", "regiao_saude": "Petrolina", "macro_saude": "Vale S.Francisco/Araripe"}, "geometry": {"type": "MultiPolygon", "coordinates": [[[[-40.75788, -8.62309], [-40.5869, -8.66482], [-40.5789, -8.66685], [-40.42912, -8.6441], [-40.41882, -8.65796], [-40.41596, -8.66772], [-40.40595, -8.67747], [-40.40422, -8.68701], [-40.39272, -8.69195], [-40.39197, -8.71024], [-40.39662, -8.71826], [-40.39235, -8.72761], [-40.39798, -8.74245], [-40.39567, -8.74902], [-40.40152, -8.7539], [-40.39291, -8.77315], [-40.39738, -8.7764], [-40.3957, -8.78896], [-40.40037, -8.79534], [-40.39601, -8.80285], [-40.38591, -8.81236], [-40.38249, -8.81115], [-40.3698, -8.81727], [-40.3661, -8.81995], [-40.36534, -8.82353], [-40.36269, -8.83345], [-40.35888, -8.83564], [-40.36174, -8.85305], [-40.34352, -8.86316], [-40.31099, -8.86194], [-40.30485, -8.86894], [-40.29801, -8.87025], [-40.29588, -8.87892], [-40.27274, -8.90096], [-40.27535, -8.9098], [-40.27164, -8.92897], [-40.28421, -8.93391], [-40.28966, -8.93998], [-40.29705, -8.9385], [-40.30462, -8.95397], [-40.29331, -8.97087], [-40.2988, -8.9864], [-40.29632, -8.99454], [-40.28315, -9.0079], [-40.27905, -9.00707], [-40.27234, -9.00291], [-40.27087, -9.00158], [-40.26903, -8.99632], [-40.25984, -8.99008], [-40.24248, -9.00126], [-40.23196, -9.01678], [-40.23247, -9.03051], [-40.22234, -9.03811], [-40.21955, -9.04776], [-40.2091, -9.05525], [-40.20775, -9.06106], [-40.20863, -9.06391], [-40.21307, -9.06056], [-40.2312, -9.05431], [-40.23345, -9.05472], [-40.24368, -9.05661], [-40.2475, -9.05732], [-40.2712, -9.08042], [-40.28634, -9.11693], [-40.29365, -9.15165], [-40.28545, -9.1814], [-40.2903, -9.19771], [-40.30742, -9.2709], [-40.31866, -9.28685], [-40.33575, -9.32675], [-40.33467, -9.35348], [-40.35773, -9.37677], [-40.37105, -9.3783], [-40.39091, -9.37175], [-40.41128, -9.35375], [-40.42052, -9.35215], [-40.43553, -9.36174], [-40.45529, -9.40535], [-40.46739, -9.42015], [-40.4738, -9.42037], [-40.4858, -9.41401], [-40.49568, -9.40876], [-40.49683, -9.40815], [-40.51036, -9.40676], [-40.52875, -9.41348], [-40.53785, -9.42016], [-40.548, -9.44858], [-40.56482, -9.46359], [-40.58114, -9.46723], [-40.59475, -9.46695], [-40.6228, -9.48248], [-40.6564, -9.47249], [-40.68095, -9.4668], [-40.71308, -9.45029], [-40.72181, -9.44553], [-40.74495, -9.44293], [-40.77638, -9.45403], [-40.76692, -9.44528], [-40.75922, -9.42866], [-40.7646, -9.4128], [-40.74706, -9.40545], [-40.7423, -9.4003], [-40.74217, -9.3829], [-40.74611, -9.37063], [-40.73773, -9.35483], [-40.74103, -9.34637], [-40.73692, -9.33645], [-40.75512, -9.31326], [-40.75122, -9.30761], [-40.74361, -9.30581], [-40.73907, -9.29617], [-40.71972, -9.30548], [-40.70694, -9.29413], [-40.70722, -9.28493], [-40.68686, -9.27792], [-40.68332, -9.26927], [-40.67972, -9.25879], [-40.68887, -9.25657], [-40.68608, -9.24314], [-40.69064, -9.23365], [-40.69413, -9.23304], [-40.68033, -9.21178], [-40.68161, -9.20432], [-40.67669, -9.19289], [-40.67027, -9.18829], [-40.67172, -9.17197], [-40.66703, -9.15864], [-40.67736, -9.15083], [-40.68472, -9.13719], [-40.69979, -9.14182], [-40.70952, -9.14046], [-40.73217, -9.12359], [-40.75002, -9.11747], [-40.75669, -9.11943], [-40.75641, -9.10456], [-40.7628, -9.10652], [-40.77689, -9.10025], [-40.78572, -9.10477], [-40.78909, -9.09853], [-40.80373, -9.09792], [-40.81158, -9.08398], [-40.82064, -9.07948], [-40.81878, -9.06868], [-40.82322, -9.0617], [-40.82486, -9.03777], [-40.83184, -9.03075], [-40.8317, -9.02314], [-40.83464, -9.00828], [-40.84586, -8.9958], [-40.85011, -8.98591], [-40.85059, -8.9847], [-40.85122, -8.95208], [-40.86095, -8.9476], [-40.86591, -8.92297], [-40.88086, -8.91521], [-40.88307, -8.90444], [-40.89467, -8.88868], [-40.89603, -8.87061], [-40.90219, -8.86066], [-40.9146, -8.84912], [-40.92097, -8.83502], [-40.94601, -8.84458], [-40.95732, -8.84189], [-40.95844, -8.84126], [-40.94257, -8.81977], [-40.94411, -8.78767], [-40.93857, -8.7782], [-40.92967, -8.77248], [-40.92832, -8.76788], [-40.92411, -8.77374], [-40.91952, -8.77164], [-40.91082, -8.77545], [-40.75788, -8.62309]]]]}},
{"type": "Feature", "id": "2611200", "properties": {"codigo_ibge": 2611200, "municipio": "Pocao", "regiao_saude": "Caruaru", "macro_saude": "Agreste"}, "geometry": {"type": "MultiPolygon", "coordinates": [[[[-36.6867, -8.15527], [-36.67965, -8.17647], [-36.66192, -8.18274], [-36.64695, -8.20521], [-36.63364, -8.21324], [-36.61903, -8.21344], [-36.60562, -8.21195], [-36.63969, -8.27737], [-36.63443, -8.28493], [-36.67021, -8.27916], [-36.67825, -8.273], [-36.71285, -8.27075], [-36.72443, -8.26502], [-36.72617, -8.25783], [-36.74125, -8.26262], [-36.7685, -8.25824], [-36.77265, -8.25941], [-36.78377, -8.27563], [-36.79063, -8.27708], [-36.80249, -8.27638], [-36.80242, -8.26339], [-36.80591, -8.25602], [-36.81263, -8.25485], [-36.81675, -8.24575], [-36.81595, -8.24286], [-36.81802, -8.24096], [-36.81567, -8.23397], [-36.79989, -8.20834], [-36.80149, -8.20115], [-36.79429, -8.19466], [-36.78848, -8.19018], [-36.77504, -8.19031], [-36.76123, -8.19588], [-36.75317, -8.19106], [-36.74981, -8.17529], [-36.74227, -8.17258], [-36.73425, -8.17224], [-36.72364, -8.17206], [-36.72207, -8.16792], [-36.71544, -8.1669], [-36.72544, -8.15604], [-36.72247, -8.15055], [-36.70807, -8.15589], [-36.6867, -8.15527]]]]}},
{"type": "Feature", "id": "2611309", "properties": {"codigo_ibge": 2611309, "municipio": "Pombos", "regiao_saude": "Recife", "macro_saude": "Metropolitana"}, "geometry": {"type": "MultiPolygon", "coordinates": [[[[-35.46218, -8.09342], [-35.44223, -8.09399], [-35.42931, -8.08081], [-35.42901, -8.08093], [-35.34594, -8.11633], [-35.34404, -8.11765], [-35.35026, -8.15934], [-35.35332, -8.18147], [-35.33857, -8.27853], [-35.36609, -8.29859], [-35.3703, -8.298], [-35.3737, -8.28808], [-35.36498, -8.2781], [-35.367, -8.27439], [-35.37279, -8.27713], [-35.37519, -8.27465], [-35.37691, -8.26844], [-35.38398, -8.26593], [-35.38724, -8.26028], [-35.40175, -8.25659], [-35.41418, -8.26782], [-35.42325, -8.26552], [-35.4258, -8.25428], [-35.42868, -8.25295], [-35.43389, -8.25683], [-35.43906, -8.25222], [-35.43827, -8.24814], [-35.44352, -8.24155], [-35.44204, -8.23483], [-35.42907, -8.21745], [-35.45599, -8.19513], [-35.44186, -8.18884], [-35.43139, -8.18184], [-35.42976, -8.16434], [-35.44867, -8.16945], [-35.44358, -8.1516], [-35.43853, -8.12655], [-35.47733, -8.12351], [-35.46218, -8.09342]]]]}},
{"type": "Feature", "id": "2611408", "properties": {"codigo_ibge": 2611408, "municipio": "Primavera", "regiao_saude": "Palmares", "macro_saude": "Metropolitana"}, "geometry": {"type": "MultiPolygon", "coordinates": [[[[-35.36609, -8.29859], [-35.36003, -8.2977], [-35.3587, -8.30022], [-35.3544, -8.30378], [-35.35364, -8.31813], [-35.35203, -8.32578], [-35.35174, -8.32949], [-35.35064, -8.34096], [-35.35044, -8.34297], [-35.34752, -8.34892], [-35.34815, -8.35079], [-35.34193, -8.36365], [-35.35334, -8.36444], [-35.36001, -8.36793], [-35.36188, -8.37342], [-35.36402, -8.39536], [-35.34782, -8.40931], [-35.34295, -8.40979], [-35.34217, -8.41274], [-35.34783, -8.43709], [-35.35722, -8.43456], [-35.36428, -8.40859], [-35.37211, -8.42429], [-35.3875, -8.41742], [-35.40289, -8.43169], [-35.40497, -8.43003], [-35.40568, -8.43737], [-35.40527, -8.4277], [-35.3732, -8.38045], [-35.40419, -8.34289], [-35.43296, -8.3056], [-35.46618, -8.26071], [-35.46036, -8.26526], [-35.45433, -8.25358], [-35.44688, -8.25068], [-35.43906, -8.25222], [-35.43389, -8.25683], [-35.42868, -8.25295], [-35.4258, -8.25428], [-35.42325, -8.26552], [-35.41418, -8.26782], [-35.40175, -8.25659], [-35.38724, -8.26028], [-35.38398, -8.26593], [-35.37691, -8.26844], [-35.37519, -8.27465], [-35.37279, -8.27713], [-35.367, -8.27439], [-35.36498, -8.2781], [-35.3737, -8.28808], [-35.3703, -8.298], [-35.36609, -8.29859]]]]}},
{"type": "Feature", "id": "2611507", "properties": {"codigo_ibge": 2611507, "municipio": "Quipapa", "regiao_saude": "Palmares", "macro_saude": "Metropolitana"}, "geometry": {"type": "MultiPolygon", "coordinates": [[[[-36.12065, -8.83638], [-36.09284, -8.78133], [-36.08915, -8.77594], [-36.07513, -8.77011], [-36.05367, -8.7556], [-36.04013, -8.76267], [-36.02465, -8.78992], [-36.0284, -8.77945], [-36.02702, -8.77614], [-36.00372, -8.77911], [-35.98561, -8.78054], [-35.98235, -8.77628], [-35.9673, -8.76405], [-35.96585, -8.75043], [-35.95494, -8.81791], [-35.95455, -8.857], [-35.95343, -8.87027], [-35.95029, -8.89188], [-35.96069, -8.8936], [-35.96498, -8.90273], [-35.97379, -8.90128], [-35.98841, -8.90376], [-36.00505, -8.91258], [-36.03278, -8.90799], [-36.03292, -8.908], [-36.06078, -8.89466], [-36.12516, -8.84193], [-36.12088, -8.83682], [-36.12065, -8.83638]]]]}},
{"type": "Feature", "id": "2611533", "properties": {"codigo_ibge": 2611533, "municipio": "Quixaba", "regiao_saude": "Afogados da Ingazeira", "macro_saude": "Sertao Pernambucano"}, "geometry": {"type": "MultiPolygon", "coordinates": [[[[-37.90298, -7.69769], [-37.89701, -7.69042], [-37.88025, -7.68324], [-37.85681, -7.65156], [-37.84356, -7.64676], [-37.80762, -7.64355], [-37.79046, -7.62554], [-37.78184, -7.6265], [-37.77929, -7.62884], [-37.77789, -7.63117], [-37.77578, -7.64622], [-37.76774, -7.64827], [-37.7669, -7.65707], [-37.76874, -7.67521], [-37.75691, -7.68888], [-37.78231, -7.68348], [-37.79184, -7.72692], [-37.79844, -7.75471], [-37.84667, -7.80261], [-37.84901, -7.80003], [-37.86443, -7.7897], [-37.86804, -7.78735], [-37.8736, -7.78864], [-37.87906, -7.78051], [-37.88202, -7.78073], [-37.89357, -7.78073], [-37.90764, -7.77305], [-37.95072, -7.77075], [-37.95808, -7.76557], [-37.9472, -7.75581], [-37.94275, -7.74063], [-37.9265, -7.72952], [-37.92062, -7.7133], [-37.91272, -7.70906], [-37.89399, -7.71322], [-37.89195, -7.71053], [-37.90298, -7.69769]]]]}},
{"type": "Feature", "id": "2611606", "properties": {"codigo_ibge": 2611606, "municipio": "Recife", "regiao_saude": "Recife", "macro_saude": "Metropolitana"}, "geometry": {"type": "MultiPolygon", "coordinates": [[[[-34.86029, -8.04422], [-34.85928, -8.04821], [-34.87957, -8.09003], [-34.91185, -8.16221], [-34.91587, -8.14414], [-34.92303, -8.14014], [-34.94486, -8.13725], [-34.96408, -8.11519], [-34.96974, -8.08929], [-34.97436, -8.08575], [-34.97206, -8.07902], [-34.97739, -8.0796], [-34.98569, -8.07479], [-34.99591, -8.06113], [-35.00262, -8.06388], [-35.01479, -8.05609], [-34.99385, -8.04899], [-34.99532, -8.03886], [-34.99734, -8.03593], [-34.99239, -8.03146], [-34.98708, -8.03686], [-34.98219, -8.03503], [-34.981, -8.02627], [-34.97311, -8.02517], [-34.96778, -8.0197], [-34.94933, -8.02161], [-34.96114, -8.01287], [-34.96333, -7.97557], [-34.97527, -7.96971], [-34.98039, -7.97043], [-34.99245, -7.96248], [-35.00014, -7.96366], [-35.00294, -7.95944], [-34.99969, -7.94835], [-35.00797, -7.94512], [-34.99991, -7.92968], [-34.98838, -7.94116], [-34.9806, -7.94205], [-34.97699, -7.93951], [-34.96857, -7.94175], [-34.94494, -7.92991], [-34.93013, -7.93601], [-34.92429, -7.93388], [-34.91488, -7.93608], [-34.90917, -7.94424], [-34.91355, -7.97769], [-34.91742, -7.98799], [-34.915, -7.99029], [-34.90135, -8.00136], [-34.88572, -8.00584], [-34.8796, -8.01194], [-34.87893, -8.01842], [-34.87273, -8.01835], [-34.87551, -8.03279], [-34.86334, -8.04177], [-34.86029, -8.04422]]]]}},
{"type": "Feature", "id": "2611705", "properties": {"codigo_ibge": 2611705, "municipio": "Riacho das Almas", "regiao_saude": "Caruaru", "macro_saude": "Agreste"}, "geometry": {"type": "MultiPolygon", "coordinates": [[[[-35.80469, -7.97315], [-35.78757, -7.96903], [-35.77521, -7.96935], [-35.76712, -7.97478], [-35.765, -7.97707], [-35.75743, -7.97452], [-35.75751, -7.98717], [-35.7539, -7.98901], [-35.76024, -7.99225], [-35.75939, -7.9962], [-35.76508, -8.0016], [-35.75917, -8.01139], [-35.78557, -8.01468], [-35.78784, -8.02202], [-35.79518, -8.02687], [-35.79596, -8.03105], [-35.80168, -8.02791], [-35.80301, -8.03041], [-35.79844, -8.03611], [-35.79936, -8.04105], [-35.81574, -8.05613], [-35.82572, -8.05832], [-35.82899, -8.05463], [-35.83328, -8.06049], [-35.83056, -8.06383], [-35.83852, -8.06936], [-35.84006, -8.07146], [-35.83431, -8.08239], [-35.83697, -8.09766], [-35.82958, -8.1051], [-35.83607, -8.10919], [-35.83543, -8.11403], [-35.84198, -8.1196], [-35.84566, -8.13231], [-35.8474, -8.13701], [-35.84409, -8.1455], [-35.84839, -8.14724], [-35.84749, -8.15326], [-35.8541, -8.16187], [-35.86683, -8.16533], [-35.87353, -8.16187], [-35.88695, -8.17107], [-35.88817, -8.17235], [-35.89048, -8.17883], [-35.88802, -8.18915], [-35.87962, -8.20588], [-35.91604, -8.187], [-35.9203, -8.1999], [-35.92221, -8.20286], [-35.96391, -8.17449], [-35.97626, -8.16539], [-35.98423, -8.14511], [-35.97404, -8.12265], [-35.95846, -8.09142], [-35.91532, -8.00428], [-35.91399, -8.00239], [-35.90704, -8.00548], [-35.89989, -8.00381], [-35.89507, -8.00067], [-35.88779, -8.00432], [-35.88352, -8.00328], [-35.88466, -7.99612], [-35.88073, -7.99111], [-35.87092, -7.99009], [-35.85581, -7.99501], [-35.84929, -7.99408], [-35.8446, -7.98605], [-35.83915, -7.98286], [-35.83582, -7.98247], [-35.80773, -7.98018], [-35.80469, -7.97315]]]]}},
{"type": "Feature", "id": "2611804", "properties": {"codigo_ibge": 2611804, "municipio": "Ribeirao", "regiao_saude": "Palmares", "macro_saude": "Metropolitana"}, "geometry": {"type": "MultiPolygon", "coordinates": [[[[-35.34783, -8.43709], [-35.34166, -8.44464], [-35.33716, -8.43824], [-35.32858, -8.43424], [-35.31768, -8.41891], [-35.31295, -8.41926], [-35.32711, -8.44841], [-35.3158, -8.47863], [-35.30182, -8.48906], [-35.28956, -8.46365], [-35.27236, -8.48724], [-35.26853, -8.5234], [-35.26882, -8.53159], [-35.28033, -8.56041], [-35.26778, -8.5955], [-35.26411, -8.63026], [-35.26434, -8.63025], [-35.28561, -8.61594], [-35.30309, -8.59593], [-35.33325, -8.57638], [-35.33835, -8.5655], [-35.35657, -8.54091], [-35.37476, -8.54967], [-35.38331, -8.54051], [-35.39273, -8.55764], [-35.40135, -8.55047], [-35.41258, -8.54839], [-35.43124, -8.53615], [-35.42937, -8.52965], [-35.43203, -8.51867], [-35.42891, -8.50847], [-35.45976, -8.51207], [-35.46289, -8.5135], [-35.46663, -8.52874], [-35.46645, -8.54149], [-35.47052, -8.54552], [-35.47686, -8.53939], [-35.47874, -8.52666], [-35.48086, -8.52452], [-35.48411, -8.52633], [-35.48573, -8.52102], [-35.48969, -8.5196], [-35.4855, -8.50777], [-35.48738, -8.50558], [-35.4873, -8.50227], [-35.48597, -8.49819], [-35.48936, -8.49412], [-35.4999, -8.49764], [-35.50028, -8.48913], [-35.50529, -8.48155], [-35.50179, -8.47632], [-35.47096, -8.46987], [-35.45013, -8.45755], [-35.44582, -8.45335], [-35.44514, -8.45138], [-35.42589, -8.42679], [-35.42126, -8.43179], [-35.41693, -8.4276], [-35.40706, -8.42554], [-35.40527, -8.4277], [-35.40568, -8.43737], [-35.40497, -8.43003], [-35.40289, -8.43169], [-35.3875, -8.41742], [-35.37211, -8.42429], [-35.36428, -8.40859], [-35.35722, -8.43456], [-35.34783, -8.43709]]]]}},
{"type": "Feature", "id": "2611903", "properties": {"codigo_ibge": 2611903, "municipio": "Rio Formoso", "regiao_saude": "Palmares", "macro_saude": "Metropolitana"}, "geometry": {"type": "MultiPolygon", "coordinates": [[[[-35.26434, -8.63025], [-35.26411, -8.63026], [-35.24737, -8.65312], [-35.23306, -8.65313], [-35.22825, -8.65002], [-35.22375, -8.65179], [-35.21497, -8.64725], [-35.21231, -8.64924], [-35.20132, -8.63984], [-35.19228, -8.6229], [-35.19299, -8.61891], [-35.18531, -8.60632], [-35.18217, -8.58539], [-35.14024, -8.64528], [-35.13115, -8.6438], [-35.12787, -8.64675], [-35.11936, -8.66078], [-35.11624, -8.66072], [-35.11287, -8.6766], [-35.10984, -8.68282], [-35.1022, -8.68617], [-35.10435, -8.69575], [-35.10088, -8.70788], [-35.09452, -8.71159], [-35.09745, -8.72096], [-35.09571, -8.72729], [-35.1035, -8.72972], [-35.10402, -8.734], [-35.1361, -8.74029], [-35.14045, -8.73463], [-35.24935, -8.69617], [-35.34127, -8.72454], [-35.33671, -8.72185], [-35.33996, -8.72008], [-35.34059, -8.7095], [-35.35725, -8.69158], [-35.35171, -8.67211], [-35.34787, -8.6614], [-35.34291, -8.6521], [-35.33093, -8.64593], [-35.32314, -8.63438], [-35.30682, -8.62777], [-35.26434, -8.63025]]]]}},
{"type": "Feature", "id": "2612000", "properties": {"codigo_ibge": 2612000, "municipio": "Saire", "regiao_saude": "Caruaru", "macro_saude": "Agreste"}, "geometry": {"type": "MultiPolygon", "coordinates": [[[[-35.6277, -8.37387], [-35.65404, -8.37731], [-35.69618, -8.36979], [-35.71899, -8.38771], [-35.72311, -8.38623], [-35.72212, -8.37686], [-35.73257, -8.36991], [-35.7331, -8.36657], [-35.731, -8.36237], [-35.7388, -8.34045], [-35.73363, -8.33248], [-35.73492, -8.32315], [-35.72932, -8.31452], [-35.73475, -8.30565], [-35.75795, -8.28986], [-35.75212, -8.28816], [-35.7438, -8.27338], [-35.73634, -8.26849], [-35.72861, -8.2535], [-35.72955, -8.218], [-35.72254, -8.21583], [-35.71104, -8.22346], [-35.70706, -8.22011], [-35.70572, -8.21981], [-35.68547, -8.21064], [-35.6665, -8.20904], [-35.6548, -8.20319], [-35.64886, -8.27781], [-35.62544, -8.31685], [-35.61115, -8.34054], [-35.6277, -8.37387]]]]}},
{"type": "Feature", "id": "2612109", "properties": {"codigo_ibge": 2612109, "municipio": "Salgadinho", "regiao_saude": "Limoeiro", "macro_saude": "Metropolitana"}, "geometry": {"type": "MultiPolygon", "coordinates": [[[[-35.52037, -7.90393], [-35.51369, -7.93816], [-35.53122, -7.93045], [-35.53796, -7.94578], [-35.54384, -7.94638], [-35.54852, -7.94538], [-35.5502, -7.94509], [-35.55884, -7.94017], [-35.58072, -7.94608], [-35.58175, -7.9455], [-35.58324, -7.94309], [-35.60039, -7.93522], [-35.61151, -7.93643], [-35.6192, -7.94435], [-35.6285, -7.94129], [-35.63845, -7.93995], [-35.64154, -7.93828], [-35.65385, -7.9439], [-35.65503, -7.94028], [-35.65063, -7.93423], [-35.65612, -7.92496], [-35.66338, -7.92469], [-35.67046, -7.91716], [-35.67672, -7.91902], [-35.67459, -7.91202], [-35.68074, -7.90959], [-35.61409, -7.87631], [-35.59469, -7.88943], [-35.58924, -7.89328], [-35.57625, -7.89432], [-35.56126, -7.88913], [-35.55638, -7.89095], [-35.55201, -7.89818], [-35.53357, -7.89352], [-35.52037, -7.90393]]]]}},
{"type": "Feature", "id": "2612208", "properties": {"codigo_ibge": 2612208, "municipio": "Salgueiro", "regiao_saude": "Salgueiro", "macro_saude": "Vale S.Francisco/Araripe"}, "geometry": {"type": "MultiPolygon", "coordinates": [[[[-39.30723, -8.05119], [-39.29792, -8.04519], [-39.28608, -8.04872], [-39.28145, -8.04279], [-39.27491, -8.04349], [-39.27028, -8.03872], [-39.26329, -8.03987], [-39.26099, -8.03296], [-39.24716, -8.031], [-39.23831, -8.02513], [-39.23832, -8.01591], [-39.23203, -8.00984], [-39.23614, -8.00219], [-39.23474, -7.9845], [-39.22318, -7.96489], [-39.22289, -7.94976], [-39.22301, -7.94916], [-39.23121, -7.93297], [-39.22329, -7.92411], [-39.22464, -7.91497], [-39.2201, -7.90887], [-39.21979, -7.90092], [-39.14574, -7.82667], [-39.14597, -7.81945], [-39.14425, -7.81383], [-39.14169, -7.79773], [-39.11551, -7.77621], [-39.10227, -7.77063], [-39.10147, -7.78684], [-39.09021, -7.8092], [-39.09119, -7.82478], [-39.08747, -7.83576], [-39.0962, -7.84975], [-39.09095, -7.85777], [-39.06453, -7.8391], [-39.05341, -7.8189], [-39.02605, -7.82423], [-39.01769, -7.81226], [-39.01582, -7.82703], [-39.03259, -7.84445], [-39.03534, -7.85044], [-39.03364, -7.85781], [-39.04206, -7.86624], [-39.04876, -7.86545], [-39.05415, -7.86949], [-39.06076, -7.89826], [-39.07665, -7.90314], [-39.08047, -7.90949], [-39.07779, -7.91526], [-39.08084, -7.92437], [-39.0771, -7.92618], [-39.06987, -7.93043], [-39.07384, -7.94069], [-39.07201, -7.95806], [-39.08645, -7.97772], [-39.0854, -7.98669], [-39.09484, -7.99517], [-39.09659, -8.0001], [-39.09195, -8.00381], [-39.09159, -8.01131], [-39.10307, -8.02399], [-39.10261, -8.02839], [-39.07362, -8.08023], [-39.06445, -8.07544], [-39.06437, -8.0605], [-39.05981, -8.05923], [-39.05766, -8.0602], [-39.04317, -8.06074], [-39.02676, -8.05623], [-39.026, -8.06782], [-39.01923, -8.06821], [-39.01328, -8.07545], [-39.00426, -8.06429], [-38.98975, -8.06362], [-38.97017, -8.07679], [-38.97234, -8.08055], [-38.97853, -8.08086], [-38.97389, -8.08689], [-38.96943, -8.08495], [-38.96626, -8.09064], [-38.95918, -8.08587], [-38.95517, -8.08928], [-38.94489, -8.08554], [-38.93809, -8.09075], [-38.92972, -8.08981], [-38.92324, -8.09356], [-38.91027, -8.08636], [-38.93265, -8.11007], [-38.93543, -8.11781], [-38.93693, -8.12444], [-38.92235, -8.14086], [-38.91123, -8.14494], [-38.90567, -8.15833], [-38.88122, -8.16951], [-38.87049, -8.16795], [-38.86677, -8.18372], [-38.87125, -8.20078], [-38.87931, -8.20907], [-38.87654, -8.21244], [-38.86531, -8.21553], [-38.85513, -8.22395], [-38.83011, -8.22059], [-38.82339, -8.2242], [-38.81543, -8.22215], [-38.81424, -8.22546], [-38.81063, -8.23384], [-38.83657, -8.2683], [-38.84, -8.27544], [-38.85056, -8.28575], [-38.85759, -8.28626], [-38.8607, -8.29177], [-38.89288, -8.3135], [-38.91082, -8.33004], [-38.91479, -8.33348], [-38.91564, -8.34096], [-38.928, -8.35612], [-38.93608, -8.35323], [-38.95282, -8.35663], [-38.96325, -8.35156], [-38.96792, -8.35405], [-38.97448, -8.35227], [-38.97877, -8.35613], [-38.98241, -8.35339], [-38.99029, -8.35658], [-38.99367, -8.35468], [-38.99672, -8.3655], [-38.99509, -8.37255], [-39.01064, -8.37995], [-39.01477, -8.37476], [-39.02996, -8.37309], [-39.04111, -8.38009], [-39.04617, -8.37925], [-39.20838, -8.2268], [-39.24914, -8.21339], [-39.26031, -8.21897], [-39.28408, -8.22134], [-39.30145, -8.22692], [-39.31564, -8.18535], [-39.31732, -8.18212], [-39.31059, -8.17628], [-39.30779, -8.17092], [-39.29996, -8.15777], [-39.28631, -8.14666], [-39.28254, -8.13329], [-39.27589, -8.13236], [-39.27325, -8.12667], [-39.26284, -8.12277], [-39.24981, -8.10053], [-39.24322, -8.09296], [-39.24398, -8.08886], [-39.25184, -8.08022], [-39.27239, -8.06959], [-39.30723, -8.05119]]]]}},
{"type": "Feature", "id": "2612307", "properties": {"codigo_ibge": 2612307, "municipio": "Saloa", "regiao_saude": "Garanhuns", "macro_saude": "Agreste"}, "geometry": {"type": "MultiPolygon", "coordinates": [[[[-36.63675, -9.02041], [-36.68809, -9.01998], [-36.7035, -9.02063], [-36.7194, -9.03704], [-36.73517, -9.05828], [-36.73432, -9.06041], [-36.742, -9.06458], [-36.75245, -9.08923], [-36.7581, -9.0926], [-36.76924, -9.09201], [-36.77488, -9.0976], [-36.77726, -9.09902], [-36.77595, -9.10544], [-36.78086, -9.10585], [-36.78421, -9.11277], [-36.80183, -9.08593], [-36.78647, -9.00774], [-36.81306, -8.96921], [-36.86525, -8.88777], [-36.86446, -8.888], [-36.75986, -8.93761], [-36.72851, -8.95358], [-36.7239, -8.95175], [-36.71334, -8.95093], [-36.7084, -8.94046], [-36.66104, -8.93378], [-36.64539, -8.93571], [-36.63491, -8.94357], [-36.63052, -8.95608], [-36.62986, -8.97596], [-36.63633, -8.98617], [-36.62545, -9.00211], [-36.63085, -9.00443], [-36.63507, -9.01496], [-36.63675, -9.02041]]]]}},
{"type": "Feature", "id": "2612406", "properties": {"codigo_ibge": 2612406, "municipio": "Sanharo", "regiao_saude": "Caruaru", "macro_saude": "Agreste"}, "geometry": {"type": "MultiPolygon", "coordinates": [[[[-36.5104, -8.40164], [-36.51297, -8.40422], [-36.52411, -8.43116], [-36.53064, -8.44493], [-36.53727, -8.50203], [-36.54198, -8.49882], [-36.5824, -8.46381], [-36.5831, -8.4623], [-36.62954, -8.34456], [-36.60835, -8.31902], [-36.59149, -8.30513], [-36.56, -8.28277], [-36.55984, -8.27385], [-36.53503, -8.25201], [-36.54186, -8.24753], [-36.54191, -8.2394], [-36.53012, -8.23888], [-36.52691, -8.24609], [-36.52419, -8.24562], [-36.51656, -8.23201], [-36.50788, -8.23018], [-36.49975, -8.23597], [-36.49388, -8.23187], [-36.48715, -8.24638], [-36.48559, -8.25215], [-36.49835, -8.27015], [-36.49454, -8.27164], [-36.49358, -8.27886], [-36.49765, -8.2807], [-36.49806, -8.28793], [-36.51978, -8.2971], [-36.52504, -8.30325], [-36.51593, -8.31282], [-36.51097, -8.32101], [-36.50055, -8.32409], [-36.49422, -8.32225], [-36.49335, -8.31546], [-36.48429, -8.31405], [-36.49236, -8.38268], [-36.5104, -8.40164]]]]}},
{"type": "Feature", "id": "2612455", "properties": {"codigo_ibge": 2612455, "municipio": "Santa Cruz", "regiao_saude": "Ouricuri", "macro_saude": "Vale S.Francisco/Araripe"}, "geometry": {"type": "MultiPolygon", "coordinates": [[[[-40.42815, -8.06934], [-40.4175, -8.08034], [-40.39785, -8.0833], [-40.39326, -8.07726], [-40.38811, -8.07942], [-40.3809, -8.0743], [-40.3742, -8.07484], [-40.37477, -8.07852], [-40.36771, -8.08386], [-40.35378, -8.08677], [-40.34532, -8.07051], [-40.33835, -8.06585], [-40.33313, -8.06353], [-40.33357, -8.06576], [-40.32726, -8.06742], [-40.31749, -8.0568], [-40.30269, -8.06107], [-40.2891, -8.06654], [-40.27149, -8.06385], [-40.25941, -8.05567], [-40.24292, -8.07668], [-40.23484, -8.07402], [-40.22714, -8.07723], [-40.22285, -8.07385], [-40.21937, -8.07864], [-40.21875, -8.08034], [-40.21614, -8.08303], [-40.22196, -8.08819], [-40.22956, -8.10842], [-40.23994, -8.11945], [-40.24199, -8.12653], [-40.25003, -8.12898], [-40.25715, -8.14182], [-40.25259, -8.15454], [-40.23799, -8.16136], [-40.23388, -8.16864], [-40.22919, -8.19621], [-40.19469, -8.19632], [-40.20032, -8.25554], [-40.08697, -8.3368], [-40.11069, -8.3428], [-40.10836, -8.34768], [-40.13363, -8.36031], [-40.14034, -8.38387], [-40.15171, -8.40672], [-40.15987, -8.40625], [-40.1646, -8.41592], [-40.17152, -8.42232], [-40.181, -8.42055], [-40.19678, -8.46047], [-40.191, -8.48777], [-40.19622, -8.5122], [-40.21402, -8.50307], [-40.23204, -8.5049], [-40.24345, -8.51081], [-40.2541, -8.50651], [-40.2572, -8.49612], [-40.26614, -8.50083], [-40.26679, -8.50429], [-40.27281, -8.50914], [-40.28712, -8.50666], [-40.28949, -8.49863], [-40.29893, -8.50125], [-40.29889, -8.50683], [-40.30471, -8.51288], [-40.31844, -8.51606], [-40.32655, -8.51312], [-40.33313, -8.51849], [-40.34051, -8.5173], [-40.35089, -8.50853], [-40.35812, -8.49503], [-40.35427, -8.48981], [-40.35706, -8.48187], [-40.35338, -8.46719], [-40.3596, -8.46325], [-40.35947, -8.44773], [-40.36747, -8.43662], [-40.36514, -8.43202], [-40.37461, -8.42878], [-40.38094, -8.4216], [-40.38109, -8.4149], [-40.3863, -8.41128], [-40.39299, -8.41613], [-40.39486, -8.41555], [-40.39731, -8.40734], [-40.40546, -8.40863], [-40.4094, -8.40169], [-40.42156, -8.40388], [-40.43505, -8.38976], [-40.43295, -8.37649], [-40.42894, -8.37392], [-40.43202, -8.37158], [-40.43061, -8.36104], [-40.43486, -8.35742], [-40.43312, -8.35153], [-40.43619, -8.34652], [-40.44821, -8.33935], [-40.44442, -8.33289], [-40.44749, -8.31756], [-40.45882, -8.30914], [-40.45937, -8.30174], [-40.45498, -8.28787], [-40.44521, -8.27508], [-40.42815, -8.06934]]]]}},
{"type": "Feature", "id": "2612471", "properties": {"codigo_ibge": 2612471, "municipio": "Santa Cruz da Baixa Verde", "regiao_saude": "Serra Talhada", "macro_saude": "Sertao Pernambucano"}, "geometry": {"type": "MultiPolygon", "coordinates": [[[[-38.13108, -7.79535], [-38.13081, -7.80346], [-38.12209, -7.80703], [-38.12381, -7.81257], [-38.11971, -7.81856], [-38.14735, -7.84445], [-38.14923, -7.85524], [-38.14751, -7.86546], [-38.14019, -7.87573], [-38.13987, -7.88311], [-38.11955, -7.90815], [-38.12909, -7.90411], [-38.15956, -7.90497], [-38.16311, -7.90497], [-38.23795, -7.90567], [-38.22262, -7.88532], [-38.22276, -7.87061], [-38.22441, -7.86314], [-38.20632, -7.83778], [-38.22157, -7.81998], [-38.21232, -7.8103], [-38.20551, -7.80728], [-38.16232, -7.77954], [-38.14994, -7.78181], [-38.14157, -7.78484], [-38.13108, -7.79535]]]]}},
{"type": "Feature", "id": "2612505", "properties": {"codigo_ibge": 2612505, "municipio": "Santa Cruz do Capibaribe", "regiao_saude": "Caruaru", "macro_saude": "Agreste"}, "geometry": {"type": "MultiPolygon", "coordinates": [[[[-36.3961, -7.80829], [-36.37312, -7.81221], [-36.36039, -7.80531], [-36.33655, -7.80901], [-36.3088, -7.80628], [-36.29403, -7.81149], [-36.27078, -7.83015], [-36.26318, -7.83133], [-36.26603, -7.86806], [-36.24252, -7.89183], [-36.19446, -7.92288], [-36.16922, -7.93939], [-36.172, -7.95688], [-36.16442, -7.96552], [-36.16797, -7.96847], [-36.17728, -7.9681], [-36.19148, -7.95793], [-36.20619, -7.96394], [-36.20926, -7.96003], [-36.21735, -7.95833], [-36.21991, -7.95803], [-36.227, -7.95457], [-36.25375, -7.95318], [-36.26265, -7.95343], [-36.27081, -7.94732], [-36.29446, -7.94383], [-36.30993, -7.95853], [-36.32682, -7.96821], [-36.34256, -7.95908], [-36.35292, -7.96203], [-36.35073, -7.95514], [-36.35992, -7.94828], [-36.3599, -7.95272], [-36.37136, -7.95118], [-36.37241, -7.94479], [-36.37971, -7.93642], [-36.3868, -7.93897], [-36.40044, -7.93779], [-36.42285, -7.92154], [-36.44342, -7.91985], [-36.44597, -7.91597], [-36.44458, -7.91488], [-36.4439, -7.91434], [-36.44336, -7.91392], [-36.44542, -7.90776], [-36.43506, -7.89696], [-36.43258, -7.89225], [-36.42936, -7.88615], [-36.42977, -7.88526], [-36.43239, -7.87958], [-36.44005, -7.87784], [-36.42872, -7.86663], [-36.4294, -7.83688], [-36.42963, -7.8267], [-36.42815, -7.82386], [-36.42371, -7.81537], [-36.40709, -7.81366], [-36.3961, -7.80829]]]]}},
{"type": "Feature", "id": "2612554", "properties": {"codigo_ibge": 2612554, "municipio": "Santa Filomena", "regiao_saude": "Ouricuri", "macro_saude": "Vale S.Francisco/Araripe"}, "geometry": {"type": "MultiPolygon", "coordinates": [[[[-40.57549, -8.03006], [-40.52207, -8.03054], [-40.42955, -8.03299], [-40.4257, -8.03616], [-40.42462, -8.04518], [-40.42955, -8.05275], [-40.42864, -8.06634], [-40.42815, -8.06934], [-40.44521, -8.27508], [-40.45498, -8.28787], [-40.45937, -8.30174], [-40.45882, -8.30914], [-40.44749, -8.31756], [-40.44442, -8.33289], [-40.44821, -8.33935], [-40.43619, -8.34652], [-40.43312, -8.35153], [-40.43486, -8.35742], [-40.43061, -8.36104], [-40.43202, -8.37158], [-40.42894, -8.37392], [-40.43295, -8.37649], [-40.43505, -8.38976], [-40.43864, -8.37795], [-40.4516, -8.36439], [-40.4621, -8.3605], [-40.4681, -8.36551], [-40.47675, -8.36123], [-40.48401, -8.36571], [-40.48981, -8.36398], [-40.49485, -8.3697], [-40.50216, -8.36531], [-40.51266, -8.37082], [-40.52852, -8.36612], [-40.53439, -8.37636], [-40.53238, -8.38014], [-40.53957, -8.38383], [-40.54335, -8.37605], [-40.5625, -8.37222], [-40.56511, -8.36579], [-40.57276, -8.36255], [-40.58575, -8.36337], [-40.59119, -8.36774], [-40.597, -8.36355], [-40.60011, -8.36765], [-40.60663, -8.36694], [-40.60955, -8.37174], [-40.62089, -8.36763], [-40.62586, -8.37203], [-40.62971, -8.3714], [-40.63066, -8.37537], [-40.64046, -8.37496], [-40.64514, -8.38062], [-40.65888, -8.37866], [-40.65799, -8.37187], [-40.66378, -8.36867], [-40.67904, -8.373], [-40.6821, -8.36899], [-40.68069, -8.3648], [-40.68618, -8.3629], [-40.68575, -8.35766], [-40.70284, -8.3469], [-40.71276, -8.35032], [-40.72818, -8.34708], [-40.74229, -8.3367], [-40.7491, -8.34217], [-40.75485, -8.34186], [-40.75761, -8.33652], [-40.75578, -8.32594], [-40.76183, -8.31784], [-40.76273, -8.30808], [-40.76641, -8.29887], [-40.77972, -8.29586], [-40.78131, -8.2927], [-40.77787, -8.28573], [-40.7832, -8.25502], [-40.76895, -8.24905], [-40.76392, -8.24358], [-40.74414, -8.23966], [-40.7365, -8.22782], [-40.72883, -8.22451], [-40.70689, -8.22308], [-40.70022, -8.2022], [-40.694, -8.20047], [-40.68404, -8.18737], [-40.67489, -8.18445], [-40.66866, -8.17707], [-40.66622, -8.16187], [-40.65813, -8.15615], [-40.6432, -8.15713], [-40.64241, -8.14966], [-40.63358, -8.13904], [-40.63317, -8.13864], [-40.63145, -8.13924], [-40.60095, -8.14976], [-40.60077, -8.14364], [-40.58942, -8.13755], [-40.59087, -8.12311], [-40.59613, -8.11761], [-40.6035, -8.10328], [-40.59839, -8.08045], [-40.58185, -8.04428], [-40.57549, -8.03006]]]]}},
{"type": "Feature", "id": "2612604", "properties": {"codigo_ibge": 2612604, "municipio": "Santa Maria da Boa Vista", "regiao_saude": "Petrolina", "macro_saude": "Vale S.Francisco/Araripe"}, "geometry": {"type": "MultiPolygon", "coordinates": [[[[-40.10836, -8.34768], [-40.09476, -8.34874], [-40.09024, -8.35716], [-40.09082, -8.36537], [-40.08205, -8.37103], [-40.06409, -8.3703], [-40.05571, -8.3649], [-40.04311, -8.36388], [-40.02948, -8.37409], [-40.02193, -8.37327], [-40.01214, -8.35692], [-40.00341, -8.35408], [-39.9638, -8.377], [-39.95718, -8.37719], [-39.93967, -8.36395], [-39.92534, -8.36747], [-39.89571, -8.37253], [-39.88143, -8.35998], [-39.87288, -8.35888], [-39.86131, -8.34949], [-39.85073, -8.33521], [-39.834, -8.32918], [-39.82412, -8.33185], [-39.80937, -8.3292], [-39.79909, -8.33451], [-39.78742, -8.33225], [-39.78199, -8.33961], [-39.77288, -8.33966], [-39.76633, -8.353], [-39.76171, -8.35256], [-39.75602, -8.34464], [-39.74836, -8.34503], [-39.74205, -8.3757], [-39.72636, -8.37749], [-39.72233, -8.39217], [-39.71022, -8.39979], [-39.71332, -8.40914], [-39.70158, -8.41479], [-39.68782, -8.42841], [-39.67941, -8.43882], [-39.67788, -8.45087], [-39.67197, -8.45617], [-39.66961, -8.46045], [-39.66296, -8.4615], [-39.6538, -8.47791], [-39.65026, -8.49611], [-39.64184, -8.49699], [-39.63059, -8.50339], [-39.63485, -8.51389], [-39.64299, -8.51867], [-39.64564, -8.65874], [-39.64721, -8.65903], [-39.66051, -8.65694], [-39.69077, -8.6619], [-39.69268, -8.6801], [-39.67466, -8.73625], [-39.67347, -8.74505], [-39.6772, -8.76014], [-39.67148, -8.78032], [-39.67427, -8.78674], [-39.68464, -8.79196], [-39.70012, -8.79954], [-39.74743, -8.79363], [-39.76795, -8.80545], [-39.79119, -8.81883], [-39.7923, -8.81948], [-39.81961, -8.81307], [-39.88646, -8.82458], [-39.89424, -8.83125], [-39.90018, -8.84161], [-39.90258, -8.85833], [-39.87906, -8.90149], [-39.87429, -8.92721], [-39.8736, -8.93091], [-39.88987, -8.96631], [-39.89006, -8.96673], [-39.90288, -8.97798], [-39.91619, -8.99828], [-39.93917, -9.02481], [-39.95767, -9.04817], [-39.97878, -9.0554], [-39.98942, -9.05905], [-40.00455, -9.05938], [-40.02375, -9.05742], [-40.02393, -9.05014], [-40.0284, -9.02647], [-40.02394, -9.01847], [-40.0302, -9.00536], [-40.04742, -8.99628], [-40.04481, -8.98608], [-40.03655, -8.97859], [-40.04382, -8.97209], [-40.04929, -8.9724], [-40.06627, -8.96289], [-40.07198, -8.9539], [-40.08796, -8.95012], [-40.09661, -8.95653], [-40.0677, -8.74939], [-40.07344, -8.63498], [-40.07401, -8.63143], [-40.08624, -8.63044], [-40.09132, -8.61709], [-40.1008, -8.61129], [-40.12056, -8.61135], [-40.13346, -8.60537], [-40.14304, -8.59564], [-40.14613, -8.58761], [-40.15479, -8.58283], [-40.15713, -8.57599], [-40.1657, -8.57245], [-40.16499, -8.54836], [-40.17735, -8.54], [-40.17701, -8.5282], [-40.18137, -8.525], [-40.18686, -8.52706], [-40.19622, -8.5122], [-40.191, -8.48777], [-40.19678, -8.46047], [-40.181, -8.42055], [-40.17152, -8.42232], [-40.1646, -8.41592], [-40.15987, -8.40625], [-40.15171, -8.40672], [-40.14034, -8.38387], [-40.13363, -8.36031], [-40.10836, -8.34768]]]]}},
{"type": "Feature", "id": "2612703", "properties": {"codigo_ibge": 2612703, "municipio": "Santa Maria do Cambuca", "regiao_saude": "Caruaru", "macro_saude": "Agreste"}, "geometry": {"type": "MultiPolygon", "coordinates": [[[[-35.943, -7.78962], [-35.94303, -7.78958], [-35.93255, -7.78401], [-35.90408, -7.79183], [-35.8835, -7.77437], [-35.88246, -7.76527], [-35.87112, -7.76957], [-35.85987, -7.77931], [-35.85265, -7.7846], [-35.84552, -7.80831], [-35.82171, -7.85913], [-35.83141, -7.86072], [-35.84231, -7.86272], [-35.8633, -7.86242], [-35.86871, -7.86253], [-35.89627, -7.87177], [-35.911, -7.87873], [-35.9135, -7.87227], [-35.92162, -7.86661], [-35.91887, -7.85918], [-35.91447, -7.84597], [-35.92493, -7.8251], [-35.943, -7.78962]]]]}},
{"type": "Feature", "id": "2612802", "properties": {"codigo_ibge": 2612802, "municipio": "Santa Terezinha", "regiao_saude": "Afogados da Ingazeira", "macro_saude": "Sertao Pernambucano"}, "geometry": {"type": "MultiPolygon", "coordinates": [[[[-37.43179, -7.35635], [-37.43148, -7.35625], [-37.4266, -7.36629], [-37.41016, -7.3795], [-37.38225, -7.3726], [-37.36773, -7.37905], [-37.3674, -7.39323], [-37.36187, -7.39531], [-37.36573, -7.39966], [-37.36449, -7.40735], [-37.38113, -7.47088], [-37.40269, -7.48651], [-37.4249, -7.50418], [-37.44965, -7.53512], [-37.44953, -7.52328], [-37.45126, -7.50926], [-37.45495, -7.50437], [-37.46099, -7.50389], [-37.4592, -7.49916], [-37.46252, -7.49461], [-37.45903, -7.48928], [-37.46411, -7.48786], [-37.46945, -7.48618], [-37.49161, -7.45637], [-37.52136, -7.43907], [-37.51383, -7.43263], [-37.5153, -7.42715], [-37.51033, -7.42012], [-37.50535, -7.41875], [-37.49664, -7.40306], [-37.48661, -7.39465], [-37.4977, -7.36644], [-37.47883, -7.35964], [-37.45616, -7.35919], [-37.43336, -7.35829], [-37.43179, -7.35635]]]]}},
{"type": "Feature", "id": "2612901", "properties": {"codigo_ibge": 2612901, "municipio": "Sao Benedito do Sul", "regiao_saude": "Palmares", "macro_saude": "Metropolitana"}, "geometry": {"type": "MultiPolygon", "coordinates": [[[[-35.85732, -8.74765], [-35.85281, -8.7513], [-35.84686, -8.80758], [-35.84468, -8.87206], [-35.84881, -8.87139], [-35.8616, -8.85795], [-35.88662, -8.86265], [-35.89587, -8.85385], [-35.90066, -8.86199], [-35.91109, -8.86087], [-35.92395, -8.88421], [-35.94221, -8.88518], [-35.95029, -8.89188], [-35.95343, -8.87027], [-35.95455, -8.857], [-35.95494, -8.81791], [-35.96585, -8.75043], [-35.96391, -8.73464], [-35.93866, -8.75652], [-35.93456, -8.75564], [-35.92371, -8.7616], [-35.91832, -8.76842], [-35.91103, -8.76531], [-35.92008, -8.76118], [-35.91999, -8.75034], [-35.91725, -8.74765], [-35.91182, -8.75049], [-35.86798, -8.75433], [-35.85732, -8.74765]]]]}},
{"type": "Feature", "id": "2613008", "properties": {"codigo_ibge": 2613008, "municipio": "Sao Bento do Una", "regiao_saude": "Caruaru", "macro_saude": "Agreste"}, "geometry": {"type": "MultiPolygon", "coordinates": [[[[-36.5104, -8.40164], [-36.50325, -8.40246], [-36.50155, -8.40932], [-36.48478, -8.4092], [-36.48962, -8.4053], [-36.48761, -8.40234], [-36.4808, -8.40184], [-36.47926, -8.40655], [-36.47536, -8.40436], [-36.47777, -8.40201], [-36.47122, -8.40069], [-36.46748, -8.38875], [-36.45755, -8.39096], [-36.45417, -8.38741], [-36.44895, -8.39743], [-36.44479, -8.3993], [-36.43484, -8.39851], [-36.42286, -8.38644], [-36.42267, -8.38641], [-36.40866, -8.38131], [-36.40776, -8.3756], [-36.40446, -8.37418], [-36.39559, -8.38842], [-36.37966, -8.38985], [-36.36081, -8.38878], [-36.35534, -8.42526], [-36.32906, -8.47157], [-36.3236, -8.48146], [-36.3191, -8.49143], [-36.30711, -8.52933], [-36.30835, -8.53333], [-36.32578, -8.56336], [-36.32372, -8.5677], [-36.32744, -8.57059], [-36.32826, -8.58801], [-36.32561, -8.59289], [-36.33266, -8.60634], [-36.33156, -8.61432], [-36.38214, -8.63456], [-36.44789, -8.65737], [-36.45204, -8.66402], [-36.45974, -8.66696], [-36.46569, -8.66421], [-36.46581, -8.6644], [-36.46317, -8.66846], [-36.46906, -8.67963], [-36.46726, -8.69025], [-36.48339, -8.70259], [-36.48688, -8.70347], [-36.49787, -8.68024], [-36.53401, -8.6562], [-36.54216, -8.62232], [-36.54676, -8.62706], [-36.55633, -8.63318], [-36.56007, -8.64082], [-36.56153, -8.64173], [-36.56734, -8.63652], [-36.5681, -8.62473], [-36.57335, -8.62434], [-36.56785, -8.61858], [-36.5696, -8.61233], [-36.57093, -8.61596], [-36.57664, -8.61635], [-36.58634, -8.60053], [-36.59145, -8.60129], [-36.60913, -8.60586], [-36.60307, -8.59389], [-36.61139, -8.57964], [-36.61614, -8.56957], [-36.61359, -8.55724], [-36.60988, -8.54863], [-36.54198, -8.49882], [-36.53727, -8.50203], [-36.53064, -8.44493], [-36.52411, -8.43116], [-36.51297, -8.40422], [-36.5104, -8.40164]]]]}},
{"type": "Feature", "id": "2613107", "properties": {"codigo_ibge": 2613107, "municipio": "Sao Caitano", "regiao_saude": "Caruaru", "macro_saude": "Agreste"}, "geometry": {"type": "MultiPolygon", "coordinates": [[[[-36.19272, -8.23575], [-36.16203, -8.21611], [-36.14134, -8.19248], [-36.12862, -8.196], [-36.12234, -8.18692], [-36.08214, -8.22774], [-36.08104, -8.23314], [-36.07433, -8.23595], [-36.07283, -8.25435], [-36.0648, -8.32882], [-36.06227, -8.376], [-36.06284, -8.38333], [-36.06923, -8.38767], [-36.06959, -8.39635], [-36.0703, -8.3998], [-36.074, -8.4001], [-36.07911, -8.39369], [-36.0757, -8.37978], [-36.08546, -8.38087], [-36.09778, -8.38278], [-36.11851, -8.40092], [-36.13065, -8.40096], [-36.13379, -8.42794], [-36.14898, -8.43796], [-36.16526, -8.44921], [-36.21595, -8.48654], [-36.21724, -8.48755], [-36.22383, -8.45349], [-36.21278, -8.45128], [-36.21779, -8.44411], [-36.21465, -8.43097], [-36.22138, -8.42323], [-36.21697, -8.41886], [-36.23178, -8.39904], [-36.22152, -8.37196], [-36.22145, -8.37185], [-36.21586, -8.37016], [-36.2136, -8.36452], [-36.21301, -8.35998], [-36.20835, -8.35168], [-36.21264, -8.3432], [-36.21025, -8.33781], [-36.2179, -8.32918], [-36.21792, -8.32881], [-36.21874, -8.32424], [-36.21388, -8.31765], [-36.21659, -8.3139], [-36.21407, -8.31275], [-36.22348, -8.31231], [-36.22792, -8.28488], [-36.21146, -8.27935], [-36.2102, -8.27053], [-36.18456, -8.25569], [-36.19272, -8.23575]]]]}},
{"type": "Feature", "id": "2613206", "properties": {"codigo_ibge": 2613206, "municipio": "Sao Joao", "regiao_saude": "Garanhuns", "macro_saude": "Agreste"}, "geometry": {"type": "MultiPolygon", "coordinates": [[[[-36.44411, -8.80048], [-36.43879, -8.79783], [-36.43768, -8.79775], [-36.42684, -8.79841], [-36.4081, -8.78327], [-36.4081, -8.78021], [-36.40031, -8.77731], [-36.39359, -8.77785], [-36.39252, -8.78174], [-36.39416, -8.78438], [-36.40113, -8.78434], [-36.39991, -8.79132], [-36.39476, -8.79324], [-36.39091, -8.79043], [-36.38207, -8.7936], [-36.3779, -8.79096], [-36.36065, -8.79763], [-36.36086, -8.79184], [-36.34991, -8.78506], [-36.3454, -8.79403], [-36.346, -8.8018], [-36.34164, -8.80103], [-36.315, -8.84289], [-36.3213, -8.87227], [-36.30582, -8.95216], [-36.31439, -8.94947], [-36.33536, -8.96181], [-36.34804, -8.96468], [-36.35632, -8.9669], [-36.37281, -8.98222], [-36.37977, -8.98462], [-36.38908, -8.97641], [-36.39987, -8.95589], [-36.3976, -8.93886], [-36.41094, -8.92435], [-36.41051, -8.91153], [-36.4175, -8.9055], [-36.43044, -8.90242], [-36.4414, -8.88953], [-36.44978, -8.87725], [-36.46217, -8.84459], [-36.45934, -8.83057], [-36.44826, -8.81422], [-36.44411, -8.80048]]]]}},
{"type": "Feature", "id": "2613305", "properties": {"codigo_ibge": 2613305, "municipio": "Sao Joaquim do Monte", "regiao_saude": "Caruaru", "macro_saude": "Agreste"}, "geometry": {"type": "MultiPolygon", "coordinates": [[[[-35.9025, -8.38407], [-35.89621, -8.38538], [-35.88453, -8.38129], [-35.87633, -8.37741], [-35.87099, -8.37867], [-35.86864, -8.38032], [-35.85862, -8.37479], [-35.84187, -8.37916], [-35.84272, -8.37147], [-35.83578, -8.37123], [-35.8264, -8.37385], [-35.82193, -8.38247], [-35.81365, -8.38607], [-35.79997, -8.36898], [-35.76693, -8.3665], [-35.76743, -8.37382], [-35.75655, -8.37434], [-35.7513, -8.40239], [-35.75685, -8.40825], [-35.75686, -8.41225], [-35.74156, -8.43589], [-35.76336, -8.4398], [-35.76567, -8.45213], [-35.77434, -8.45237], [-35.78485, -8.46269], [-35.79422, -8.46303], [-35.79613, -8.46394], [-35.80803, -8.46749], [-35.82386, -8.46015], [-35.83309, -8.47159], [-35.83765, -8.48134], [-35.82355, -8.49039], [-35.81689, -8.50041], [-35.8215, -8.50986], [-35.8212, -8.52231], [-35.82538, -8.52272], [-35.82757, -8.52984], [-35.83965, -8.5257], [-35.8453, -8.53362], [-35.84176, -8.54093], [-35.84176, -8.54101], [-35.84766, -8.54111], [-35.853, -8.53538], [-35.85452, -8.53747], [-35.85265, -8.54473], [-35.83834, -8.5784], [-35.84562, -8.5806], [-35.84888, -8.58734], [-35.88776, -8.58481], [-35.88056, -8.57989], [-35.87979, -8.57448], [-35.8723, -8.56744], [-35.88088, -8.56227], [-35.9008, -8.51393], [-35.89122, -8.49979], [-35.8876, -8.49791], [-35.88771, -8.49378], [-35.88858, -8.47671], [-35.89191, -8.47291], [-35.88816, -8.46692], [-35.89348, -8.46399], [-35.90329, -8.46249], [-35.90503, -8.45665], [-35.90237, -8.43771], [-35.90074, -8.43231], [-35.89794, -8.42759], [-35.90568, -8.42426], [-35.91266, -8.42632], [-35.92081, -8.41972], [-35.91941, -8.40989], [-35.92239, -8.40738], [-35.91771, -8.3977], [-35.9025, -8.38407]]]]}},
{"type": "Feature", "id": "2613404", "properties": {"codigo_ibge": 2613404, "municipio": "Sao Jose da Coroa Grande", "regiao_saude": "Palmares", "macro_saude": "Metropolitana"}, "geometry": {"type": "MultiPolygon", "coordinates": [[[[-35.13008, -8.8624], [-35.12933, -8.86667], [-35.13769, -8.87686], [-35.15226, -8.91329], [-35.15485, -8.90272], [-35.15699, -8.90086], [-35.1735, -8.89029], [-35.19999, -8.88783], [-35.20877, -8.89135], [-35.21113, -8.88843], [-35.21979, -8.88885], [-35.2347, -8.88278], [-35.24274, -8.87933], [-35.2473, -8.86841], [-35.26348, -8.85516], [-35.13655, -8.82909], [-35.13452, -8.83211], [-35.13925, -8.84278], [-35.13008, -8.8624]]]]}},
{"type": "Feature", "id": "2613503", "properties": {"codigo_ibge": 2613503, "municipio": "Sao Jose do Belmonte", "regiao_saude": "Serra Talhada", "macro_saude": "Sertao Pernambucano"}, "geometry": {"type": "MultiPolygon", "coordinates": [[[[-38.71477, -7.62151], [-38.70506, -7.62164], [-38.69565, -7.6324], [-38.6864, -7.63463], [-38.67244, -7.65839], [-38.6696, -7.66008], [-38.66325, -7.65712], [-38.65037, -7.66816], [-38.65107, -7.67667], [-38.64174, -7.67723], [-38.64098, -7.68606], [-38.62609, -7.69432], [-38.62498, -7.70791], [-38.61637, -7.71308], [-38.60763, -7.72554], [-38.60673, -7.73989], [-38.5974, -7.74163], [-38.59328, -7.75394], [-38.62317, -7.78635], [-38.62721, -7.82163], [-38.55497, -7.9049], [-38.55769, -7.9396], [-38.6075, -8.03689], [-38.62016, -8.09841], [-38.5979, -8.13191], [-38.60032, -8.13941], [-38.60708, -8.14304], [-38.62794, -8.13683], [-38.63483, -8.14482], [-38.64955, -8.13548], [-38.65734, -8.129], [-38.66309, -8.11255], [-38.66985, -8.10844], [-38.66925, -8.10188], [-38.68806, -8.09902], [-38.69305, -8.07519], [-38.69156, -8.06567], [-38.69773, -8.06338], [-38.70013, -8.05399], [-38.72898, -8.03053], [-38.7383, -8.02236], [-38.78577, -8.0126], [-38.83004, -8.01609], [-38.87742, -8.00979], [-38.87426, -7.99644], [-38.88105, -7.99185], [-38.88386, -7.97872], [-38.89022, -7.97375], [-38.89016, -7.96359], [-38.90746, -7.95566], [-38.9082, -7.94861], [-38.91109, -7.92762], [-38.9297, -7.91586], [-38.93415, -7.90496], [-38.93741, -7.89868], [-38.95203, -7.88724], [-38.95568, -7.86475], [-38.96347, -7.8565], [-38.96372, -7.85305], [-38.96177, -7.84377], [-38.95945, -7.8388], [-38.96459, -7.82942], [-38.9537, -7.82111], [-38.95251, -7.81014], [-38.93962, -7.7947], [-38.94566, -7.78179], [-38.94067, -7.77101], [-38.94155, -7.76261], [-38.93923, -7.75837], [-38.9337, -7.75842], [-38.92728, -7.7534], [-38.91987, -7.75416], [-38.91576, -7.75813], [-38.9179, -7.74676], [-38.91523, -7.74408], [-38.90001, -7.74447], [-38.89446, -7.75005], [-38.88105, -7.74703], [-38.88057, -7.72456], [-38.8694, -7.71113], [-38.8514, -7.71553], [-38.84576, -7.72001], [-38.8303, -7.71999], [-38.82162, -7.71439], [-38.81468, -7.69698], [-38.81476, -7.68757], [-38.82389, -7.67794], [-38.81934, -7.66442], [-38.81548, -7.66365], [-38.81184, -7.66839], [-38.79214, -7.66769], [-38.7904, -7.67074], [-38.77975, -7.66119], [-38.77509, -7.66203], [-38.76027, -7.65559], [-38.75412, -7.65934], [-38.74246, -7.65991], [-38.74148, -7.64797], [-38.73462, -7.63905], [-38.73525, -7.63372], [-38.72338, -7.62648], [-38.71725, -7.62648], [-38.71477, -7.62151]]]]}},
{"type": "Feature", "id": "2613602", "properties": {"codigo_ibge": 2613602, "municipio": "Sao Jose do Egito", "regiao_saude": "Afogados da Ingazeira", "macro_saude": "Sertao Pernambucano"}, "geometry": {"type": "MultiPolygon", "coordinates": [[[[-37.27003, -7.39306], [-37.2482, -7.39625], [-37.22661, -7.41338], [-37.20179, -7.41214], [-37.19453, -7.4251], [-37.1981, -7.43048], [-37.19568, -7.43881], [-37.18526, -7.45227], [-37.17126, -7.44978], [-37.15389, -7.45394], [-37.16174, -7.46625], [-37.16268, -7.47037], [-37.15855, -7.4745], [-37.16245, -7.48272], [-37.15775, -7.48686], [-37.15905, -7.49464], [-37.1259, -7.47932], [-37.02642, -7.49681], [-37.03008, -7.49803], [-37.04282, -7.50351], [-37.05348, -7.50416], [-37.06797, -7.5167], [-37.08591, -7.51785], [-37.08712, -7.51793], [-37.10577, -7.53072], [-37.12119, -7.53571], [-37.13676, -7.55479], [-37.16323, -7.57431], [-37.18022, -7.60173], [-37.18376, -7.61541], [-37.19633, -7.62917], [-37.19698, -7.64503], [-37.19479, -7.65165], [-37.17921, -7.66854], [-37.17783, -7.67005], [-37.17409, -7.68262], [-37.16767, -7.69062], [-37.17783, -7.69099], [-37.19276, -7.69774], [-37.2033, -7.7022], [-37.2148, -7.697], [-37.21828, -7.69151], [-37.23857, -7.68707], [-37.31334, -7.59484], [-37.31371, -7.5973], [-37.31858, -7.60075], [-37.32945, -7.59889], [-37.34707, -7.60355], [-37.35892, -7.61843], [-37.37663, -7.62609], [-37.38366, -7.62584], [-37.39585, -7.63168], [-37.39925, -7.63554], [-37.40812, -7.63502], [-37.41073, -7.64144], [-37.41617, -7.6424], [-37.42686, -7.63201], [-37.42674, -7.61671], [-37.43668, -7.6006], [-37.43776, -7.59571], [-37.43038, -7.58952], [-37.43168, -7.58371], [-37.43064, -7.5559], [-37.43284, -7.54496], [-37.44965, -7.53512], [-37.4249, -7.50418], [-37.40269, -7.48651], [-37.38113, -7.47088], [-37.36449, -7.40735], [-37.36573, -7.39966], [-37.36187, -7.39531], [-37.3674, -7.39323], [-37.36773, -7.37905], [-37.35675, -7.37666], [-37.3588, -7.36924], [-37.35194, -7.35377], [-37.34691, -7.36664], [-37.34575, -7.36932], [-37.31586, -7.36537], [-37.30685, -7.37576], [-37.28975, -7.39488], [-37.27003, -7.39306]]]]}},
{"type": "Feature", "id": "2613701", "properties": {"codigo_ibge": 2613701, "municipio": "Sao Lourenco da Mata", "regiao_saude": "Recife", "macro_saude": "Metropolitana"}, "geometry": {"type": "MultiPolygon", "coordinates": [[[[-35.16618, -7.97772], [-35.16389, -7.97142], [-35.15774, -7.97361], [-35.15583, -7.97099], [-35.14107, -7.97191], [-35.13006, -7.97549], [-35.11724, -7.97361], [-35.11209, -7.96858], [-35.09778, -7.97248], [-35.09096, -7.96643], [-35.08731, -7.9647], [-35.07678, -7.95985], [-35.07552, -7.95038], [-35.05097, -7.94488], [-35.04471, -7.94973], [-35.03511, -7.94115], [-35.02827, -7.95786], [-35.01711, -7.95922], [-35.0135, -7.96889], [-35.008, -7.97173], [-35.01498, -7.99184], [-35.01155, -8.01167], [-35.00441, -8.01517], [-35.01653, -8.02186], [-35.01265, -8.03577], [-35.01064, -8.03808], [-35.00154, -8.0352], [-34.99532, -8.03886], [-34.99385, -8.04899], [-35.01479, -8.05609], [-35.0496, -8.06789], [-35.05314, -8.07537], [-35.05875, -8.08696], [-35.06526, -8.08911], [-35.06619, -8.08576], [-35.07373, -8.08392], [-35.10129, -8.08813], [-35.10762, -8.08095], [-35.12404, -8.07798], [-35.12568, -8.07484], [-35.13911, -8.09188], [-35.1467, -8.08785], [-35.14997, -8.09054], [-35.16325, -8.08739], [-35.19545, -8.07913], [-35.20412, -8.03796], [-35.22363, -8.02014], [-35.20422, -8.01118], [-35.20145, -8.00252], [-35.19334, -7.99443], [-35.18698, -7.99252], [-35.18507, -7.99084], [-35.17775, -7.99456], [-35.16936, -7.98743], [-35.16848, -7.98145], [-35.16457, -7.9817], [-35.16618, -7.97772]]]]}},
{"type": "Feature", "id": "2613799", "properties": {"codigo_ibge": 2613799, "municipio": "Sao Vicente Ferrer", "regiao_saude": "Goiana", "macro_saude": "Metropolitana"}, "geometry": {"type": "MultiPolygon", "coordinates": [[[[-35.52663, -7.64546], [-35.51474, -7.64284], [-35.53136, -7.62126], [-35.52549, -7.60715], [-35.51777, -7.60602], [-35.52069, -7.59644], [-35.51891, -7.59234], [-35.51487, -7.58461], [-35.52981, -7.58934], [-35.53064, -7.5896], [-35.53215, -7.58886], [-35.53572, -7.58711], [-35.53696, -7.58042], [-35.53698, -7.58031], [-35.53695, -7.58027], [-35.52689, -7.56955], [-35.51959, -7.54997], [-35.5194, -7.53613], [-35.51938, -7.53504], [-35.51826, -7.53414], [-35.5133, -7.53015], [-35.5108, -7.52814], [-35.51043, -7.52784], [-35.50886, -7.51708], [-35.5016, -7.5121], [-35.49144, -7.52838], [-35.48764, -7.55626], [-35.47688, -7.55687], [-35.47395, -7.5524], [-35.46563, -7.5505], [-35.46114, -7.55301], [-35.46251, -7.55818], [-35.45549, -7.55804], [-35.45441, -7.56585], [-35.45399, -7.56688], [-35.45145, -7.57789], [-35.45824, -7.59705], [-35.44983, -7.60232], [-35.4589, -7.61043], [-35.46254, -7.61669], [-35.46081, -7.63071], [-35.4569, -7.63842], [-35.44833, -7.63938], [-35.44912, -7.64478], [-35.44461, -7.64933], [-35.45345, -7.68904], [-35.45285, -7.66465], [-35.47435, -7.67699], [-35.51144, -7.65582], [-35.51536, -7.65653], [-35.52047, -7.66195], [-35.52661, -7.65247], [-35.52663, -7.64546]]]]}},
{"type": "Feature", "id": "2613909", "properties": {"codigo_ibge": 2613909, "municipio": "Serra Talhada", "regiao_saude": "Serra Talhada", "macro_saude": "Sertao Pernambucano"}, "geometry": {"type": "MultiPolygon", "coordinates": [[[[-38.43386, -7.72004], [-38.42727, -7.72963], [-38.40916, -7.73008], [-38.40052, -7.71972], [-38.40358, -7.71404], [-38.3819, -7.70707], [-38.37059, -7.69801], [-38.36908, -7.69176], [-38.36202, -7.68646], [-38.35714, -7.67675], [-38.34434, -7.69459], [-38.33553, -7.6927], [-38.33001, -7.69574], [-38.32634, -7.6933], [-38.32042, -7.69755], [-38.31585, -7.70874], [-38.31691, -7.71512], [-38.31168, -7.71591], [-38.31553, -7.72807], [-38.31053, -7.73867], [-38.30181, -7.7448], [-38.31641, -7.7642], [-38.29947, -7.76279], [-38.3009, -7.76829], [-38.29531, -7.77894], [-38.30222, -7.78799], [-38.2974, -7.81354], [-38.28644, -7.82981], [-38.27588, -7.83341], [-38.26459, -7.82757], [-38.25669, -7.83066], [-38.23822, -7.83032], [-38.23512, -7.82555], [-38.22157, -7.81998], [-38.20632, -7.83778], [-38.22441, -7.86314], [-38.22276, -7.87061], [-38.22262, -7.88532], [-38.23795, -7.90567], [-38.16311, -7.90497], [-38.16748, -7.92713], [-38.16368, -7.93388], [-38.15752, -7.93589], [-38.15223, -7.94285], [-38.14894, -7.94516], [-38.14184, -7.95979], [-38.09748, -8.05274], [-38.06324, -8.09252], [-38.02785, -8.13315], [-38.02693, -8.13903], [-38.04799, -8.15063], [-38.06231, -8.14771], [-38.08542, -8.16358], [-38.09518, -8.1786], [-38.10625, -8.18624], [-38.11351, -8.20169], [-38.1129, -8.2143], [-38.11789, -8.2204], [-38.13251, -8.21529], [-38.14112, -8.22141], [-38.15201, -8.22297], [-38.16276, -8.23603], [-38.17375, -8.24681], [-38.16728, -8.25602], [-38.16653, -8.26587], [-38.17734, -8.2678], [-38.17832, -8.27625], [-38.18904, -8.27873], [-38.19773, -8.27893], [-38.20634, -8.28504], [-38.23164, -8.2715], [-38.24293, -8.26113], [-38.25026, -8.26253], [-38.26283, -8.25295], [-38.28085, -8.27297], [-38.2921, -8.28611], [-38.30076, -8.288], [-38.30428, -8.28559], [-38.31397, -8.29128], [-38.33258, -8.28991], [-38.33738, -8.28262], [-38.34708, -8.28687], [-38.35853, -8.28417], [-38.36333, -8.27928], [-38.37861, -8.29051], [-38.40626, -8.30538], [-38.41193, -8.31539], [-38.41763, -8.32443], [-38.41621, -8.34026], [-38.43063, -8.34825], [-38.42668, -8.35435], [-38.43595, -8.35575], [-38.44163, -8.3699], [-38.44957, -8.36671], [-38.45279, -8.36931], [-38.46246, -8.38986], [-38.46833, -8.39404], [-38.47117, -8.40594], [-38.47958, -8.41423], [-38.4874, -8.4166], [-38.48867, -8.42137], [-38.49376, -8.42078], [-38.4972, -8.43159], [-38.50744, -8.43822], [-38.51761, -8.44089], [-38.5137, -8.42903], [-38.51343, -8.40444], [-38.51701, -8.39822], [-38.50427, -8.36141], [-38.50901, -8.34934], [-38.50024, -8.33573], [-38.4906, -8.33651], [-38.48491, -8.3249], [-38.48632, -8.31433], [-38.49917, -8.31978], [-38.50375, -8.31839], [-38.50646, -8.30626], [-38.5161, -8.30307], [-38.53576, -8.28811], [-38.5491, -8.28791], [-38.5535, -8.27155], [-38.55332, -8.26994], [-38.55517, -8.26303], [-38.54931, -8.25903], [-38.54883, -8.25081], [-38.54158, -8.24831], [-38.53549, -8.25113], [-38.52994, -8.24622], [-38.52977, -8.23857], [-38.52554, -8.23707], [-38.5299, -8.23683], [-38.53827, -8.22647], [-38.58897, -8.12769], [-38.5979, -8.13191], [-38.62016, -8.09841], [-38.6075, -8.03689], [-38.55769, -7.9396], [-38.55497, -7.9049], [-38.62721, -7.82163], [-38.62317, -7.78635], [-38.59328, -7.75394], [-38.5857, -7.7545], [-38.57832, -7.74687], [-38.57449, -7.75393], [-38.57176, -7.75107], [-38.56194, -7.75567], [-38.54278, -7.74859], [-38.52933, -7.7547], [-38.51625, -7.74892], [-38.49622, -7.74962], [-38.49545, -7.7384], [-38.48035, -7.73177], [-38.46362, -7.73048], [-38.45673, -7.7177], [-38.43386, -7.72004]]]]}},
{"type": "Feature", "id": "2614006", "properties": {"codigo_ibge": 2614006, "municipio": "Serrita", "regiao_saude": "Salgueiro", "macro_saude": "Vale S.Francisco/Araripe"}, "geometry": {"type": "MultiPolygon", "coordinates": [[[[-39.24986, -7.69794], [-39.25817, -7.70259], [-39.26508, -7.72373], [-39.27313, -7.72985], [-39.27834, -7.73253], [-39.2776, -7.74495], [-39.28273, -7.75124], [-39.27726, -7.76123], [-39.27064, -7.77074], [-39.2743, -7.78571], [-39.26925, -7.78887], [-39.11551, -7.77621], [-39.14169, -7.79773], [-39.14425, -7.81383], [-39.14597, -7.81945], [-39.14574, -7.82667], [-39.21979, -7.90092], [-39.2201, -7.90887], [-39.22464, -7.91497], [-39.22329, -7.92411], [-39.23121, -7.93297], [-39.22301, -7.94916], [-39.22289, -7.94976], [-39.22318, -7.96489], [-39.23474, -7.9845], [-39.23614, -8.00219], [-39.23203, -8.00984], [-39.23832, -8.01591], [-39.23831, -8.02513], [-39.24716, -8.031], [-39.26099, -8.03296], [-39.26329, -8.03987], [-39.27028, -8.03872], [-39.27491, -8.04349], [-39.28145, -8.04279], [-39.28608, -8.04872], [-39.29792, -8.04519], [-39.30723, -8.05119], [-39.31561, -8.0496], [-39.32354, -8.05298], [-39.33775, -8.05092], [-39.34115, -8.05313], [-39.3664, -8.05039], [-39.4529, -8.06051], [-39.45966, -8.05566], [-39.46702, -8.05581], [-39.48248, -8.03954], [-39.48151, -8.03579], [-39.47988, -8.0273], [-39.48643, -8.00596], [-39.48481, -8.00037], [-39.46448, -7.97639], [-39.46055, -7.96076], [-39.45345, -7.95113], [-39.5686, -7.98793], [-39.56504, -7.97336], [-39.57121, -7.96843], [-39.56772, -7.96258], [-39.57091, -7.95545], [-39.56645, -7.94973], [-39.5768, -7.93634], [-39.5584, -7.92455], [-39.55698, -7.91052], [-39.55982, -7.90319], [-39.56615, -7.9024], [-39.57119, -7.89514], [-39.57171, -7.87963], [-39.56537, -7.87554], [-39.57328, -7.8704], [-39.56716, -7.85904], [-39.56266, -7.85578], [-39.56464, -7.85331], [-39.55846, -7.85243], [-39.5737, -7.83216], [-39.57325, -7.82169], [-39.56179, -7.81577], [-39.57201, -7.8046], [-39.56923, -7.79145], [-39.57624, -7.78277], [-39.59098, -7.7751], [-39.58791, -7.7698], [-39.58995, -7.76534], [-39.58165, -7.75817], [-39.57777, -7.76018], [-39.57364, -7.74357], [-39.57025, -7.74378], [-39.56763, -7.73615], [-39.54998, -7.74196], [-39.53078, -7.74156], [-39.52068, -7.73776], [-39.5185, -7.74368], [-39.51147, -7.73904], [-39.51146, -7.72919], [-39.50092, -7.72547], [-39.5024, -7.72149], [-39.50895, -7.70705], [-39.50865, -7.69747], [-39.50166, -7.68903], [-39.50129, -7.67918], [-39.49466, -7.67667], [-39.49258, -7.6691], [-39.48003, -7.66719], [-39.45461, -7.65368], [-39.44926, -7.65356], [-39.44754, -7.659], [-39.44235, -7.65884], [-39.43315, -7.64889], [-39.42008, -7.64207], [-39.41568, -7.63391], [-39.40618, -7.62956], [-39.31632, -7.54436], [-39.31193, -7.5694], [-39.29576, -7.59553], [-39.2905, -7.59914], [-39.28463, -7.6001], [-39.27764, -7.60659], [-39.28401, -7.60443], [-39.29602, -7.61772], [-39.30328, -7.6282], [-39.30254, -7.64596], [-39.31109, -7.65489], [-39.30654, -7.66468], [-39.2834, -7.6638], [-39.26997, -7.65949], [-39.26498, -7.66942], [-39.25098, -7.68028], [-39.24711, -7.69024], [-39.24986, -7.69794]]]]}},
{"type": "Feature", "id": "2614105", "properties": {"codigo_ibge": 2614105, "municipio": "Sertania", "regiao_saude": "Arcoverde", "macro_saude": "Sertao Pernambucano"}, "geometry": {"type": "MultiPolygon", "coordinates": [[[[-37.54067, -7.97842], [-37.53156, -7.97116], [-37.50663, -7.96745], [-37.49393, -7.9674], [-37.48575, -7.9728], [-37.48121, -7.97188], [-37.47353, -7.96507], [-37.46862, -7.942], [-37.45499, -7.95099], [-37.43913, -7.94821], [-37.43552, -7.94232], [-37.43008, -7.94049], [-37.4251, -7.94002], [-37.40281, -7.95712], [-37.38013, -7.95793], [-37.3543, -7.95422], [-37.34988, -7.94818], [-37.34762, -7.95489], [-37.35176, -7.96789], [-37.35584, -7.97232], [-37.35562, -7.97451], [-37.34094, -7.97412], [-37.33944, -7.97939], [-37.31665, -7.96765], [-37.30299, -7.9698], [-37.29523, -7.96451], [-37.27706, -7.97157], [-37.2632, -7.96777], [-37.24664, -7.96895], [-37.237, -7.9729], [-37.23042, -7.96899], [-37.22844, -7.97218], [-37.21925, -7.97238], [-37.22097, -7.96274], [-37.2211, -7.962], [-37.21693, -7.95598], [-37.20705, -7.95179], [-37.19203, -7.9617], [-37.19305, -7.98246], [-37.18793, -7.98255], [-37.18422, -7.99005], [-37.17805, -7.99017], [-37.1778, -7.9907], [-37.17497, -7.99645], [-37.16008, -7.99674], [-37.15145, -8.009], [-37.14931, -8.0224], [-37.14922, -8.02333], [-37.14806, -8.0347], [-37.15775, -8.05081], [-37.15651, -8.06412], [-37.14337, -8.08755], [-37.14748, -8.09968], [-37.14222, -8.11753], [-37.14383, -8.12458], [-37.15289, -8.12706], [-37.15827, -8.13846], [-37.15066, -8.14963], [-37.16308, -8.15827], [-37.16328, -8.16535], [-37.15989, -8.16999], [-37.14085, -8.17682], [-37.12611, -8.17327], [-37.11792, -8.17494], [-37.11832, -8.17998], [-37.12576, -8.19108], [-37.12257, -8.20865], [-37.10009, -8.23329], [-37.08955, -8.23075], [-37.0815, -8.22245], [-37.07708, -8.22417], [-37.06619, -8.23259], [-37.08028, -8.24067], [-37.08086, -8.26596], [-37.043, -8.26415], [-37.02032, -8.28925], [-37.03151, -8.29914], [-37.02861, -8.30366], [-37.03558, -8.31399], [-37.03619, -8.32335], [-37.04774, -8.34773], [-37.07073, -8.35338], [-37.08141, -8.36607], [-37.09343, -8.36946], [-37.099, -8.37567], [-37.10185, -8.38396], [-37.10991, -8.3848], [-37.11971, -8.39526], [-37.1487, -8.40304], [-37.15992, -8.40378], [-37.16415, -8.40973], [-37.17716, -8.41556], [-37.18433, -8.41624], [-37.18696, -8.42004], [-37.20242, -8.41655], [-37.20285, -8.41573], [-37.20842, -8.40702], [-37.22305, -8.40486], [-37.23252, -8.40241], [-37.23478, -8.39769], [-37.24054, -8.3971], [-37.24908, -8.39023], [-37.25473, -8.39009], [-37.26136, -8.39909], [-37.28229, -8.38773], [-37.30561, -8.39688], [-37.309, -8.40114], [-37.33973, -8.40416], [-37.34806, -8.4021], [-37.36275, -8.40526], [-37.3682, -8.41799], [-37.38316, -8.41291], [-37.38329, -8.41626], [-37.39531, -8.42194], [-37.39596, -8.43049], [-37.40231, -8.42667], [-37.40503, -8.43345], [-37.41075, -8.43319], [-37.4147, -8.43798], [-37.41807, -8.43671], [-37.42116, -8.45197], [-37.42981, -8.44353], [-37.43359, -8.44511], [-37.43538, -8.4556], [-37.44214, -8.45413], [-37.45957, -8.4589], [-37.46802, -8.44956], [-37.48043, -8.43981], [-37.48893, -8.44127], [-37.49367, -8.43687], [-37.49977, -8.441], [-37.50676, -8.43599], [-37.50997, -8.44049], [-37.5195, -8.43782], [-37.52594, -8.43995], [-37.52849, -8.43305], [-37.53942, -8.43077], [-37.55428, -8.41774], [-37.55655, -8.41208], [-37.57204, -8.41143], [-37.57773, -8.40449], [-37.60011, -8.40754], [-37.61183, -8.41455], [-37.61883, -8.41252], [-37.61779, -8.37659], [-37.61642, -8.37434], [-37.61839, -8.36788], [-37.60559, -8.36028], [-37.60138, -8.33449], [-37.60284, -8.32638], [-37.59904, -8.31774], [-37.58327, -8.30115], [-37.57625, -8.2836], [-37.56696, -8.27605], [-37.57349, -8.26917], [-37.573, -8.26553], [-37.56942, -8.26545], [-37.56151, -8.2658], [-37.53272, -8.22748], [-37.53865, -8.22305], [-37.53917, -8.21214], [-37.53423, -8.20622], [-37.53698, -8.19967], [-37.52713, -8.20054], [-37.51664, -8.18589], [-37.51496, -8.17479], [-37.52514, -8.14243], [-37.53228, -8.13746], [-37.5318, -8.12364], [-37.53186, -8.12243], [-37.53, -8.09032], [-37.52309, -8.08116], [-37.51092, -8.05681], [-37.54067, -7.97842]]]]}},
{"type": "Feature", "id": "2614204", "properties": {"codigo_ibge": 2614204, "municipio": "Sirinhaem", "regiao_saude": "Palmares", "macro_saude": "Metropolitana"}, "geometry": {"type": "MultiPolygon", "coordinates": [[[[-35.04599, -8.60552], [-35.04412, -8.61072], [-35.04755, -8.61608], [-35.06669, -8.64391], [-35.0708, -8.65504], [-35.06884, -8.6719], [-35.08042, -8.67971], [-35.08529, -8.69093], [-35.1022, -8.68617], [-35.10984, -8.68282], [-35.11287, -8.6766], [-35.11624, -8.66072], [-35.11936, -8.66078], [-35.12787, -8.64675], [-35.13115, -8.6438], [-35.14024, -8.64528], [-35.18217, -8.58539], [-35.18531, -8.60632], [-35.19299, -8.61891], [-35.19228, -8.6229], [-35.20132, -8.63984], [-35.21231, -8.64924], [-35.21497, -8.64725], [-35.22375, -8.65179], [-35.22825, -8.65002], [-35.23306, -8.65313], [-35.24737, -8.65312], [-35.26411, -8.63026], [-35.26778, -8.5955], [-35.28033, -8.56041], [-35.26882, -8.53159], [-35.26853, -8.5234], [-35.27236, -8.48724], [-35.2723, -8.47776], [-35.23977, -8.4748], [-35.20267, -8.47861], [-35.16763, -8.47814], [-35.16293, -8.48542], [-35.15291, -8.48741], [-35.144, -8.48992], [-35.14207, -8.50014], [-35.12894, -8.51168], [-35.12554, -8.51379], [-35.09032, -8.52462], [-35.07648, -8.53067], [-35.07562, -8.53643], [-35.08263, -8.54604], [-35.08052, -8.55601], [-35.07447, -8.55886], [-35.06961, -8.56655], [-35.07158, -8.57953], [-35.07306, -8.5822], [-35.069, -8.58368], [-35.06313, -8.59344], [-35.06496, -8.59642], [-35.05693, -8.60316], [-35.04704, -8.60539], [-35.04599, -8.60552]]]]}},
{"type": "Feature", "id": "2614303", "properties": {"codigo_ibge": 2614303, "municipio": "Moreilandia", "regiao_saude": "Ouricuri", "macro_saude": "Vale S.Francisco/Araripe"}, "geometry": {"type": "MultiPolygon", "coordinates": [[[[-39.54501, -7.39132], [-39.51773, -7.4092], [-39.49651, -7.42], [-39.49018, -7.43415], [-39.47873, -7.44566], [-39.44795, -7.45421], [-39.41729, -7.46612], [-39.40586, -7.47418], [-39.39631, -7.47487], [-39.36815, -7.49407], [-39.35883, -7.50763], [-39.32756, -7.53112], [-39.3169, -7.54105], [-39.31632, -7.54436], [-39.40618, -7.62956], [-39.41568, -7.63391], [-39.42008, -7.64207], [-39.43315, -7.64889], [-39.44235, -7.65884], [-39.44754, -7.659], [-39.44926, -7.65356], [-39.45461, -7.65368], [-39.48003, -7.66719], [-39.49258, -7.6691], [-39.49466, -7.67667], [-39.50129, -7.67918], [-39.50166, -7.68903], [-39.50865, -7.69747], [-39.50895, -7.70705], [-39.5024, -7.72149], [-39.50092, -7.72547], [-39.51146, -7.72919], [-39.51147, -7.73904], [-39.5185, -7.74368], [-39.52068, -7.73776], [-39.53078, -7.74156], [-39.54998, -7.74196], [-39.56763, -7.73615], [-39.57025, -7.74378], [-39.57364, -7.74357], [-39.57777, -7.76018], [-39.58165, -7.75817], [-39.58995, -7.76534], [-39.59778, -7.75669], [-39.60699, -7.75257], [-39.61017, -7.73085], [-39.61672, -7.72198], [-39.61065, -7.71412], [-39.61218, -7.70752], [-39.61296, -7.70639], [-39.6152, -7.70474], [-39.61531, -7.70351], [-39.60976, -7.69586], [-39.61058, -7.69143], [-39.60562, -7.68556], [-39.60762, -7.67986], [-39.60419, -7.67675], [-39.61187, -7.66445], [-39.6085, -7.65581], [-39.61361, -7.65108], [-39.61568, -7.64137], [-39.6165, -7.63992], [-39.60881, -7.63687], [-39.60144, -7.62847], [-39.60513, -7.62066], [-39.60131, -7.60999], [-39.58424, -7.59595], [-39.57675, -7.59677], [-39.57455, -7.59174], [-39.56591, -7.57667], [-39.56103, -7.57615], [-39.55329, -7.56809], [-39.55504, -7.55944], [-39.55625, -7.54916], [-39.55987, -7.54599], [-39.55839, -7.52997], [-39.55008, -7.52028], [-39.54551, -7.50316], [-39.54541, -7.3971], [-39.54501, -7.39132]]]]}},
{"type": "Feature", "id": "2614402", "properties": {"codigo_ibge": 2614402, "municipio": "Solidao", "regiao_saude": "Afogados da Ingazeira", "macro_saude": "Sertao Pernambucano"}, "geometry": {"type": "MultiPolygon", "coordinates": [[[[-37.6196, -7.52547], [-37.58337, -7.59956], [-37.55846, -7.63881], [-37.57048, -7.63235], [-37.57843, -7.63443], [-37.58347, -7.63252], [-37.58375, -7.62895], [-37.59271, -7.62637], [-37.59575, -7.62914], [-37.59845, -7.62659], [-37.61688, -7.62686], [-37.62155, -7.63091], [-37.62223, -7.631], [-37.62419, -7.63197], [-37.63362, -7.63807], [-37.63927, -7.63325], [-37.64468, -7.63333], [-37.65107, -7.61707], [-37.65562, -7.61347], [-37.65789, -7.6167], [-37.67283, -7.61623], [-37.67797, -7.60719], [-37.68041, -7.61329], [-37.68781, -7.61781], [-37.70224, -7.61666], [-37.70449, -7.61652], [-37.70732, -7.61277], [-37.72306, -7.61578], [-37.74536, -7.60892], [-37.74111, -7.59713], [-37.7346, -7.59681], [-37.72839, -7.57932], [-37.72069, -7.58148], [-37.71013, -7.57277], [-37.70745, -7.57022], [-37.70974, -7.55912], [-37.70616, -7.55018], [-37.6818, -7.54797], [-37.67629, -7.53521], [-37.65918, -7.52273], [-37.64948, -7.5299], [-37.6442, -7.52946], [-37.63003, -7.5321], [-37.6196, -7.52547]]]]}},
{"type": "Feature", "id": "2614501", "properties": {"codigo_ibge": 2614501, "municipio": "Surubim", "regiao_saude": "Limoeiro", "macro_saude": "Metropolitana"}, "geometry": {"type": "MultiPolygon", "coordinates": [[[[-35.70765, -7.83099], [-35.70751, -7.8311], [-35.70106, -7.83404], [-35.6976, -7.84322], [-35.69969, -7.84799], [-35.68735, -7.847], [-35.68496, -7.86811], [-35.69, -7.87741], [-35.68868, -7.88827], [-35.6946, -7.89368], [-35.69146, -7.89622], [-35.6936, -7.89957], [-35.68352, -7.90767], [-35.68074, -7.90959], [-35.67459, -7.91202], [-35.67672, -7.91902], [-35.67046, -7.91716], [-35.66338, -7.92469], [-35.65612, -7.92496], [-35.65063, -7.93423], [-35.65503, -7.94028], [-35.65385, -7.9439], [-35.66834, -7.94582], [-35.68792, -7.95874], [-35.69566, -7.95732], [-35.70085, -7.95652], [-35.70463, -7.95723], [-35.72068, -7.96135], [-35.74043, -7.9654], [-35.75743, -7.97452], [-35.765, -7.97707], [-35.76712, -7.97478], [-35.77521, -7.96935], [-35.78757, -7.96903], [-35.80469, -7.97315], [-35.80855, -7.96963], [-35.80935, -7.96109], [-35.81723, -7.95623], [-35.81399, -7.94289], [-35.819, -7.93599], [-35.81763, -7.93109], [-35.8113, -7.92853], [-35.80782, -7.91695], [-35.8133, -7.91269], [-35.81111, -7.90185], [-35.81736, -7.89582], [-35.81479, -7.89016], [-35.81902, -7.87511], [-35.82264, -7.86386], [-35.82171, -7.85913], [-35.84552, -7.80831], [-35.83898, -7.81468], [-35.82534, -7.80946], [-35.81319, -7.81075], [-35.80201, -7.80308], [-35.79255, -7.80598], [-35.78932, -7.81082], [-35.78574, -7.80974], [-35.77801, -7.80945], [-35.77283, -7.81212], [-35.752, -7.80884], [-35.74268, -7.81953], [-35.74213, -7.82442], [-35.74209, -7.82451], [-35.73891, -7.82283], [-35.73818, -7.81646], [-35.734, -7.81549], [-35.72132, -7.83117], [-35.71677, -7.82584], [-35.70765, -7.83099]]]]}},
{"type": "Feature", "id": "2614599", "properties": {"codigo_ibge": 2614599, "municipio": "Tabira", "regiao_saude": "Afogados da Ingazeira", "macro_saude": "Sertao Pernambucano"}, "geometry": {"type": "MultiPolygon", "coordinates": [[[[-37.6196, -7.52547], [-37.61425, -7.52091], [-37.60942, -7.50763], [-37.58638, -7.4987], [-37.57146, -7.48872], [-37.57096, -7.48838], [-37.55219, -7.47921], [-37.53272, -7.47255], [-37.52761, -7.4649], [-37.52825, -7.45966], [-37.52706, -7.44798], [-37.52136, -7.43907], [-37.49161, -7.45637], [-37.46945, -7.48618], [-37.46411, -7.48786], [-37.45903, -7.48928], [-37.46252, -7.49461], [-37.4592, -7.49916], [-37.46099, -7.50389], [-37.45495, -7.50437], [-37.45126, -7.50926], [-37.44953, -7.52328], [-37.44965, -7.53512], [-37.43284, -7.54496], [-37.43064, -7.5559], [-37.43168, -7.58371], [-37.43038, -7.58952], [-37.43776, -7.59571], [-37.43668, -7.6006], [-37.42674, -7.61671], [-37.42686, -7.63201], [-37.41617, -7.6424], [-37.41825, -7.64907], [-37.43198, -7.66348], [-37.44234, -7.66748], [-37.45922, -7.6684], [-37.46072, -7.67183], [-37.46961, -7.67253], [-37.47516, -7.66893], [-37.49475, -7.68046], [-37.49487, -7.69161], [-37.50134, -7.69337], [-37.49968, -7.69777], [-37.51795, -7.70269], [-37.52133, -7.70943], [-37.53184, -7.70885], [-37.53756, -7.71762], [-37.53804, -7.71755], [-37.5449, -7.7111], [-37.55171, -7.71835], [-37.55627, -7.71464], [-37.55173, -7.70174], [-37.55721, -7.68878], [-37.55284, -7.67881], [-37.55658, -7.66898], [-37.54911, -7.66464], [-37.55355, -7.66065], [-37.54974, -7.65881], [-37.55036, -7.65091], [-37.55958, -7.64572], [-37.55663, -7.6414], [-37.55846, -7.63881], [-37.58337, -7.59956], [-37.6196, -7.52547]]]]}},
{"type": "Feature", "id": "2614709", "properties": {"codigo_ibge": 2614709, "municipio": "Tacaimbo", "regiao_saude": "Caruaru", "macro_saude": "Agreste"}, "geometry": {"type": "MultiPolygon", "coordinates": [[[[-36.20684, -8.22514], [-36.19272, -8.23575], [-36.18456, -8.25569], [-36.2102, -8.27053], [-36.21146, -8.27935], [-36.22792, -8.28488], [-36.22348, -8.31231], [-36.21407, -8.31275], [-36.21659, -8.3139], [-36.21388, -8.31765], [-36.21874, -8.32424], [-36.21792, -8.32881], [-36.2179, -8.32918], [-36.21025, -8.33781], [-36.21264, -8.3432], [-36.20835, -8.35168], [-36.21301, -8.35998], [-36.2136, -8.36452], [-36.21586, -8.37016], [-36.22145, -8.37185], [-36.22152, -8.37196], [-36.23178, -8.39904], [-36.21697, -8.41886], [-36.22138, -8.42323], [-36.21465, -8.43097], [-36.21779, -8.44411], [-36.21278, -8.45128], [-36.22383, -8.45349], [-36.33604, -8.3945], [-36.33232, -8.38128], [-36.36081, -8.38878], [-36.33454, -8.32166], [-36.3381, -8.30659], [-36.33316, -8.29626], [-36.31479, -8.29035], [-36.31553, -8.29564], [-36.30044, -8.28493], [-36.26706, -8.28318], [-36.2499, -8.27464], [-36.22992, -8.25383], [-36.20784, -8.23875], [-36.20684, -8.22514]]]]}},
{"type": "Feature", "id": "2614808", "properties": {"codigo_ibge": 2614808, "municipio": "Tacaratu", "regiao_saude": "Arcoverde", "macro_saude": "Sertao Pernambucano"}, "geometry": {"type": "MultiPolygon", "coordinates": [[[[-38.06511, -8.684], [-38.06213, -8.69137], [-38.04911, -8.68562], [-38.03967, -8.67429], [-38.03946, -8.65846], [-38.02438, -8.65189], [-38.00952, -8.66747], [-38.0065, -8.67617], [-38.00572, -8.813], [-38.00515, -8.96242], [-37.99337, -8.99621], [-37.98814, -9.00016], [-37.97774, -9.01929], [-37.96113, -8.99926], [-37.94786, -8.99825], [-37.93271, -8.99782], [-37.89162, -8.96337], [-37.88207, -8.95017], [-37.86451, -8.95911], [-37.84817, -8.94019], [-37.82589, -8.9323], [-37.83875, -8.97796], [-37.84566, -8.98435], [-37.85275, -8.99972], [-37.86346, -9.00824], [-37.87925, -9.015], [-37.87488, -9.0242], [-37.88063, -9.03993], [-37.88942, -9.03438], [-37.90459, -9.03982], [-37.90753, -9.0518], [-37.93733, -9.0797], [-37.93851, -9.08256], [-37.94234, -9.0918], [-37.95125, -9.09689], [-37.95197, -9.10067], [-37.95396, -9.10911], [-37.96123, -9.11971], [-37.97085, -9.12392], [-37.979, -9.14794], [-37.99064, -9.15496], [-37.99913, -9.15182], [-38.01066, -9.15561], [-38.02544, -9.15509], [-38.02994, -9.16453], [-38.04419, -9.1684], [-38.05239, -9.1674], [-38.06444, -9.17317], [-38.07891, -9.17011], [-38.09194, -9.17231], [-38.19793, -9.15189], [-38.20126, -9.13029], [-38.20464, -9.10355], [-38.21222, -8.97914], [-38.20525, -8.94963], [-38.21098, -8.93104], [-38.20965, -8.91859], [-38.21537, -8.9037], [-38.21392, -8.88699], [-38.22409, -8.86546], [-38.23576, -8.85504], [-38.06511, -8.684]]]]}},
{"type": "Feature", "id": "2614857", "properties": {"codigo_ibge": 2614857, "municipio": "Tamandare", "regiao_saude": "Palmares", "macro_saude": "Metropolitana"}, "geometry": {"type": "MultiPolygon", "coordinates": [[[[-35.08529, -8.69093], [-35.07894, -8.7029], [-35.07856, -8.71056], [-35.08673, -8.71938], [-35.09016, -8.72943], [-35.08601, -8.74654], [-35.10498, -8.76799], [-35.10397, -8.78226], [-35.10274, -8.78478], [-35.12006, -8.79991], [-35.12587, -8.80099], [-35.13311, -8.78727], [-35.14716, -8.78143], [-35.15097, -8.77528], [-35.16019, -8.77782], [-35.17249, -8.77462], [-35.1766, -8.77494], [-35.18428, -8.76925], [-35.18661, -8.77194], [-35.1919, -8.77371], [-35.22332, -8.75327], [-35.23427, -8.75682], [-35.2468, -8.77565], [-35.24963, -8.77025], [-35.25941, -8.77193], [-35.25879, -8.77807], [-35.25377, -8.78232], [-35.26272, -8.78331], [-35.26477, -8.77863], [-35.27655, -8.78601], [-35.28178, -8.78806], [-35.28439, -8.78898], [-35.28525, -8.78906], [-35.29074, -8.78637], [-35.30158, -8.79173], [-35.32399, -8.79424], [-35.3396, -8.74805], [-35.34127, -8.72454], [-35.24935, -8.69617], [-35.14045, -8.73463], [-35.1361, -8.74029], [-35.10402, -8.734], [-35.1035, -8.72972], [-35.09571, -8.72729], [-35.09745, -8.72096], [-35.09452, -8.71159], [-35.10088, -8.70788], [-35.10435, -8.69575], [-35.1022, -8.68617], [-35.08529, -8.69093]]]]}},
{"type": "Feature", "id": "2615003", "properties": {"codigo_ibge": 2615003, "municipio": "Taquaritinga do Norte", "regiao_saude": "Caruaru", "macro_saude": "Agreste"}, "geometry": {"type": "MultiPolygon", "coordinates": [[[[-36.26318, -7.83133], [-36.25821, -7.83046], [-36.25296, -7.82954], [-36.25023, -7.82701], [-36.23968, -7.81727], [-36.2392, -7.8108], [-36.25401, -7.80128], [-36.25386, -7.79598], [-36.24597, -7.7849], [-36.2163, -7.76369], [-36.20615, -7.76997], [-36.20063, -7.78949], [-36.18194, -7.78342], [-36.14304, -7.78115], [-36.12649, -7.78379], [-36.11695, -7.78538], [-36.10216, -7.77906], [-36.06866, -7.78056], [-36.05354, -7.80095], [-36.04292, -7.79325], [-36.04205, -7.79353], [-36.03508, -7.79578], [-36.02126, -7.80983], [-36.0029, -7.81259], [-36.00168, -7.81584], [-36.00588, -7.81746], [-36.01461, -7.81377], [-36.02353, -7.81938], [-36.02489, -7.82378], [-36.02113, -7.82704], [-36.02028, -7.83696], [-36.01617, -7.83717], [-36.01896, -7.84508], [-36.01306, -7.85316], [-36.01022, -7.87217], [-36.01241, -7.89295], [-36.01742, -7.90295], [-36.02645, -7.9069], [-36.02931, -7.91718], [-36.02254, -7.92169], [-36.03707, -7.93065], [-36.04708, -7.94699], [-36.05084, -7.95741], [-36.07059, -7.98031], [-36.09131, -7.99977], [-36.09731, -8.00426], [-36.10881, -8.00392], [-36.11148, -7.9963], [-36.11114, -7.99544], [-36.10635, -7.97773], [-36.11055, -7.97718], [-36.11174, -7.96994], [-36.11781, -7.96948], [-36.12571, -7.96766], [-36.13137, -7.96969], [-36.1352, -7.96357], [-36.14546, -7.96304], [-36.14997, -7.96576], [-36.15071, -7.97302], [-36.159, -7.97213], [-36.16043, -7.9654], [-36.16442, -7.96552], [-36.172, -7.95688], [-36.16922, -7.93939], [-36.19446, -7.92288], [-36.24252, -7.89183], [-36.26603, -7.86806], [-36.26318, -7.83133]]]]}},
{"type": "Feature", "id": "2615102", "properties": {"codigo_ibge": 2615102, "municipio": "Terezinha", "regiao_saude": "Garanhuns", "macro_saude": "Agreste"}, "geometry": {"type": "MultiPolygon", "coordinates": [[[[-36.63675, -9.02041], [-36.60016, -9.03296], [-36.59569, -9.0385], [-36.5922, -9.04107], [-36.59651, -9.05083], [-36.58662, -9.04355], [-36.58546, -9.04926], [-36.58153, -9.05019], [-36.58115, -9.05788], [-36.57737, -9.05822], [-36.57841, -9.06411], [-36.56981, -9.06417], [-36.56877, -9.07024], [-36.55992, -9.06964], [-36.56697, -9.07678], [-36.56271, -9.07759], [-36.55749, -9.07244], [-36.54448, -9.07936], [-36.54246, -9.09168], [-36.54864, -9.09493], [-36.54512, -9.10042], [-36.5346, -9.0976], [-36.53269, -9.10097], [-36.56293, -9.11862], [-36.57529, -9.11935], [-36.60868, -9.12058], [-36.61592, -9.11589], [-36.62157, -9.12092], [-36.62517, -9.11642], [-36.63175, -9.11452], [-36.63545, -9.12008], [-36.64535, -9.12331], [-36.65675, -9.12744], [-36.66685, -9.12276], [-36.67634, -9.12484], [-36.69633, -9.11447], [-36.70651, -9.11314], [-36.70419, -9.09594], [-36.68932, -9.06573], [-36.69089, -9.05071], [-36.68809, -9.01998], [-36.63675, -9.02041]]]]}},
{"type": "Feature", "id": "2615201", "properties": {"codigo_ibge": 2615201, "municipio": "Terra Nova", "regiao_saude": "Salgueiro", "macro_saude": "Vale S.Francisco/Araripe"}, "geometry": {"type": "MultiPolygon", "coordinates": [[[[-39.3664, -8.05039], [-39.34115, -8.05313], [-39.33775, -8.05092], [-39.32354, -8.05298], [-39.31561, -8.0496], [-39.30723, -8.05119], [-39.27239, -8.06959], [-39.25184, -8.08022], [-39.24398, -8.08886], [-39.24322, -8.09296], [-39.24981, -8.10053], [-39.26284, -8.12277], [-39.27325, -8.12667], [-39.27589, -8.13236], [-39.28254, -8.13329], [-39.28631, -8.14666], [-39.29996, -8.15777], [-39.30779, -8.17092], [-39.31059, -8.17628], [-39.31732, -8.18212], [-39.3297, -8.18673], [-39.33681, -8.18445], [-39.33611, -8.19427], [-39.3413, -8.19888], [-39.34861, -8.19872], [-39.34996, -8.20364], [-39.35366, -8.20334], [-39.35616, -8.19635], [-39.36588, -8.20285], [-39.37149, -8.21461], [-39.37727, -8.21765], [-39.3713, -8.22143], [-39.37228, -8.22477], [-39.37314, -8.23007], [-39.37728, -8.23763], [-39.37882, -8.2431], [-39.36927, -8.24878], [-39.37716, -8.25433], [-39.37869, -8.25915], [-39.38524, -8.25301], [-39.39133, -8.25262], [-39.39395, -8.24756], [-39.40765, -8.24627], [-39.41105, -8.24054], [-39.42012, -8.24085], [-39.4249, -8.24538], [-39.43006, -8.24273], [-39.44638, -8.24573], [-39.45302, -8.2416], [-39.45921, -8.24226], [-39.4638, -8.23776], [-39.46095, -8.23393], [-39.46974, -8.21852], [-39.48154, -8.22243], [-39.48263, -8.21915], [-39.49229, -8.21745], [-39.49648, -8.21223], [-39.5, -8.21802], [-39.51341, -8.2133], [-39.52448, -8.21638], [-39.54185, -8.20578], [-39.54605, -8.19599], [-39.48424, -8.14779], [-39.46672, -8.13768], [-39.45205, -8.14374], [-39.44648, -8.1405], [-39.43505, -8.15044], [-39.42478, -8.14892], [-39.4258, -8.14506], [-39.4294, -8.14191], [-39.42502, -8.13492], [-39.43092, -8.12644], [-39.43082, -8.11996], [-39.41331, -8.11895], [-39.41345, -8.11108], [-39.40735, -8.10857], [-39.40934, -8.1025], [-39.40553, -8.09927], [-39.39926, -8.08665], [-39.39808, -8.07364], [-39.39076, -8.07455], [-39.3875, -8.06813], [-39.38055, -8.06661], [-39.3664, -8.05039]]]]}},
{"type": "Feature", "id": "2615300", "properties": {"codigo_ibge": 2615300, "municipio": "Timbauba", "regiao_saude": "Goiana", "macro_saude": "Metropolitana"}, "geometry": {"type": "MultiPolygon", "coordinates": [[[[-35.38036, -7.44841], [-35.37564, -7.44848], [-35.36863, -7.44039], [-35.36258, -7.44239], [-35.35078, -7.43985], [-35.34827, -7.43453], [-35.35203, -7.42199], [-35.34782, -7.42185], [-35.34334, -7.422], [-35.34188, -7.42205], [-35.33382, -7.43031], [-35.33358, -7.4351], [-35.33748, -7.43734], [-35.32851, -7.45429], [-35.31949, -7.45659], [-35.31416, -7.47548], [-35.31546, -7.48982], [-35.29882, -7.50044], [-35.25861, -7.50798], [-35.26079, -7.4917], [-35.22552, -7.50182], [-35.2247, -7.51945], [-35.21715, -7.52343], [-35.20838, -7.52203], [-35.21624, -7.52582], [-35.22079, -7.53248], [-35.23476, -7.5371], [-35.255, -7.54445], [-35.26316, -7.56639], [-35.27256, -7.59085], [-35.28605, -7.59863], [-35.2929, -7.59855], [-35.30014, -7.60471], [-35.30703, -7.61176], [-35.32402, -7.60986], [-35.3345, -7.61356], [-35.34816, -7.61054], [-35.3614, -7.61621], [-35.3686, -7.61147], [-35.37207, -7.61258], [-35.38285, -7.6113], [-35.38649, -7.61787], [-35.40321, -7.61674], [-35.40778, -7.61965], [-35.41944, -7.61371], [-35.42857, -7.61598], [-35.41341, -7.57675], [-35.42526, -7.58288], [-35.42972, -7.57846], [-35.41851, -7.56447], [-35.41281, -7.56573], [-35.40852, -7.56268], [-35.40897, -7.55684], [-35.40489, -7.55443], [-35.41133, -7.5265], [-35.41567, -7.49494], [-35.43409, -7.47038], [-35.4334, -7.47068], [-35.42738, -7.47329], [-35.42322, -7.47444], [-35.41676, -7.47221], [-35.41522, -7.47147], [-35.40791, -7.46072], [-35.38785, -7.45173], [-35.38147, -7.4489], [-35.38036, -7.44841]]]]}},
{"type": "Feature", "id": "2615409", "properties": {"codigo_ibge": 2615409, "municipio": "Toritama", "regiao_saude": "Caruaru", "macro_saude": "Agreste"}, "geometry": {"type": "MultiPolygon", "coordinates": [[[[-36.09731, -8.00426], [-36.09131, -7.99977], [-36.07059, -7.98031], [-36.05084, -7.95741], [-36.04745, -7.96304], [-36.04798, -7.97443], [-36.03014, -7.98346], [-36.01147, -7.98715], [-36.00846, -7.9936], [-36.01093, -8.00361], [-36.03528, -8.00634], [-36.04254, -8.0058], [-36.05682, -8.01118], [-36.07687, -8.01696], [-36.08179, -8.0218], [-36.08943, -8.01556], [-36.10044, -8.01221], [-36.09731, -8.00426]]]]}},
{"type": "Feature", "id": "2615508", "properties": {"codigo_ibge": 2615508, "municipio": "Tracunhaem", "regiao_saude": "Limoeiro", "macro_saude": "Metropolitana"}, "geometry": {"type": "MultiPolygon", "coordinates": [[[[-35.09781, -7.71477], [-35.09919, -7.7224], [-35.10533, -7.72615], [-35.1102, -7.73543], [-35.10989, -7.74882], [-35.13562, -7.78676], [-35.13974, -7.79404], [-35.14563, -7.82629], [-35.22582, -7.8209], [-35.24705, -7.80768], [-35.24535, -7.79708], [-35.22533, -7.78333], [-35.20632, -7.76981], [-35.19946, -7.76756], [-35.19546, -7.75942], [-35.18255, -7.75978], [-35.18171, -7.75597], [-35.17786, -7.75659], [-35.17395, -7.73987], [-35.16776, -7.73235], [-35.16965, -7.72696], [-35.16597, -7.72473], [-35.15939, -7.72528], [-35.15597, -7.72047], [-35.13008, -7.70885], [-35.11877, -7.70824], [-35.11623, -7.70532], [-35.11831, -7.70267], [-35.11244, -7.69752], [-35.11467, -7.69355], [-35.10815, -7.67897], [-35.10202, -7.67432], [-35.09146, -7.67521], [-35.09185, -7.67823], [-35.08733, -7.6809], [-35.09099, -7.69152], [-35.09781, -7.71477]]]]}},
{"type": "Feature", "id": "2615607", "properties": {"codigo_ibge": 2615607, "municipio": "Trindade", "regiao_saude": "Ouricuri", "macro_saude": "Vale S.Francisco/Araripe"}, "geometry": {"type": "MultiPolygon", "coordinates": [[[[-40.26167, -7.68742], [-40.23673, -7.81785], [-40.32698, -7.84339], [-40.34467, -7.84833], [-40.34325, -7.84279], [-40.35009, -7.83526], [-40.35294, -7.82451], [-40.35963, -7.71118], [-40.34282, -7.70126], [-40.32819, -7.64156], [-40.30313, -7.63194], [-40.28598, -7.62662], [-40.26167, -7.68742]]]]}},
{"type": "Feature", "id": "2615706", "properties": {"codigo_ibge": 2615706, "municipio": "Triunfo", "regiao_saude": "Serra Talhada", "macro_saude": "Sertao Pernambucano"}, "geometry": {"type": "MultiPolygon", "coordinates": [[[[-38.06913, -7.77192], [-38.03923, -7.74771], [-38.02957, -7.74943], [-38.0078, -7.76646], [-38.00362, -7.77858], [-38.00037, -7.77855], [-38.0205, -7.79081], [-38.02208, -7.79853], [-38.01286, -7.81528], [-38.00865, -7.81701], [-38.00858, -7.82195], [-38.00943, -7.85163], [-38.00435, -7.86038], [-37.99926, -7.86928], [-38.00061, -7.87574], [-38.0076, -7.87859], [-38.01278, -7.883], [-38.01311, -7.89226], [-38.02769, -7.89955], [-38.02512, -7.906], [-38.04619, -7.91724], [-38.05208, -7.92126], [-38.05868, -7.92315], [-38.06968, -7.9192], [-38.07164, -7.9274], [-38.08252, -7.93662], [-38.087, -7.93279], [-38.08611, -7.92419], [-38.09207, -7.92215], [-38.09356, -7.92194], [-38.11955, -7.90815], [-38.13987, -7.88311], [-38.14019, -7.87573], [-38.14751, -7.86546], [-38.14923, -7.85524], [-38.14735, -7.84445], [-38.11971, -7.81856], [-38.10381, -7.82439], [-38.0802, -7.82877], [-38.07672, -7.83017], [-38.06903, -7.82571], [-38.06596, -7.81726], [-38.07539, -7.80498], [-38.07486, -7.78872], [-38.07172, -7.77643], [-38.06913, -7.77192]]]]}},
{"type": "Feature", "id": "2615805", "properties": {"codigo_ibge": 2615805, "municipio": "Tupanatinga", "regiao_saude": "Arcoverde", "macro_saude": "Sertao Pernambucano"}, "geometry": {"type": "MultiPolygon", "coordinates": [[[[-37.3682, -8.41799], [-37.36275, -8.40526], [-37.34806, -8.4021], [-37.33973, -8.40416], [-37.309, -8.40114], [-37.30561, -8.39688], [-37.28229, -8.38773], [-37.26136, -8.39909], [-37.25473, -8.39009], [-37.24908, -8.39023], [-37.24054, -8.3971], [-37.23478, -8.39769], [-37.23252, -8.40241], [-37.22305, -8.40486], [-37.30093, -8.64013], [-37.29103, -8.68543], [-37.29813, -8.69132], [-37.29529, -8.70708], [-37.2954, -8.71559], [-37.28592, -8.7324], [-37.27848, -8.74039], [-37.27382, -8.75484], [-37.25436, -8.75736], [-37.25069, -8.75019], [-37.24035, -8.75229], [-37.22818, -8.743], [-37.22125, -8.74604], [-37.21199, -8.7428], [-37.19976, -8.74502], [-37.19881, -8.74749], [-37.18784, -8.75213], [-37.17857, -8.75442], [-37.17439, -8.76553], [-37.16913, -8.76396], [-37.1534, -8.7678], [-37.15711, -8.7786], [-37.15342, -8.78235], [-37.15117, -8.78935], [-37.14159, -8.79965], [-37.13346, -8.80305], [-37.13261, -8.80685], [-37.12011, -8.81116], [-37.11496, -8.81071], [-37.11524, -8.82022], [-37.11066, -8.82668], [-37.09714, -8.83352], [-37.09755, -8.8383], [-37.0807, -8.86175], [-37.07892, -8.86947], [-37.0848, -8.87345], [-37.08302, -8.87875], [-37.08795, -8.89499], [-37.08323, -8.90021], [-37.08096, -8.91793], [-37.08752, -8.92882], [-37.08517, -8.93876], [-37.09288, -8.95407], [-37.10089, -8.95986], [-37.11411, -8.95955], [-37.1395, -8.94526], [-37.14519, -8.94568], [-37.15499, -8.94527], [-37.1581, -8.93918], [-37.16407, -8.93889], [-37.16903, -8.94064], [-37.18748, -8.91905], [-37.19713, -8.90907], [-37.19823, -8.8998], [-37.20516, -8.89748], [-37.21253, -8.88752], [-37.21975, -8.88457], [-37.22437, -8.8715], [-37.222, -8.86645], [-37.22761, -8.86582], [-37.22462, -8.85376], [-37.23522, -8.84095], [-37.23259, -8.83699], [-37.23674, -8.826], [-37.24922, -8.81947], [-37.24717, -8.81388], [-37.25887, -8.81363], [-37.26321, -8.8169], [-37.26707, -8.81508], [-37.27231, -8.8208], [-37.27717, -8.81635], [-37.28169, -8.81787], [-37.28938, -8.82507], [-37.29704, -8.8223], [-37.30816, -8.82527], [-37.31778, -8.82718], [-37.32437, -8.83807], [-37.33521, -8.83426], [-37.33616, -8.83733], [-37.33998, -8.83666], [-37.3471, -8.83168], [-37.34937, -8.82565], [-37.36315, -8.81949], [-37.36586, -8.8022], [-37.3662, -8.7984], [-37.36621, -8.79679], [-37.36813, -8.45071], [-37.3682, -8.41799]]]]}},
{"type": "Feature", "id": "2615904", "properties": {"codigo_ibge": 2615904, "municipio": "Tuparetama", "regiao_saude": "Afogados da Ingazeira", "macro_saude": "Sertao Pernambucano"}, "geometry": {"type": "MultiPolygon", "coordinates": [[[[-37.16767, -7.69062], [-37.16123, -7.69797], [-37.1578, -7.70188], [-37.15281, -7.70935], [-37.14985, -7.71646], [-37.15026, -7.72862], [-37.1386, -7.74511], [-37.15669, -7.77259], [-37.15644, -7.77646], [-37.15161, -7.77944], [-37.15947, -7.79281], [-37.16791, -7.79471], [-37.17102, -7.79476], [-37.17033, -7.79982], [-37.1754, -7.79592], [-37.17468, -7.75637], [-37.17878, -7.75142], [-37.17938, -7.75046], [-37.18652, -7.74512], [-37.24138, -7.74173], [-37.24031, -7.73539], [-37.25152, -7.7175], [-37.26346, -7.71177], [-37.27653, -7.71313], [-37.28447, -7.70456], [-37.29736, -7.71052], [-37.29863, -7.714], [-37.31248, -7.71325], [-37.32332, -7.71978], [-37.34118, -7.68791], [-37.3449, -7.68799], [-37.34943, -7.68109], [-37.34282, -7.66184], [-37.34668, -7.65023], [-37.37184, -7.62615], [-37.37663, -7.62609], [-37.35892, -7.61843], [-37.34707, -7.60355], [-37.32945, -7.59889], [-37.31858, -7.60075], [-37.31371, -7.5973], [-37.31334, -7.59484], [-37.23857, -7.68707], [-37.21828, -7.69151], [-37.2148, -7.697], [-37.2033, -7.7022], [-37.19276, -7.69774], [-37.17783, -7.69099], [-37.16767, -7.69062]]]]}},
{"type": "Feature", "id": "2616001", "properties": {"codigo_ibge": 2616001, "municipio": "Venturosa", "regiao_saude": "Arcoverde", "macro_saude": "Sertao Pernambucano"}, "geometry": {"type": "MultiPolygon", "coordinates": [[[[-36.82083, -8.41733], [-36.82077, -8.41746], [-36.82354, -8.49954], [-36.81151, -8.51606], [-36.78811, -8.54888], [-36.77858, -8.56159], [-36.78386, -8.58074], [-36.78291, -8.58898], [-36.77989, -8.58896], [-36.77844, -8.60414], [-36.76394, -8.59972], [-36.75484, -8.60147], [-36.73048, -8.60503], [-36.72749, -8.61966], [-36.73109, -8.62456], [-36.7297, -8.62925], [-36.7239, -8.63173], [-36.72184, -8.63815], [-36.72459, -8.64793], [-36.68968, -8.66977], [-36.70189, -8.72344], [-36.78177, -8.73251], [-36.78592, -8.70594], [-36.81646, -8.68919], [-36.84076, -8.66378], [-36.91171, -8.61181], [-36.91116, -8.59879], [-36.9033, -8.58963], [-36.89943, -8.57611], [-36.90474, -8.56926], [-36.89628, -8.55645], [-36.89618, -8.55623], [-36.88811, -8.55467], [-36.88106, -8.54182], [-36.87474, -8.54105], [-36.86211, -8.5123], [-36.85741, -8.51002], [-36.85889, -8.49981], [-36.84873, -8.47847], [-36.84808, -8.47004], [-36.84762, -8.46534], [-36.84148, -8.46], [-36.83861, -8.4474], [-36.825, -8.4322], [-36.82083, -8.41733]]]]}},
{"type": "Feature", "id": "2616100", "properties": {"codigo_ibge": 2616100, "municipio": "Verdejante", "regiao_saude": "Salgueiro", "macro_saude": "Vale S.Francisco/Araripe"}, "geometry": {"type": "MultiPolygon", "coordinates": [[[[-38.96577, -7.84456], [-38.96177, -7.84377], [-38.96372, -7.85305], [-38.96347, -7.8565], [-38.95568, -7.86475], [-38.95203, -7.88724], [-38.93741, -7.89868], [-38.93415, -7.90496], [-38.9297, -7.91586], [-38.91109, -7.92762], [-38.9082, -7.94861], [-38.90746, -7.95566], [-38.89016, -7.96359], [-38.89022, -7.97375], [-38.88386, -7.97872], [-38.88105, -7.99185], [-38.87426, -7.99644], [-38.87742, -8.00979], [-38.87803, -8.03704], [-38.87012, -8.04502], [-38.88024, -8.05021], [-38.91027, -8.08636], [-38.92324, -8.09356], [-38.92972, -8.08981], [-38.93809, -8.09075], [-38.94489, -8.08554], [-38.95517, -8.08928], [-38.95918, -8.08587], [-38.96626, -8.09064], [-38.96943, -8.08495], [-38.97389, -8.08689], [-38.97853, -8.08086], [-38.97234, -8.08055], [-38.97017, -8.07679], [-38.98975, -8.06362], [-39.00426, -8.06429], [-39.01328, -8.07545], [-39.01923, -8.06821], [-39.026, -8.06782], [-39.02676, -8.05623], [-39.04317, -8.06074], [-39.05766, -8.0602], [-39.05981, -8.05923], [-39.06437, -8.0605], [-39.06445, -8.07544], [-39.07362, -8.08023], [-39.10261, -8.02839], [-39.10307, -8.02399], [-39.09159, -8.01131], [-39.09195, -8.00381], [-39.09659, -8.0001], [-39.09484, -7.99517], [-39.0854, -7.98669], [-39.08645, -7.97772], [-39.07201, -7.95806], [-39.07384, -7.94069], [-39.06987, -7.93043], [-39.0771, -7.92618], [-39.08084, -7.92437], [-39.07779, -7.91526], [-39.08047, -7.90949], [-39.07665, -7.90314], [-39.06076, -7.89826], [-39.05415, -7.86949], [-39.04876, -7.86545], [-39.04206, -7.86624], [-39.03364, -7.85781], [-39.03534, -7.85044], [-39.03259, -7.84445], [-39.01582, -7.82703], [-39.01769, -7.81226], [-39.01012, -7.81601], [-39.00106, -7.83972], [-38.9819, -7.84572], [-38.97429, -7.84257], [-38.96711, -7.84483], [-38.96577, -7.84456]]]]}},
{"type": "Feature", "id": "2616183", "properties": {"codigo_ibge": 2616183, "municipio": "Vertente do Lerio", "regiao_saude": "Limoeiro", "macro_saude": "Metropolitana"}, "geometry": {"type": "MultiPolygon", "coordinates": [[[[-35.81553, -7.74627], [-35.81235, -7.74627], [-35.80129, -7.74323], [-35.7896, -7.74003], [-35.76824, -7.8022], [-35.76725, -7.80297], [-35.76423, -7.8058], [-35.75285, -7.80407], [-35.752, -7.80884], [-35.77283, -7.81212], [-35.77801, -7.80945], [-35.78574, -7.80974], [-35.78932, -7.81082], [-35.79255, -7.80598], [-35.80201, -7.80308], [-35.81319, -7.81075], [-35.82534, -7.80946], [-35.83898, -7.81468], [-35.84552, -7.80831], [-35.85265, -7.7846], [-35.85987, -7.77931], [-35.87112, -7.76957], [-35.88246, -7.76527], [-35.88137, -7.75571], [-35.87179, -7.74913], [-35.86196, -7.75062], [-35.84142, -7.74657], [-35.8328, -7.74949], [-35.82867, -7.75105], [-35.81553, -7.74627]]]]}},
{"type": "Feature", "id": "2616209", "properties": {"codigo_ibge": 2616209, "municipio": "Vertentes", "regiao_saude": "Caruaru", "macro_saude": "Agreste"}, "geometry": {"type": "MultiPolygon", "coordinates": [[[[-36.0029, -7.81259], [-35.99789, -7.81334], [-35.9977, -7.8129], [-35.99687, -7.81087], [-35.99242, -7.80006], [-35.97995, -7.80147], [-35.96963, -7.78905], [-35.95869, -7.78685], [-35.943, -7.78962], [-35.92493, -7.8251], [-35.91447, -7.84597], [-35.91887, -7.85918], [-35.92162, -7.86661], [-35.9135, -7.87227], [-35.911, -7.87873], [-35.91055, -7.8948], [-35.95774, -7.899], [-35.96635, -7.91059], [-35.96472, -7.92704], [-35.9711, -7.9344], [-35.96279, -7.93895], [-35.95793, -7.93791], [-35.95597, -7.94419], [-35.96245, -7.94629], [-35.96084, -7.95182], [-35.96497, -7.95501], [-35.96635, -7.96398], [-35.96162, -7.966], [-35.96812, -7.97332], [-35.95839, -7.97745], [-35.95785, -7.98965], [-35.99261, -7.9813], [-35.99681, -7.9792], [-36.00668, -7.97642], [-36.01069, -7.97936], [-36.01147, -7.98715], [-36.03014, -7.98346], [-36.04798, -7.97443], [-36.04745, -7.96304], [-36.05084, -7.95741], [-36.04708, -7.94699], [-36.03707, -7.93065], [-36.02254, -7.92169], [-36.02931, -7.91718], [-36.02645, -7.9069], [-36.01742, -7.90295], [-36.01241, -7.89295], [-36.01022, -7.87217], [-36.01306, -7.85316], [-36.01896, -7.84508], [-36.01617, -7.83717], [-36.02028, -7.83696], [-36.02113, -7.82704], [-36.02489, -7.82378], [-36.02353, -7.81938], [-36.01461, -7.81377], [-36.00588, -7.81746], [-36.00168, -7.81584], [-36.0029, -7.81259]]]]}},
{"type": "Feature", "id": "2616308", "properties": {"codigo_ibge": 2616308, "municipio": "Vicencia", "regiao_saude": "Limoeiro", "macro_saude": "Metropolitana"}, "geometry": {"type": "MultiPolygon", "coordinates": [[[[-35.44983, -7.60232], [-35.44814, -7.60688], [-35.42857, -7.61598], [-35.41944, -7.61371], [-35.40778, -7.61965], [-35.40321, -7.61674], [-35.38649, -7.61787], [-35.38285, -7.6113], [-35.37207, -7.61258], [-35.3686, -7.61147], [-35.3614, -7.61621], [-35.34816, -7.61054], [-35.3345, -7.61356], [-35.32402, -7.60986], [-35.30703, -7.61176], [-35.30014, -7.60471], [-35.2929, -7.59855], [-35.28605, -7.59863], [-35.27256, -7.59085], [-35.26967, -7.60059], [-35.25701, -7.64408], [-35.25445, -7.64502], [-35.25798, -7.65113], [-35.25502, -7.65401], [-35.25988, -7.65527], [-35.25669, -7.66029], [-35.25921, -7.67523], [-35.29583, -7.71066], [-35.3217, -7.70252], [-35.33628, -7.70688], [-35.35586, -7.70909], [-35.36967, -7.69512], [-35.38442, -7.72332], [-35.41021, -7.73349], [-35.41251, -7.74007], [-35.41879, -7.72087], [-35.45345, -7.68904], [-35.44461, -7.64933], [-35.44912, -7.64478], [-35.44833, -7.63938], [-35.4569, -7.63842], [-35.46081, -7.63071], [-35.46254, -7.61669], [-35.4589, -7.61043], [-35.44983, -7.60232]]]]}},
{"type": "Feature", "id": "2616407", "properties": {"codigo_ibge": 2616407, "municipio": "Vitoria de Santo Antao", "regiao_saude": "Recife", "macro_saude": "Metropolitana"}, "geometry": {"type": "MultiPolygon", "coordinates": [[[[-35.42901, -8.08093], [-35.41536, -8.07382], [-35.39077, -8.07382], [-35.36781, -8.06385], [-35.36363, -8.06158], [-35.34999, -8.06109], [-35.3452, -8.05126], [-35.32198, -8.06318], [-35.31374, -8.06113], [-35.30764, -8.06336], [-35.29745, -8.07043], [-35.27242, -8.05385], [-35.26293, -8.06023], [-35.26039, -8.05741], [-35.24944, -8.0524], [-35.23109, -8.03745], [-35.23096, -8.03179], [-35.22528, -8.02739], [-35.22363, -8.02014], [-35.20412, -8.03796], [-35.19545, -8.07913], [-35.21421, -8.11883], [-35.2252, -8.13108], [-35.21953, -8.14847], [-35.22789, -8.15411], [-35.22383, -8.16753], [-35.22337, -8.17603], [-35.21938, -8.17971], [-35.2217, -8.18424], [-35.21493, -8.18715], [-35.21866, -8.18716], [-35.22731, -8.19629], [-35.22498, -8.20148], [-35.22834, -8.20657], [-35.24075, -8.2124], [-35.24182, -8.19462], [-35.24821, -8.1855], [-35.2645, -8.24243], [-35.26463, -8.24265], [-35.27599, -8.28476], [-35.2688, -8.29565], [-35.30001, -8.30761], [-35.3029, -8.30679], [-35.33911, -8.29434], [-35.3587, -8.30022], [-35.36003, -8.2977], [-35.36609, -8.29859], [-35.33857, -8.27853], [-35.35332, -8.18147], [-35.35026, -8.15934], [-35.34404, -8.11765], [-35.34594, -8.11633], [-35.42901, -8.08093]]]]}},
{"type": "Feature", "id": "2616506", "properties": {"codigo_ibge": 2616506, "municipio": "Xexeu", "regiao_saude": "Palmares", "macro_saude": "Metropolitana"}, "geometry": {"type": "MultiPolygon", "coordinates": [[[[-35.72054, -8.80056], [-35.60597, -8.77523], [-35.61557, -8.78871], [-35.6157, -8.80002], [-35.62209, -8.8096], [-35.61279, -8.81356], [-35.60536, -8.82221], [-35.60363, -8.83352], [-35.59182, -8.83405], [-35.5901, -8.83848], [-35.58624, -8.83928], [-35.5822, -8.84604], [-35.59379, -8.85444], [-35.59587, -8.86057], [-35.60517, -8.86473], [-35.61346, -8.86398], [-35.63181, -8.88086], [-35.65221, -8.88036], [-35.65719, -8.88024], [-35.6644, -8.89056], [-35.67088, -8.89622], [-35.68718, -8.89809], [-35.69995, -8.90617], [-35.71338, -8.90438], [-35.72298, -8.90905], [-35.6729, -8.86511], [-35.72054, -8.80056]]]]}},
{"type": "Feature", "id": "2605459", "properties": {"codigo_ibge": 2605459, "municipio": "Fernando de Noronha", "regiao_saude": "Recife", "macro_saude": "Metropolitana"}, "geometry": {"type": "MultiPolygon", "coordinates": [[[[-34.08562399322951, -6.879358143583302], [-34.10340970507714, -6.882662369866916], [-34.107121860531564, -6.900570460465763], [-34.15382975059002, -6.899632223372884], [-34.162641020679665, -6.932511314540696], [-34.18736152843114, -6.92769775032506], [-34.19735579311618, -6.950786541393276], [-34.22472784047795, -6.941159412962003], [-34.2108174557531, -6.966614193220956], [-34.21852731708154, -6.992354523899476], [-34.22994933386439, -6.960005740653727], [-34.26213494544182, -6.953642045588986], [-34.33295144949556, -6.977342730413426], [-34.35179777718726, -7.001573723159931], [-34.36990983237155, -6.986276379254313], [-34.3804344049786, -6.999860420642501], [-34.42926352672533, -6.974650397886039], [-34.392672280103106, -6.982727395468203], [-34.36468833898507, -6.966002299464732], [-34.346453905049586, -6.932184971204041], [-34.314513050974675, -6.924801453212266], [-34.31745014100455, -6.899673016289967], [-34.30794539132452, -6.88694562616049], [-34.296156238287935, -6.891718397459043], [-34.293790249097206, -6.876339467719261], [-34.15958155189853, -6.819514934224523], [-34.13159761078055, -6.818168767960828], [-34.114831721859964, -6.792877159370204], [-34.106917895946125, -6.805074241577619], [-34.11846229148026, -6.825715457620933], [-34.08562399322951, -6.879358143583302]]]]}}
]}