{"type": "FeatureCollection", "features": [
{"type": "Feature", "id": "Limoeiro", "properties": {"regiao_saude": "Limoeiro"}, "geometry": {"type": "MultiPolygon", "coordinates": [[[[-35.7896, -7.74003], [-35.78025, -7.73794], [-35.76452, -7.72449], [-35.76167, -7.72422], [-35.75148, -7.72325], [-35.74712, -7.72106], [-35.74589, -7.72044], [-35.74278, -7.71336], [-35.73622, -7.70919], [-35.71711, -7.70733], [-35.71329, -7.70696], [-35.71238, -7.70528], [-35.70786, -7.69694], [-35.69975, -7.69145], [-35.69503, -7.69356], [-35.69339, -7.69937], [-35.68066, -7.69965], [-35.67495, -7.69978], [-35.67483, -7.69977], [-35.65523, -7.69664], [-35.65285, -7.69508], [-35.6367, -7.68445], [-35.6312, -7.68083], [-35.62842, -7.67686], [-35.61918, -7.66367], [-35.61761, -7.66203], [-35.60934, -7.65337], [-35.59716, -7.65393], [-35.58875, -7.65039], [-35.57309, -7.65469], [-35.56046, -7.65946], [-35.55309, -7.65824], [-35.53249, -7.65441], [-35.52715, -7.64557], [-35.52663, -7.64546], [-35.52661, -7.65247], [-35.52047, -7.66195], [-35.51536, -7.65653], [-35.51144, -7.65582], [-35.47435, -7.67699], [-35.45285, -7.66465], [-35.45345, -7.68904], [-35.44461, -7.64933], [-35.44912, -7.64478], [-35.44833, -7.63938], [-35.4569, -7.63842], [-35.46081, -7.63071], [-35.46254, -7.61669], [-35.4589, -7.61043], [-35.44983, -7.60232], [-35.44814, -7.60688], [-35.42857, -7.61598], [-35.41944, -7.61371], [-35.40778, -7.61965], [-35.40321, -7.61674], [-35.38649, -7.61787], [-35.38285, -7.6113], [-35.37207, -7.61258], [-35.3686, -7.61147], [-35.3614, -7.61621], [-35.34816, -7.61054], [-35.3345, -7.61356], [-35.32402, -7.60986], [-35.30703, -7.61176], [-35.30014, -7.60471], [-35.2929, -7.59855], [-35.28605, -7.59863], [-35.27256, -7.59085], [-35.26967, -7.60059], [-35.25701, -7.64408], [-35.25445, -7.64502], [-35.25798, -7.65113], [-35.25502, -7.65401], [-35.25988, -7.65527], [-35.25669, -7.66029], [-35.25921, -7.67523], [-35.241, -7.70502], [-35.2384, -7.70181], [-35.24079, -7.69636], [-35.22962, -7.68982], [-35.21138, -7.681], [-35.1848, -7.68779], [-35.16741, -7.70907], [-35.16521, -7.7136], [-35.15986, -7.70997], [-35.15566, -7.71164], [-35.16074, -7.70055], [-35.15745, -7.69628], [-35.15888, -7.68873], [-35.14806, -7.68867], [-35.14324, -7.68444], [-35.13921, -7.68659], [-35.13411, -7.67318], [-35.13314, -7.66553], [-35.13189, -7.65866], [-35.12154, -7.66904], [-35.11845, -7.67054], [-35.09146, -7.67521], [-35.09185, -7.67823], [-35.08733, -7.6809], [-35.09099, -7.69152], [-35.09781, -7.71477], [-35.09919, -7.7224], [-35.10533, -7.72615], [-35.1102, -7.73543], [-35.10989, -7.74882], [-35.13562, -7.78676], [-35.13974, -7.79404], [-35.12286, -7.84997], [-35.11179, -7.85718], [-35.09794, -7.88256], [-35.07358, -7.89917], [-35.06613, -7.89849], [-35.06463, -7.89902], [-35.06384, -7.90011], [-35.06194, -7.90382], [-35.0457, -7.90988], [-35.03157, -7.92661], [-35.02694, -7.93385], [-35.03511, -7.94115], [-35.04471, -7.94973], [-35.05097, -7.94488], [-35.07552, -7.95038], [-35.07678, -7.95985], [-35.08731, -7.9647], [-35.09096, -7.96643], [-35.09778, -7.97248], [-35.11209, -7.96858], [-35.11724, -7.97361], [-35.13006, -7.97549], [-35.14107, -7.97191], [-35.15583, -7.97099], [-35.15774, -7.97361], [-35.16389, -7.97142], [-35.16618, -7.97772], [-35.17342, -7.97116], [-35.18011, -7.97734], [-35.20563, -7.96543], [-35.22979, -7.95576], [-35.25414, -7.94603], [-35.29082, -7.93799], [-35.29718, -7.93839], [-35.30032, -7.93665], [-35.30413, -7.94123], [-35.33368, -7.96326], [-35.38712, -8.0029], [-35.41521, -7.99723], [-35.45691, -7.98854], [-35.45509, -7.99355], [-35.46124, -8.0002], [-35.45973, -8.01285], [-35.46534, -8.02154], [-35.46529, -8.03073], [-35.43951, -8.03908], [-35.42931, -8.08081], [-35.44223, -8.09399], [-35.46218, -8.09342], [-35.50845, -8.05871], [-35.55194, -8.07062], [-35.58333, -8.07832], [-35.63, -8.10367], [-35.6495, -8.10488], [-35.83543, -8.11403], [-35.83607, -8.10919], [-35.82958, -8.1051], [-35.83697, -8.09766], [-35.83431, -8.08239], [-35.84006, -8.07146], [-35.83852, -8.06936], [-35.83056, -8.06383], [-35.83328, -8.06049], [-35.82899, -8.05463], [-35.82572, -8.05832], [-35.81574, -8.05613], [-35.79936, -8.04105], [-35.79844, -8.03611], [-35.80301, -8.03041], [-35.80168, -8.02791], [-35.79596, -8.03105], [-35.79518, -8.02687], [-35.78784, -8.02202], [-35.78557, -8.01468], [-35.75917, -8.01139], [-35.76508, -8.0016], [-35.75939, -7.9962], [-35.76024, -7.99225], [-35.7539, -7.98901], [-35.75751, -7.98717], [-35.75743, -7.97452], [-35.765, -7.97707], [-35.76712, -7.97478], [-35.77521, -7.96935], [-35.78757, -7.96903], [-35.80469, -7.97315], [-35.80855, -7.96963], [-35.80935, -7.96109], [-35.81723, -7.95623], [-35.81399, -7.94289], [-35.819, -7.93599], [-35.81763, -7.93109], [-35.8113, -7.92853], [-35.80782, -7.91695], [-35.8133, -7.91269], [-35.81111, -7.90185], [-35.81736, -7.89582], [-35.81479, -7.89016], [-35.81902, -7.87511], [-35.82264, -7.86386], [-35.82171, -7.85913], [-35.84552, -7.80831], [-35.85265, -7.7846], [-35.85987, -7.77931], [-35.87112, -7.76957], [-35.88246, -7.76527], [-35.88137, -7.75571], [-35.87179, -7.74913], [-35.86196, -7.75062], [-35.84142, -7.74657], [-35.8328, -7.74949], [-35.82867, -7.75105], [-35.81553, -7.74627], [-35.81235, -7.74627], [-35.80129, -7.74323], [-35.7896, -7.74003]]]]}},
{"type": "Feature", "id": "Palmares", "properties": {"regiao_saude": "Palmares"}, "geometry": {"type": "MultiPolygon", "coordinates": [[[[-35.54048, -8.82215], [-35.54273, -8.82339], [-35.548, -8.8279], [-35.56336, -8.83123], [-35.5686, -8.84196], [-35.57407, -8.8436], [-35.5822, -8.84604], [-35.59379, -8.85444], [-35.59587, -8.86057], [-35.60517, -8.86473], [-35.61346, -8.86398], [-35.63181, -8.88086], [-35.65221, -8.88036], [-35.65719, -8.88024], [-35.6644, -8.89056], [-35.67088, -8.89622], [-35.68718, -8.89809], [-35.69995, -8.90617], [-35.71338, -8.90438], [-35.72298, -8.90905], [-35.74807, -8.91673], [-35.76059, -8.90766], [-35.77292, -8.90572], [-35.77786, -8.89847], [-35.78266, -8.89712], [-35.77881, -8.88822], [-35.78335, -8.88158], [-35.77659, -8.86885], [-35.77565, -8.85804], [-35.781, -8.86055], [-35.78727, -8.85071], [-35.79029, -8.85299], [-35.7952, -8.84772], [-35.80757, -8.85997], [-35.82265, -8.857], [-35.82512, -8.86952], [-35.83672, -8.86832], [-35.84468, -8.87206], [-35.84881, -8.87139], [-35.8616, -8.85795], [-35.88662, -8.86265], [-35.89587, -8.85385], [-35.90066, -8.86199], [-35.91109, -8.86087], [-35.92395, -8.88421], [-35.94221, -8.88518], [-35.95029, -8.89188], [-35.96069, -8.8936], [-35.96498, -8.90273], [-35.97379, -8.90128], [-35.98841, -8.90376], [-36.00505, -8.91258], [-36.03278, -8.90799], [-36.03292, -8.908], [-36.06078, -8.89466], [-36.12516, -8.84193], [-36.12088, -8.83682], [-36.12065, -8.83638], [-36.09284, -8.78133], [-36.08915, -8.77594], [-36.07513, -8.77011], [-36.05367, -8.7556], [-36.04013, -8.76267], [-36.02465, -8.78992], [-36.0284, -8.77945], [-36.02702, -8.77614], [-36.00372, -8.77911], [-35.98561, -8.78054], [-35.98235, -8.77628], [-35.9673, -8.76405], [-35.96585, -8.75043], [-35.96391, -8.73464], [-35.96725, -8.74365], [-35.97319, -8.74388], [-35.97334, -8.73455], [-35.97873, -8.72549], [-35.97615, -8.71015], [-35.97234, -8.70928], [-35.97352, -8.6793], [-35.97284, -8.67133], [-35.94765, -8.62907], [-35.90933, -8.62078], [-35.89948, -8.61745], [-35.89701, -8.61527], [-35.87406, -8.61035], [-35.85364, -8.60463], [-35.84077, -8.60097], [-35.83527, -8.59288], [-35.83747, -8.58931], [-35.84343, -8.59101], [-35.84888, -8.58734], [-35.84562, -8.5806], [-35.83834, -8.5784], [-35.85265, -8.54473], [-35.85452, -8.53747], [-35.853, -8.53538], [-35.84766, -8.54111], [-35.84176, -8.54101], [-35.84176, -8.54093], [-35.8453, -8.53362], [-35.83965, -8.5257], [-35.82757, -8.52984], [-35.82538, -8.52272], [-35.8212, -8.52231], [-35.81318, -8.55148], [-35.80682, -8.55153], [-35.80043, -8.54615], [-35.81335, -8.58445], [-35.81335, -8.58451], [-35.80851, -8.58395], [-35.80298, -8.59394], [-35.79983, -8.59443], [-35.79268, -8.59862], [-35.78567, -8.59732], [-35.77998, -8.58946], [-35.7746, -8.59894], [-35.76054, -8.5926], [-35.75442, -8.58189], [-35.74714, -8.58588], [-35.7446, -8.58923], [-35.72992, -8.59296], [-35.72068, -8.58708], [-35.72472, -8.57926], [-35.71343, -8.57992], [-35.69916, -8.59883], [-35.69323, -8.59706], [-35.68823, -8.59574], [-35.69364, -8.59073], [-35.69114, -8.58566], [-35.69983, -8.57237], [-35.69926, -8.55289], [-35.69782, -8.5468], [-35.6517, -8.54], [-35.64317, -8.55009], [-35.63802, -8.55633], [-35.63685, -8.55111], [-35.63256, -8.55033], [-35.61719, -8.53921], [-35.61388, -8.52907], [-35.60838, -8.52947], [-35.59604, -8.51877], [-35.5879, -8.51727], [-35.58741, -8.51721], [-35.58576, -8.51095], [-35.57264, -8.5027], [-35.56975, -8.498], [-35.55046, -8.48743], [-35.53897, -8.4842], [-35.53642, -8.48208], [-35.53544, -8.47886], [-35.53938, -8.47603], [-35.54515, -8.46858], [-35.53847, -8.45559], [-35.54485, -8.45571], [-35.54622, -8.45228], [-35.55266, -8.45402], [-35.55631, -8.44887], [-35.55968, -8.44981], [-35.56252, -8.4417], [-35.57603, -8.4281], [-35.58014, -8.42464], [-35.58589, -8.41908], [-35.58657, -8.41326], [-35.59141, -8.41263], [-35.58931, -8.40985], [-35.59178, -8.40195], [-35.57984, -8.38824], [-35.56122, -8.37604], [-35.55849, -8.36606], [-35.54753, -8.35641], [-35.54902, -8.35123], [-35.54763, -8.3387], [-35.56262, -8.34221], [-35.55754, -8.32915], [-35.52842, -8.31487], [-35.52893, -8.30071], [-35.52518, -8.29682], [-35.52197, -8.29955], [-35.50576, -8.2986], [-35.50752, -8.30958], [-35.5042, -8.31293], [-35.49204, -8.3011], [-35.48517, -8.27936], [-35.47969, -8.27481], [-35.47033, -8.26941], [-35.46618, -8.26071], [-35.46036, -8.26526], [-35.45433, -8.25358], [-35.44688, -8.25068], [-35.43906, -8.25222], [-35.43389, -8.25683], [-35.42868, -8.25295], [-35.4258, -8.25428], [-35.42325, -8.26552], [-35.41418, -8.26782], [-35.40175, -8.25659], [-35.38724, -8.26028], [-35.38398, -8.26593], [-35.37691, -8.26844], [-35.37519, -8.27465], [-35.37279, -8.27713], [-35.367, -8.27439], [-35.36498, -8.2781], [-35.3737, -8.28808], [-35.3703, -8.298], [-35.36609, -8.29859], [-35.36003, -8.2977], [-35.3587, -8.30022], [-35.33911, -8.29434], [-35.3029, -8.30679], [-35.30001, -8.30761], [-35.2688, -8.29565], [-35.27599, -8.28476], [-35.26463, -8.24265], [-35.2645, -8.24243], [-35.26456, -8.25526], [-35.25867, -8.26439], [-35.25235, -8.26357], [-35.24969, -8.27779], [-35.23839, -8.27152], [-35.23672, -8.28062], [-35.23772, -8.29186], [-35.23347, -8.2916], [-35.22858, -8.29424], [-35.2184, -8.29067], [-35.21015, -8.28712], [-35.20486, -8.29023], [-35.204, -8.29564], [-35.20102, -8.29354], [-35.19501, -8.29709], [-35.15106, -8.27938], [-35.14552, -8.28877], [-35.14863, -8.29909], [-35.13982, -8.30952], [-35.15372, -8.32043], [-35.16946, -8.35299], [-35.18155, -8.3527], [-35.18995, -8.35437], [-35.19271, -8.35911], [-35.19265, -8.37605], [-35.22544, -8.40486], [-35.23773, -8.41704], [-35.22996, -8.43485], [-35.22892, -8.43644], [-35.20267, -8.47861], [-35.16763, -8.47814], [-35.16293, -8.48542], [-35.15291, -8.48741], [-35.144, -8.48992], [-35.14207, -8.50014], [-35.12894, -8.51168], [-35.12554, -8.51379], [-35.09032, -8.52462], [-35.07648, -8.53067], [-35.07562, -8.53643], [-35.08263, -8.54604], [-35.08052, -8.55601], [-35.07447, -8.55886], [-35.06961, -8.56655], [-35.07158, -8.57953], [-35.07306, -8.5822], [-35.069, -8.58368], [-35.06313, -8.59344], [-35.06496, -8.59642], [-35.05693, -8.60316], [-35.04704, -8.60539], [-35.04599, -8.60552], [-35.04412, -8.61072], [-35.04755, -8.61608], [-35.06669, -8.64391], [-35.0708, -8.65504], [-35.06884, -8.6719], [-35.08042, -8.67971], [-35.08529, -8.69093], [-35.07894, -8.7029], [-35.07856, -8.71056], [-35.08673, -8.71938], [-35.09016, -8.72943], [-35.08601, -8.74654], [-35.10498, -8.76799], [-35.10397, -8.78226], [-35.10274, -8.78478], [-35.10711, -8.79421], [-35.11875, -8.80252], [-35.12147, -8.81241], [-35.13178, -8.82634], [-35.13388, -8.8408], [-35.13008, -8.8624], [-35.12933, -8.86667], [-35.13769, -8.87686], [-35.15226, -8.91329], [-35.15485, -8.90272], [-35.15699, -8.90086], [-35.1735, -8.89029], [-35.19999, -8.88783], [-35.20877, -8.89135], [-35.21113, -8.88843], [-35.21979, -8.88885], [-35.2347, -8.88278], [-35.25246, -8.88682], [-35.27726, -8.87475], [-35.28733, -8.87614], [-35.35043, -8.86029], [-35.39967, -8.84989], [-35.4087, -8.83757], [-35.41401, -8.83599], [-35.41637, -8.83842], [-35.43159, -8.83559], [-35.43555, -8.84051], [-35.44916, -8.84158], [-35.45157, -8.8406], [-35.45876, -8.83845], [-35.46035, -8.83344], [-35.46105, -8.83019], [-35.46143, -8.83002], [-35.46643, -8.82784], [-35.46202, -8.81841], [-35.46981, -8.81271], [-35.47589, -8.81785], [-35.48026, -8.81952], [-35.4818, -8.82573], [-35.49315, -8.82491], [-35.49543, -8.82788], [-35.50003, -8.82454], [-35.50005, -8.81975], [-35.50394, -8.82188], [-35.5112, -8.81712], [-35.51745, -8.81634], [-35.53112, -8.82785], [-35.53485, -8.81904], [-35.54048, -8.82215]]]]}},
{"type": "Feature", "id": "Caruaru", "properties": {"regiao_saude": "Caruaru"}, "geometry": {"type": "MultiPolygon", "coordinates": [[[[-36.75484, -8.60147], [-36.76394, -8.59972], [-36.77844, -8.60414], [-36.77989, -8.58896], [-36.78291, -8.58898], [-36.78386, -8.58074], [-36.77858, -8.56159], [-36.78811, -8.54888], [-36.81151, -8.51606], [-36.82354, -8.49954], [-36.82077, -8.41746], [-36.82083, -8.41733], [-36.82075, -8.41696], [-36.84979, -8.43931], [-36.859, -8.45233], [-36.87221, -8.45739], [-36.87917, -8.45511], [-36.88199, -8.43569], [-36.90059, -8.4394], [-36.92148, -8.43011], [-36.93549, -8.41351], [-36.94809, -8.39623], [-36.94458, -8.37305], [-36.9093, -8.29526], [-36.90796, -8.25365], [-36.89561, -8.24041], [-36.87889, -8.23523], [-36.86136, -8.22201], [-36.81217, -8.20488], [-36.80544, -8.19503], [-36.79595, -8.19011], [-36.78848, -8.19018], [-36.77504, -8.19031], [-36.76123, -8.19588], [-36.75317, -8.19106], [-36.74981, -8.17529], [-36.74227, -8.17258], [-36.73425, -8.17224], [-36.72364, -8.17206], [-36.72207, -8.16792], [-36.71544, -8.1669], [-36.72544, -8.15604], [-36.72247, -8.15055], [-36.70807, -8.15589], [-36.6867, -8.15527], [-36.6932, -8.14107], [-36.68554, -8.1354], [-36.66612, -8.12359], [-36.6372, -8.11814], [-36.62828, -8.11064], [-36.62752, -8.10245], [-36.63665, -8.09284], [-36.6469, -8.09208], [-36.65002, -8.08092], [-36.65834, -8.0794], [-36.65345, -8.06997], [-36.62752, -8.05534], [-36.62751, -7.98599], [-36.62279, -7.98062], [-36.62232, -7.9691], [-36.61095, -7.94774], [-36.58987, -7.95681], [-36.57645, -7.95923], [-36.57337, -7.95486], [-36.57965, -7.94627], [-36.57228, -7.93557], [-36.57227, -7.93554], [-36.57787, -7.91484], [-36.57221, -7.90548], [-36.57137, -7.90409], [-36.56947, -7.90353], [-36.55169, -7.8983], [-36.53613, -7.9012], [-36.53604, -7.90125], [-36.51252, -7.91446], [-36.49905, -7.9199], [-36.48863, -7.91534], [-36.48462, -7.91869], [-36.47865, -7.92367], [-36.46376, -7.91494], [-36.44597, -7.91597], [-36.44458, -7.91488], [-36.4439, -7.91434], [-36.44336, -7.91392], [-36.44542, -7.90776], [-36.43506, -7.89696], [-36.43258, -7.89225], [-36.42936, -7.88615], [-36.42977, -7.88526], [-36.43239, -7.87958], [-36.44005, -7.87784], [-36.42872, -7.86663], [-36.4294, -7.83688], [-36.42963, -7.8267], [-36.42815, -7.82386], [-36.42371, -7.81537], [-36.40709, -7.81366], [-36.3961, -7.80829], [-36.37312, -7.81221], [-36.36039, -7.80531], [-36.33655, -7.80901], [-36.3088, -7.80628], [-36.29403, -7.81149], [-36.27078, -7.83015], [-36.26318, -7.83133], [-36.25821, -7.83046], [-36.25296, -7.82954], [-36.25023, -7.82701], [-36.23968, -7.81727], [-36.2392, -7.8108], [-36.25401, -7.80128], [-36.25386, -7.79598], [-36.24597, -7.7849], [-36.2163, -7.76369], [-36.20615, -7.76997], [-36.20063, -7.78949], [-36.18194, -7.78342], [-36.14304, -7.78115], [-36.12649, -7.78379], [-36.11695, -7.78538], [-36.10216, -7.77906], [-36.06866, -7.78056], [-36.05354, -7.80095], [-36.04292, -7.79325], [-36.04205, -7.79353], [-36.03508, -7.79578], [-36.02126, -7.80983], [-36.0029, -7.81259], [-35.99789, -7.81334], [-35.9977, -7.8129], [-35.99687, -7.81087], [-35.99242, -7.80006], [-35.97995, -7.80147], [-35.96963, -7.78905], [-35.95869, -7.78685], [-35.943, -7.78962], [-35.94303, -7.78958], [-35.93255, -7.78401], [-35.90408, -7.79183], [-35.8835, -7.77437], [-35.88246, -7.76527], [-35.87112, -7.76957], [-35.85987, -7.77931], [-35.85265, -7.7846], [-35.84552, -7.80831], [-35.82171, -7.85913], [-35.82264, -7.86386], [-35.81902, -7.87511], [-35.81479, -7.89016], [-35.81736, -7.89582], [-35.81111, -7.90185], [-35.8133, -7.91269], [-35.80782, -7.91695], [-35.8113, -7.92853], [-35.81763, -7.93109], [-35.819, -7.93599], [-35.81399, -7.94289], [-35.81723, -7.95623], [-35.80935, -7.96109], [-35.80855, -7.96963], [-35.80469, -7.97315], [-35.78757, -7.96903], [-35.77521, -7.96935], [-35.76712, -7.97478], [-35.765, -7.97707], [-35.75743, -7.97452], [-35.75751, -7.98717], [-35.7539, -7.98901], [-35.76024, -7.99225], [-35.75939, -7.9962], [-35.76508, -8.0016], [-35.75917, -8.01139], [-35.78557, -8.01468], [-35.78784, -8.02202], [-35.79518, -8.02687], [-35.79596, -8.03105], [-35.80168, -8.02791], [-35.80301, -8.03041], [-35.79844, -8.03611], [-35.79936, -8.04105], [-35.81574, -8.05613], [-35.82572, -8.05832], [-35.82899, -8.05463], [-35.83328, -8.06049], [-35.83056, -8.06383], [-35.83852, -8.06936], [-35.84006, -8.07146], [-35.83431, -8.08239], [-35.83697, -8.09766], [-35.82958, -8.1051], [-35.83607, -8.10919], [-35.83543, -8.11403], [-35.6495, -8.10488], [-35.63, -8.10367], [-35.58333, -8.07832], [-35.55194, -8.07062], [-35.50845, -8.05871], [-35.46218, -8.09342], [-35.47733, -8.12351], [-35.43853, -8.12655], [-35.44358, -8.1516], [-35.44867, -8.16945], [-35.45559, -8.17315], [-35.47062, -8.17293], [-35.49159, -8.18333], [-35.49161, -8.18793], [-35.48279, -8.1972], [-35.48335, -8.20241], [-35.49053, -8.20552], [-35.49745, -8.20485], [-35.51016, -8.22116], [-35.49204, -8.3011], [-35.5042, -8.31293], [-35.50752, -8.30958], [-35.50576, -8.2986], [-35.52197, -8.29955], [-35.52518, -8.29682], [-35.52893, -8.30071], [-35.52842, -8.31487], [-35.55754, -8.32915], [-35.56262, -8.34221], [-35.54763, -8.3387], [-35.54902, -8.35123], [-35.54753, -8.35641], [-35.55849, -8.36606], [-35.56122, -8.37604], [-35.57984, -8.38824], [-35.59178, -8.40195], [-35.58931, -8.40985], [-35.59141, -8.41263], [-35.58657, -8.41326], [-35.58589, -8.41908], [-35.58014, -8.42464], [-35.57603, -8.4281], [-35.56252, -8.4417], [-35.55968, -8.44981], [-35.55631, -8.44887], [-35.55266, -8.45402], [-35.54622, -8.45228], [-35.54485, -8.45571], [-35.53847, -8.45559], [-35.54515, -8.46858], [-35.53938, -8.47603], [-35.53544, -8.47886], [-35.53642, -8.48208], [-35.53897, -8.4842], [-35.55046, -8.48743], [-35.56975, -8.498], [-35.57264, -8.5027], [-35.58576, -8.51095], [-35.58741, -8.51721], [-35.5879, -8.51727], [-35.59604, -8.51877], [-35.60838, -8.52947], [-35.61388, -8.52907], [-35.61719, -8.53921], [-35.63256, -8.55033], [-35.63685, -8.55111], [-35.63802, -8.55633], [-35.64317, -8.55009], [-35.6517, -8.54], [-35.69782, -8.5468], [-35.69926, -8.55289], [-35.69983, -8.57237], [-35.69114, -8.58566], [-35.69364, -8.59073], [-35.68823, -8.59574], [-35.69323, -8.59706], [-35.69916, -8.59883], [-35.71343, -8.57992], [-35.72472, -8.57926], [-35.72068, -8.58708], [-35.72992, -8.59296], [-35.7446, -8.58923], [-35.74714, -8.58588], [-35.75442, -8.58189], [-35.76054, -8.5926], [-35.7746, -8.59894], [-35.77998, -8.58946], [-35.78567, -8.59732], [-35.79268, -8.59862], [-35.79983, -8.59443], [-35.80298, -8.59394], [-35.80851, -8.58395], [-35.81335, -8.58451], [-35.81335, -8.58445], [-35.80043, -8.54615], [-35.80682, -8.55153], [-35.81318, -8.55148], [-35.8212, -8.52231], [-35.82538, -8.52272], [-35.82757, -8.52984], [-35.83965, -8.5257], [-35.8453, -8.53362], [-35.84176, -8.54093], [-35.84176, -8.54101], [-35.84766, -8.54111], [-35.853, -8.53538], [-35.85452, -8.53747], [-35.85265, -8.54473], [-35.83834, -8.5784], [-35.84562, -8.5806], [-35.84888, -8.58734], [-35.84343, -8.59101], [-35.83747, -8.58931], [-35.83527, -8.59288], [-35.84077, -8.60097], [-35.85364, -8.60463], [-35.87406, -8.61035], [-35.89701, -8.61527], [-35.89948, -8.61745], [-35.90933, -8.62078], [-35.94765, -8.62907], [-35.97284, -8.67133], [-35.97352, -8.6793], [-35.97234, -8.70928], [-35.97615, -8.71015], [-35.97873, -8.72549], [-35.97334, -8.73455], [-35.97319, -8.74388], [-35.96725, -8.74365], [-35.96391, -8.73464], [-35.96585, -8.75043], [-35.9673, -8.76405], [-35.98235, -8.77628], [-35.98561, -8.78054], [-36.00372, -8.77911], [-36.02702, -8.77614], [-36.0284, -8.77945], [-36.02465, -8.78992], [-36.04013, -8.76267], [-36.05367, -8.7556], [-36.07513, -8.77011], [-36.08915, -8.77594], [-36.09284, -8.78133], [-36.12065, -8.83638], [-36.13589, -8.83362], [-36.14103, -8.82514], [-36.14933, -8.82565], [-36.15188, -8.81799], [-36.14685, -8.81015], [-36.15044, -8.80734], [-36.1488, -8.80404], [-36.15693, -8.80472], [-36.15808, -8.79742], [-36.16246, -8.79387], [-36.16912, -8.79348], [-36.17875, -8.7818], [-36.18556, -8.7814], [-36.18734, -8.78684], [-36.21636, -8.79293], [-36.18428, -8.71139], [-36.18656, -8.71151], [-36.19448, -8.71199], [-36.24798, -8.65492], [-36.26799, -8.62398], [-36.29246, -8.63084], [-36.28577, -8.60658], [-36.27346, -8.56194], [-36.27452, -8.56167], [-36.27998, -8.56641], [-36.33156, -8.61432], [-36.38214, -8.63456], [-36.44789, -8.65737], [-36.45204, -8.66402], [-36.45974, -8.66696], [-36.46569, -8.66421], [-36.46581, -8.6644], [-36.46317, -8.66846], [-36.46906, -8.67963], [-36.46726, -8.69025], [-36.48339, -8.70259], [-36.48688, -8.70347], [-36.49787, -8.68024], [-36.53401, -8.6562], [-36.54216, -8.62232], [-36.54676, -8.62706], [-36.55633, -8.63318], [-36.56007, -8.64082], [-36.56153, -8.64173], [-36.56734, -8.63652], [-36.5681, -8.62473], [-36.57335, -8.62434], [-36.56785, -8.61858], [-36.5696, -8.61233], [-36.57093, -8.61596], [-36.57664, -8.61635], [-36.58634, -8.60053], [-36.59145, -8.60129], [-36.60913, -8.60586], [-36.60307, -8.59389], [-36.61139, -8.57964], [-36.61614, -8.56957], [-36.61359, -8.55724], [-36.63484, -8.5744], [-36.66122, -8.59383], [-36.66765, -8.60959], [-36.67566, -8.61353], [-36.6865, -8.62933], [-36.67812, -8.64735], [-36.67593, -8.6603], [-36.67999, -8.66714], [-36.68968, -8.66977], [-36.72459, -8.64793], [-36.72184, -8.63815], [-36.7239, -8.63173], [-36.7297, -8.62925], [-36.73109, -8.62456], [-36.72749, -8.61966], [-36.73048, -8.60503], [-36.75484, -8.60147]]]]}},
{"type": "Feature", "id": "Garanhuns", "properties": {"regiao_saude": "Garanhuns"}, "geometry": {"type": "MultiPolygon", "coordinates": [[[[-37.16874, -9.26529], [-37.16794, -9.2514], [-37.15861, -9.23868], [-37.19797, -9.21506], [-37.20719, -9.21789], [-37.234, -9.23975], [-37.23355, -9.23173], [-37.22844, -9.22511], [-37.23201, -9.2219], [-37.23322, -9.20617], [-37.23883, -9.2029], [-37.24644, -9.18996], [-37.24289, -9.18562], [-37.24674, -9.1786], [-37.2597, -9.16461], [-37.26206, -9.1596], [-37.28194, -9.14842], [-37.29646, -9.12037], [-37.31071, -9.10713], [-37.31036, -9.1], [-37.31518, -9.09385], [-37.32736, -9.09281], [-37.33622, -9.08082], [-37.34019, -9.07911], [-37.39196, -9.05531], [-37.4003, -9.05151], [-37.41811, -9.04341], [-37.43362, -9.02929], [-37.44563, -9.02619], [-37.46903, -9.02726], [-37.49341, -9.00027], [-37.49111, -8.9936], [-37.48666, -8.97514], [-37.48999, -8.96549], [-37.5096, -8.96657], [-37.52398, -8.96455], [-37.52495, -8.95396], [-37.51965, -8.94051], [-37.5081, -8.93623], [-37.50089, -8.92863], [-37.48999, -8.93003], [-37.48278, -8.92452], [-37.47037, -8.92902], [-37.45977, -8.93738], [-37.45814, -8.93441], [-37.45182, -8.92439], [-37.45131, -8.9138], [-37.45827, -8.90634], [-37.45647, -8.89681], [-37.46132, -8.89184], [-37.45848, -8.88289], [-37.45638, -8.87671], [-37.44967, -8.87149], [-37.45147, -8.86492], [-37.45512, -8.86403], [-37.45436, -8.85387], [-37.45162, -8.8489], [-37.44567, -8.85008], [-37.44304, -8.85624], [-37.42659, -8.85527], [-37.41911, -8.86371], [-37.42096, -8.87134], [-37.40352, -8.87522], [-37.39846, -8.87704], [-37.39624, -8.87258], [-37.39483, -8.86591], [-37.39986, -8.83919], [-37.39406, -8.83332], [-37.39179, -8.82376], [-37.3662, -8.7984], [-37.36586, -8.8022], [-37.36315, -8.81949], [-37.34937, -8.82565], [-37.3471, -8.83168], [-37.33998, -8.83666], [-37.33616, -8.83733], [-37.33521, -8.83426], [-37.32437, -8.83807], [-37.31778, -8.82718], [-37.30816, -8.82527], [-37.29704, -8.8223], [-37.28938, -8.82507], [-37.28169, -8.81787], [-37.27717, -8.81635], [-37.27231, -8.8208], [-37.26707, -8.81508], [-37.26321, -8.8169], [-37.25887, -8.81363], [-37.24717, -8.81388], [-37.24922, -8.81947], [-37.23674, -8.826], [-37.23259, -8.83699], [-37.23522, -8.84095], [-37.22462, -8.85376], [-37.22761, -8.86582], [-37.222, -8.86645], [-37.22437, -8.8715], [-37.21975, -8.88457], [-37.21253, -8.88752], [-37.20516, -8.89748], [-37.19823, -8.8998], [-37.19713, -8.90907], [-37.18748, -8.91905], [-37.16903, -8.94064], [-37.16407, -8.93889], [-37.1581, -8.93918], [-37.15499, -8.94527], [-37.14519, -8.94568], [-37.1395, -8.94526], [-37.11411, -8.95955], [-37.10089, -8.95986], [-37.099, -8.97061], [-37.08762, -8.96408], [-37.07386, -8.94296], [-37.06893, -8.9427], [-37.06277, -8.93532], [-37.05249, -8.93422], [-37.05204, -8.92759], [-37.04662, -8.92058], [-37.02681, -8.91696], [-37.02486, -8.91247], [-37.00609, -8.90637], [-36.99279, -8.89618], [-36.98808, -8.89684], [-36.97392, -8.89496], [-36.95391, -8.90111], [-36.95061, -8.89775], [-36.94122, -8.89731], [-36.92054, -8.90104], [-36.90112, -8.90864], [-36.89597, -8.89684], [-36.8846, -8.89461], [-36.87654, -8.89159], [-36.87357, -8.88534], [-36.86525, -8.88777], [-36.86446, -8.888], [-36.86359, -8.88212], [-36.83717, -8.88137], [-36.79483, -8.86823], [-36.78732, -8.8579], [-36.78804, -8.85317], [-36.79715, -8.84756], [-36.80804, -8.84782], [-36.80899, -8.84064], [-36.81807, -8.83656], [-36.81998, -8.80188], [-36.8122, -8.80008], [-36.79858, -8.78859], [-36.79358, -8.76708], [-36.77904, -8.76635], [-36.77581, -8.7587], [-36.76856, -8.75602], [-36.76588, -8.7494], [-36.76915, -8.74357], [-36.77037, -8.73967], [-36.78177, -8.73251], [-36.70189, -8.72344], [-36.68968, -8.66977], [-36.67999, -8.66714], [-36.67593, -8.6603], [-36.67812, -8.64735], [-36.6865, -8.62933], [-36.67566, -8.61353], [-36.66765, -8.60959], [-36.66122, -8.59383], [-36.63484, -8.5744], [-36.61359, -8.55724], [-36.61614, -8.56957], [-36.61139, -8.57964], [-36.60307, -8.59389], [-36.60913, -8.60586], [-36.59145, -8.60129], [-36.58634, -8.60053], [-36.57664, -8.61635], [-36.57093, -8.61596], [-36.5696, -8.61233], [-36.56785, -8.61858], [-36.57335, -8.62434], [-36.5681, -8.62473], [-36.56734, -8.63652], [-36.56153, -8.64173], [-36.56007, -8.64082], [-36.55633, -8.63318], [-36.54676, -8.62706], [-36.54216, -8.62232], [-36.53401, -8.6562], [-36.49787, -8.68024], [-36.48688, -8.70347], [-36.48339, -8.70259], [-36.46726, -8.69025], [-36.46906, -8.67963], [-36.46317, -8.66846], [-36.46581, -8.6644], [-36.46569, -8.66421], [-36.45974, -8.66696], [-36.45204, -8.66402], [-36.44789, -8.65737], [-36.38214, -8.63456], [-36.33156, -8.61432], [-36.27998, -8.56641], [-36.27452, -8.56167], [-36.27346, -8.56194], [-36.28577, -8.60658], [-36.29246, -8.63084], [-36.26799, -8.62398], [-36.24798, -8.65492], [-36.19448, -8.71199], [-36.18656, -8.71151], [-36.18428, -8.71139], [-36.21636, -8.79293], [-36.18734, -8.78684], [-36.18556, -8.7814], [-36.17875, -8.7818], [-36.16912, -8.79348], [-36.16246, -8.79387], [-36.15808, -8.79742], [-36.15693, -8.80472], [-36.1488, -8.80404], [-36.15044, -8.80734], [-36.14685, -8.81015], [-36.15188, -8.81799], [-36.14933, -8.82565], [-36.14103, -8.82514], [-36.13589, -8.83362], [-36.12065, -8.83638], [-36.12088, -8.83682], [-36.12516, -8.84193], [-36.06078, -8.89466], [-36.03292, -8.908], [-36.06361, -8.91492], [-36.08608, -8.94365], [-36.12695, -8.95569], [-36.12926, -8.97091], [-36.12648, -8.98086], [-36.11186, -8.98737], [-36.104, -8.99851], [-36.10914, -9.008], [-36.11345, -9.00879], [-36.11218, -9.01775], [-36.11215, -9.01798], [-36.1133, -9.01942], [-36.12382, -9.03008], [-36.13856, -9.03559], [-36.14071, -9.03926], [-36.1514, -9.04228], [-36.15445, -9.03954], [-36.15984, -9.04073], [-36.1748, -9.04373], [-36.17913, -9.0406], [-36.18862, -9.04587], [-36.19539, -9.04437], [-36.19694, -9.04854], [-36.20406, -9.06775], [-36.21001, -9.07272], [-36.22158, -9.07288], [-36.22214, -9.08601], [-36.23613, -9.10307], [-36.24519, -9.09862], [-36.26651, -9.10196], [-36.26574, -9.11161], [-36.26035, -9.1181], [-36.26321, -9.12558], [-36.25739, -9.13794], [-36.24637, -9.14252], [-36.24191, -9.14704], [-36.23873, -9.15957], [-36.22474, -9.1669], [-36.22273, -9.17078], [-36.24754, -9.17744], [-36.25279, -9.17289], [-36.25217, -9.18083], [-36.25566, -9.18156], [-36.26119, -9.17686], [-36.25981, -9.17038], [-36.27076, -9.17062], [-36.27384, -9.16578], [-36.28743, -9.17288], [-36.29464, -9.17202], [-36.29687, -9.17636], [-36.30572, -9.17826], [-36.30946, -9.17194], [-36.31199, -9.1795], [-36.32119, -9.18496], [-36.32731, -9.20035], [-36.33152, -9.20336], [-36.33979, -9.20611], [-36.35358, -9.20077], [-36.34856, -9.21432], [-36.35327, -9.2197], [-36.35801, -9.21787], [-36.36537, -9.22221], [-36.37554, -9.21628], [-36.38971, -9.22445], [-36.40262, -9.22241], [-36.40833, -9.2215], [-36.41497, -9.22925], [-36.41947, -9.22915], [-36.42403, -9.2256], [-36.42297, -9.21523], [-36.43667, -9.21168], [-36.44034, -9.21848], [-36.45388, -9.22574], [-36.45333, -9.23197], [-36.45919, -9.23336], [-36.46218, -9.23883], [-36.47579, -9.24335], [-36.48099, -9.23906], [-36.48756, -9.2412], [-36.48948, -9.25222], [-36.49236, -9.25376], [-36.49112, -9.26126], [-36.49832, -9.26449], [-36.50004, -9.26236], [-36.50298, -9.27056], [-36.5715, -9.29216], [-36.57243, -9.31958], [-36.56787, -9.31785], [-36.56357, -9.32236], [-36.56713, -9.33171], [-36.57574, -9.33146], [-36.58593, -9.33766], [-36.59274, -9.3344], [-36.60471, -9.34109], [-36.60738, -9.33304], [-36.61251, -9.33351], [-36.61441, -9.3306], [-36.61462, -9.32436], [-36.61929, -9.32838], [-36.6231, -9.32617], [-36.62452, -9.33141], [-36.63428, -9.32648], [-36.63451, -9.32083], [-36.64057, -9.31954], [-36.64435, -9.31395], [-36.6494, -9.31498], [-36.65906, -9.30833], [-36.6793, -9.28708], [-36.69351, -9.27491], [-36.75935, -9.27092], [-36.79681, -9.2926], [-36.83937, -9.28779], [-36.84386, -9.28192], [-36.84769, -9.27673], [-36.85257, -9.27457], [-36.87092, -9.26766], [-36.87944, -9.27595], [-36.87443, -9.27654], [-36.88379, -9.28049], [-36.88945, -9.28322], [-36.89939, -9.28256], [-36.90049, -9.28249], [-36.91548, -9.2986], [-36.92698, -9.32499], [-36.9206, -9.33207], [-36.92193, -9.33934], [-36.93754, -9.3524], [-36.93643, -9.36079], [-36.9301, -9.36961], [-36.93651, -9.377], [-36.94367, -9.38192], [-36.95209, -9.38212], [-36.97583, -9.36164], [-36.97695, -9.36126], [-37.00303, -9.35219], [-37.02395, -9.31529], [-37.04519, -9.31546], [-37.055, -9.30703], [-37.05724, -9.31712], [-37.05903, -9.31273], [-37.06125, -9.30333], [-37.05686, -9.28137], [-37.07667, -9.25815], [-37.09033, -9.24594], [-37.10783, -9.23829], [-37.11613, -9.24051], [-37.12958, -9.25964], [-37.14206, -9.26766], [-37.16399, -9.27528], [-37.16904, -9.27201], [-37.16874, -9.26529]]]]}},
{"type": "Feature", "id": "Arcoverde", "properties": {"regiao_saude": "Arcoverde"}, "geometry": {"type": "MultiPolygon", "coordinates": [[[[-36.95177, -8.29587], [-36.94697, -8.29065], [-36.94739, -8.27871], [-36.94461, -8.27484], [-36.92266, -8.26942], [-36.90796, -8.25365], [-36.9093, -8.29526], [-36.94458, -8.37305], [-36.94809, -8.39623], [-36.93549, -8.41351], [-36.92148, -8.43011], [-36.90059, -8.4394], [-36.88199, -8.43569], [-36.87917, -8.45511], [-36.87221, -8.45739], [-36.859, -8.45233], [-36.84979, -8.43931], [-36.82075, -8.41696], [-36.82083, -8.41733], [-36.82077, -8.41746], [-36.82354, -8.49954], [-36.81151, -8.51606], [-36.78811, -8.54888], [-36.77858, -8.56159], [-36.78386, -8.58074], [-36.78291, -8.58898], [-36.77989, -8.58896], [-36.77844, -8.60414], [-36.76394, -8.59972], [-36.75484, -8.60147], [-36.73048, -8.60503], [-36.72749, -8.61966], [-36.73109, -8.62456], [-36.7297, -8.62925], [-36.7239, -8.63173], [-36.72184, -8.63815], [-36.72459, -8.64793], [-36.68968, -8.66977], [-36.70189, -8.72344], [-36.78177, -8.73251], [-36.77037, -8.73967], [-36.76915, -8.74357], [-36.76588, -8.7494], [-36.76856, -8.75602], [-36.77581, -8.7587], [-36.77904, -8.76635], [-36.79358, -8.76708], [-36.79858, -8.78859], [-36.8122, -8.80008], [-36.81998, -8.80188], [-36.81807, -8.83656], [-36.80899, -8.84064], [-36.80804, -8.84782], [-36.79715, -8.84756], [-36.78804, -8.85317], [-36.78732, -8.8579], [-36.79483, -8.86823], [-36.83717, -8.88137], [-36.86359, -8.88212], [-36.86446, -8.888], [-36.86525, -8.88777], [-36.87357, -8.88534], [-36.87654, -8.89159], [-36.8846, -8.89461], [-36.89597, -8.89684], [-36.90112, -8.90864], [-36.92054, -8.90104], [-36.94122, -8.89731], [-36.95061, -8.89775], [-36.95391, -8.90111], [-36.97392, -8.89496], [-36.98808, -8.89684], [-36.99279, -8.89618], [-37.00609, -8.90637], [-37.02486, -8.91247], [-37.02681, -8.91696], [-37.04662, -8.92058], [-37.05204, -8.92759], [-37.05249, -8.93422], [-37.06277, -8.93532], [-37.06893, -8.9427], [-37.07386, -8.94296], [-37.08762, -8.96408], [-37.099, -8.97061], [-37.10089, -8.95986], [-37.11411, -8.95955], [-37.1395, -8.94526], [-37.14519, -8.94568], [-37.15499, -8.94527], [-37.1581, -8.93918], [-37.16407, -8.93889], [-37.16903, -8.94064], [-37.18748, -8.91905], [-37.19713, -8.90907], [-37.19823, -8.8998], [-37.20516, -8.89748], [-37.21253, -8.88752], [-37.21975, -8.88457], [-37.22437, -8.8715], [-37.222, -8.86645], [-37.22761, -8.86582], [-37.22462, -8.85376], [-37.23522, -8.84095], [-37.23259, -8.83699], [-37.23674, -8.826], [-37.24922, -8.81947], [-37.24717, -8.81388], [-37.25887, -8.81363], [-37.26321, -8.8169], [-37.26707, -8.81508], [-37.27231, -8.8208], [-37.27717, -8.81635], [-37.28169, -8.81787], [-37.28938, -8.82507], [-37.29704, -8.8223], [-37.30816, -8.82527], [-37.31778, -8.82718], [-37.32437, -8.83807], [-37.33521, -8.83426], [-37.33616, -8.83733], [-37.33998, -8.83666], [-37.3471, -8.83168], [-37.34937, -8.82565], [-37.36315, -8.81949], [-37.36586, -8.8022], [-37.3662, -8.7984], [-37.39179, -8.82376], [-37.39406, -8.83332], [-37.39986, -8.83919], [-37.39483, -8.86591], [-37.39624, -8.87258], [-37.39846, -8.87704], [-37.40352, -8.87522], [-37.42096, -8.87134], [-37.41911, -8.86371], [-37.42659, -8.85527], [-37.44304, -8.85624], [-37.44567, -8.85008], [-37.45162, -8.8489], [-37.45436, -8.85387], [-37.45512, -8.86403], [-37.45147, -8.86492], [-37.44967, -8.87149], [-37.45638, -8.87671], [-37.45848, -8.88289], [-37.46132, -8.89184], [-37.45647, -8.89681], [-37.45827, -8.90634], [-37.45131, -8.9138], [-37.45182, -8.92439], [-37.45814, -8.93441], [-37.45977, -8.93738], [-37.47037, -8.92902], [-37.48278, -8.92452], [-37.48999, -8.93003], [-37.50089, -8.92863], [-37.5081, -8.93623], [-37.51965, -8.94051], [-37.52495, -8.95396], [-37.52398, -8.96455], [-37.52975, -8.96265], [-37.54072, -8.95798], [-37.56207, -8.97354], [-37.58326, -8.96975], [-37.60049, -8.9757], [-37.61422, -8.98874], [-37.61642, -9.00022], [-37.61108, -9.00507], [-37.61498, -9.00948], [-37.64354, -9.01793], [-37.65881, -9.00598], [-37.66372, -8.99913], [-37.6613, -8.98683], [-37.68564, -8.99834], [-37.68996, -8.98942], [-37.70152, -8.99179], [-37.70301, -8.98573], [-37.68816, -8.97834], [-37.68367, -8.96799], [-37.68975, -8.95574], [-37.70184, -8.94778], [-37.70443, -8.93851], [-37.70753, -8.92738], [-37.72133, -8.9151], [-37.72632, -8.90565], [-37.72422, -8.90368], [-37.73395, -8.89723], [-37.73485, -8.88718], [-37.74125, -8.88724], [-37.74577, -8.88271], [-37.74841, -8.86986], [-37.7585, -8.85613], [-37.769, -8.86369], [-37.77569, -8.8621], [-37.78083, -8.86486], [-37.80088, -8.8843], [-37.81145, -8.88433], [-37.82874, -8.89336], [-37.82866, -8.89669], [-37.82247, -8.89962], [-37.82094, -8.91517], [-37.82815, -8.92137], [-37.83329, -8.92599], [-37.82589, -8.9323], [-37.83875, -8.97796], [-37.84566, -8.98435], [-37.85275, -8.99972], [-37.86346, -9.00824], [-37.87925, -9.015], [-37.87488, -9.0242], [-37.88063, -9.03993], [-37.88942, -9.03438], [-37.90459, -9.03982], [-37.90753, -9.0518], [-37.93733, -9.0797], [-37.93851, -9.08256], [-37.94234, -9.0918], [-37.95125, -9.09689], [-37.95197, -9.10067], [-37.95396, -9.10911], [-37.96123, -9.11971], [-37.97085, -9.12392], [-37.979, -9.14794], [-37.99064, -9.15496], [-37.99913, -9.15182], [-38.01066, -9.15561], [-38.02544, -9.15509], [-38.02994, -9.16453], [-38.04419, -9.1684], [-38.05239, -9.1674], [-38.06444, -9.17317], [-38.07891, -9.17011], [-38.09194, -9.17231], [-38.10223, -9.17979], [-38.1189, -9.20138], [-38.14356, -9.21778], [-38.15596, -9.24194], [-38.15604, -9.2521], [-38.15763, -9.26341], [-38.18033, -9.29126], [-38.20273, -9.29648], [-38.23724, -9.32937], [-38.25019, -9.29006], [-38.28716, -9.21671], [-38.27989, -9.20608], [-38.27973, -9.20584], [-38.28724, -9.17349], [-38.30545, -9.15318], [-38.3113, -9.14745], [-38.31831, -9.14058], [-38.32105, -9.11646], [-38.30424, -9.09637], [-38.31991, -9.09087], [-38.32552, -9.07757], [-38.32069, -9.06962], [-38.30339, -9.06122], [-38.28961, -9.04674], [-38.28938, -9.03795], [-38.29605, -9.02243], [-38.31659, -9.00087], [-38.32028, -8.99065], [-38.33989, -8.98999], [-38.35581, -8.99672], [-38.38555, -9.02441], [-38.40666, -9.03721], [-38.4151, -9.03815], [-38.44875, -9.02594], [-38.48369, -9.0006], [-38.50316, -8.98099], [-38.51373, -8.95958], [-38.51946, -8.94717], [-38.51645, -8.93282], [-38.50169, -8.9162], [-38.48922, -8.91062], [-38.47897, -8.90133], [-38.47294, -8.88913], [-38.46946, -8.86533], [-38.45368, -8.83694], [-38.44471, -8.83674], [-38.44107, -8.82917], [-38.40486, -8.8168], [-38.402, -8.80875], [-38.39091, -8.80447], [-38.38994, -8.8001], [-38.37681, -8.79058], [-38.36054, -8.7921], [-38.35781, -8.78912], [-38.35325, -8.78375], [-38.34825, -8.78435], [-38.33923, -8.77753], [-38.32808, -8.78061], [-38.32395, -8.77789], [-38.32571, -8.77314], [-38.30713, -8.76118], [-38.30495, -8.754], [-38.2952, -8.7597], [-38.28854, -8.75969], [-38.28276, -8.75251], [-38.27443, -8.75472], [-38.26542, -8.75189], [-38.26653, -8.73619], [-38.26074, -8.73191], [-38.26543, -8.72252], [-38.25952, -8.70748], [-38.23249, -8.68774], [-38.20918, -8.68711], [-38.19926, -8.68021], [-38.18609, -8.67679], [-38.17409, -8.68578], [-38.15821, -8.68972], [-38.15474, -8.69495], [-38.14149, -8.69676], [-38.13688, -8.69161], [-38.13115, -8.69063], [-38.10022, -8.6956], [-38.09444, -8.6887], [-38.08369, -8.68596], [-38.08161, -8.68072], [-38.0727, -8.67954], [-38.06511, -8.684], [-38.06213, -8.69137], [-38.04911, -8.68562], [-38.03967, -8.67429], [-38.03946, -8.65846], [-38.02438, -8.65189], [-38.01331, -8.64684], [-38.00029, -8.64637], [-37.99295, -8.64677], [-37.97475, -8.65712], [-37.9525, -8.65163], [-37.94797, -8.6462], [-37.95118, -8.634], [-37.93169, -8.61721], [-37.90763, -8.61081], [-37.89947, -8.60401], [-37.89038, -8.60516], [-37.85258, -8.59457], [-37.78736, -8.4131], [-37.79827, -8.42058], [-37.79199, -8.39659], [-37.78477, -8.383], [-37.80103, -8.37249], [-37.81248, -8.38278], [-37.83405, -8.38802], [-37.84346, -8.39849], [-37.86285, -8.40635], [-37.87956, -8.40441], [-37.89369, -8.39246], [-37.86793, -8.35786], [-37.85791, -8.34498], [-37.85947, -8.32927], [-37.85232, -8.32386], [-37.8507, -8.31669], [-37.85476, -8.31446], [-37.85297, -8.30935], [-37.85876, -8.2965], [-37.84645, -8.276], [-37.84906, -8.27204], [-37.85201, -8.26493], [-37.84326, -8.25216], [-37.84275, -8.2454], [-37.81211, -8.224], [-37.81198, -8.21975], [-37.80129, -8.20962], [-37.79878, -8.19581], [-37.8111, -8.08058], [-37.80293, -8.08236], [-37.79768, -8.0707], [-37.796, -8.06829], [-37.79619, -8.06066], [-37.7912, -8.05634], [-37.79441, -8.04707], [-37.78978, -8.04087], [-37.78328, -8.04007], [-37.78408, -8.03124], [-37.76682, -8.01714], [-37.74866, -8.02251], [-37.72518, -8.01475], [-37.70737, -8.0049], [-37.70178, -7.99688], [-37.69796, -7.9866], [-37.69117, -7.98345], [-37.68076, -7.97935], [-37.68169, -7.97053], [-37.66991, -7.9681], [-37.67303, -7.95508], [-37.66338, -7.95261], [-37.65929, -7.94003], [-37.65231, -7.94127], [-37.65103, -7.93568], [-37.65234, -7.9302], [-37.64128, -7.92394], [-37.63021, -7.90015], [-37.61618, -7.89548], [-37.61219, -7.89313], [-37.60488, -7.88369], [-37.58858, -7.87369], [-37.58314, -7.87503], [-37.5849, -7.89041], [-37.57901, -7.89039], [-37.57634, -7.89567], [-37.56854, -7.90075], [-37.56749, -7.91288], [-37.56668, -7.91567], [-37.55214, -7.92104], [-37.56297, -7.93917], [-37.55433, -7.94366], [-37.57741, -7.96047], [-37.58644, -7.9709], [-37.58461, -7.97496], [-37.58776, -7.9813], [-37.57462, -7.98035], [-37.56097, -7.99116], [-37.54918, -7.98931], [-37.54067, -7.97842], [-37.53156, -7.97116], [-37.50663, -7.96745], [-37.49393, -7.9674], [-37.48575, -7.9728], [-37.48121, -7.97188], [-37.47353, -7.96507], [-37.46862, -7.942], [-37.45499, -7.95099], [-37.43913, -7.94821], [-37.43552, -7.94232], [-37.43008, -7.94049], [-37.4251, -7.94002], [-37.40281, -7.95712], [-37.38013, -7.95793], [-37.3543, -7.95422], [-37.34988, -7.94818], [-37.34762, -7.95489], [-37.35176, -7.96789], [-37.35584, -7.97232], [-37.35562, -7.97451], [-37.34094, -7.97412], [-37.33944, -7.97939], [-37.31665, -7.96765], [-37.30299, -7.9698], [-37.29523, -7.96451], [-37.27706, -7.97157], [-37.2632, -7.96777], [-37.24664, -7.96895], [-37.237, -7.9729], [-37.23042, -7.96899], [-37.22844, -7.97218], [-37.21925, -7.97238], [-37.22097, -7.96274], [-37.2211, -7.962], [-37.21693, -7.95598], [-37.20705, -7.95179], [-37.19203, -7.9617], [-37.19305, -7.98246], [-37.18793, -7.98255], [-37.18422, -7.99005], [-37.17805, -7.99017], [-37.1778, -7.9907], [-37.17497, -7.99645], [-37.16008, -7.99674], [-37.15145, -8.009], [-37.14931, -8.0224], [-37.14922, -8.02333], [-37.14806, -8.0347], [-37.15775, -8.05081], [-37.15651, -8.06412], [-37.14337, -8.08755], [-37.14748, -8.09968], [-37.14222, -8.11753], [-37.14383, -8.12458], [-37.15289, -8.12706], [-37.15827, -8.13846], [-37.15066, -8.14963], [-37.16308, -8.15827], [-37.16328, -8.16535], [-37.15989, -8.16999], [-37.14085, -8.17682], [-37.12611, -8.17327], [-37.11792, -8.17494], [-37.11832, -8.17998], [-37.12576, -8.19108], [-37.12257, -8.20865], [-37.10009, -8.23329], [-37.08955, -8.23075], [-37.0815, -8.22245], [-37.07708, -8.22417], [-37.06619, -8.23259], [-37.08028, -8.24067], [-37.08086, -8.26596], [-37.043, -8.26415], [-37.02032, -8.28925], [-36.99081, -8.30254], [-36.97768, -8.297], [-36.95458, -8.29894], [-36.95177, -8.29587]]]]}},
{"type": "Feature", "id": "Salgueiro", "properties": {"regiao_saude": "Salgueiro"}, "geometry": {"type": "MultiPolygon", "coordinates": [[[[-39.2738, -8.58448], [-39.2662, -8.579], [-39.26457, -8.57699], [-39.26244, -8.574], [-39.24058, -8.53997], [-39.23531, -8.53603], [-39.22935, -8.54242], [-39.21953, -8.53198], [-39.21085, -8.53205], [-39.20909, -8.52727], [-39.21424, -8.52176], [-39.20034, -8.511], [-39.19205, -8.51539], [-39.18341, -8.51028], [-39.17327, -8.51374], [-39.1756, -8.50397], [-39.16619, -8.4978], [-39.16013, -8.50355], [-39.15185, -8.50358], [-39.15206, -8.51081], [-39.14808, -8.51586], [-39.14499, -8.50994], [-39.13433, -8.50731], [-39.13445, -8.50313], [-39.12477, -8.49603], [-39.12953, -8.48687], [-39.12276, -8.47885], [-39.11038, -8.47928], [-39.11587, -8.4686], [-39.11273, -8.4652], [-39.10534, -8.46561], [-39.10161, -8.46262], [-39.10057, -8.46014], [-39.10513, -8.45735], [-39.10147, -8.45151], [-39.09529, -8.4478], [-39.08804, -8.4488], [-39.08816, -8.44251], [-39.08364, -8.44205], [-39.08282, -8.43319], [-39.08968, -8.42956], [-39.08911, -8.4221], [-39.08209, -8.41337], [-39.06891, -8.41511], [-39.06264, -8.40988], [-39.06669, -8.40474], [-39.06264, -8.39655], [-39.06723, -8.38994], [-39.06628, -8.38531], [-39.05148, -8.38444], [-39.04684, -8.37951], [-39.04617, -8.37925], [-39.20838, -8.2268], [-39.24914, -8.21339], [-39.26031, -8.21897], [-39.28408, -8.22134], [-39.30145, -8.22692], [-39.31564, -8.18535], [-39.31732, -8.18212], [-39.3297, -8.18673], [-39.33681, -8.18445], [-39.33611, -8.19427], [-39.3413, -8.19888], [-39.34861, -8.19872], [-39.34996, -8.20364], [-39.35366, -8.20334], [-39.35616, -8.19635], [-39.36588, -8.20285], [-39.37149, -8.21461], [-39.37727, -8.21765], [-39.3713, -8.22143], [-39.37228, -8.22477], [-39.37314, -8.23007], [-39.37728, -8.23763], [-39.37882, -8.2431], [-39.36927, -8.24878], [-39.37716, -8.25433], [-39.37869, -8.25915], [-39.38524, -8.25301], [-39.39133, -8.25262], [-39.39395, -8.24756], [-39.40765, -8.24627], [-39.41105, -8.24054], [-39.42012, -8.24085], [-39.4249, -8.24538], [-39.43006, -8.24273], [-39.44638, -8.24573], [-39.45302, -8.2416], [-39.45921, -8.24226], [-39.4638, -8.23776], [-39.46095, -8.23393], [-39.46974, -8.21852], [-39.48154, -8.22243], [-39.48263, -8.21915], [-39.49229, -8.21745], [-39.49648, -8.21223], [-39.5, -8.21802], [-39.51341, -8.2133], [-39.52448, -8.21638], [-39.54185, -8.20578], [-39.54605, -8.19599], [-39.48424, -8.14779], [-39.46672, -8.13768], [-39.45205, -8.14374], [-39.44648, -8.1405], [-39.43505, -8.15044], [-39.42478, -8.14892], [-39.4258, -8.14506], [-39.4294, -8.14191], [-39.42502, -8.13492], [-39.43092, -8.12644], [-39.43082, -8.11996], [-39.41331, -8.11895], [-39.41345, -8.11108], [-39.40735, -8.10857], [-39.40934, -8.1025], [-39.40553, -8.09927], [-39.39926, -8.08665], [-39.39808, -8.07364], [-39.39076, -8.07455], [-39.3875, -8.06813], [-39.38055, -8.06661], [-39.3664, -8.05039], [-39.4529, -8.06051], [-39.45966, -8.05566], [-39.46702, -8.05581], [-39.48248, -8.03954], [-39.48151, -8.03579], [-39.47988, -8.0273], [-39.48643, -8.00596], [-39.48481, -8.00037], [-39.46448, -7.97639], [-39.46055, -7.96076], [-39.45345, -7.95113], [-39.5686, -7.98793], [-39.56504, -7.97336], [-39.57121, -7.96843], [-39.56772, -7.96258], [-39.57091, -7.95545], [-39.56645, -7.94973], [-39.5768, -7.93634], [-39.5584, -7.92455], [-39.55698, -7.91052], [-39.55982, -7.90319], [-39.56615, -7.9024], [-39.57119, -7.89514], [-39.57171, -7.87963], [-39.56537, -7.87554], [-39.57328, -7.8704], [-39.56716, -7.85904], [-39.56266, -7.85578], [-39.56464, -7.85331], [-39.55846, -7.85243], [-39.5737, -7.83216], [-39.57325, -7.82169], [-39.56179, -7.81577], [-39.57201, -7.8046], [-39.56923, -7.79145], [-39.57624, -7.78277], [-39.59098, -7.7751], [-39.58791, -7.7698], [-39.58995, -7.76534], [-39.58165, -7.75817], [-39.57777, -7.76018], [-39.57364, -7.74357], [-39.57025, -7.74378], [-39.56763, -7.73615], [-39.54998, -7.74196], [-39.53078, -7.74156], [-39.52068, -7.73776], [-39.5185, -7.74368], [-39.51147, -7.73904], [-39.51146, -7.72919], [-39.50092, -7.72547], [-39.5024, -7.72149], [-39.50895, -7.70705], [-39.50865, -7.69747], [-39.50166, -7.68903], [-39.50129, -7.67918], [-39.49466, -7.67667], [-39.49258, -7.6691], [-39.48003, -7.66719], [-39.45461, -7.65368], [-39.44926, -7.65356], [-39.44754, -7.659], [-39.44235, -7.65884], [-39.43315, -7.64889], [-39.42008, -7.64207], [-39.41568, -7.63391], [-39.40618, -7.62956], [-39.31632, -7.54436], [-39.31193, -7.5694], [-39.29576, -7.59553], [-39.2905, -7.59914], [-39.28463, -7.6001], [-39.27764, -7.60659], [-39.28401, -7.60443], [-39.29602, -7.61772], [-39.30328, -7.6282], [-39.30254, -7.64596], [-39.31109, -7.65489], [-39.30654, -7.66468], [-39.2834, -7.6638], [-39.26997, -7.65949], [-39.26498, -7.66942], [-39.25098, -7.68028], [-39.24711, -7.69024], [-39.24986, -7.69794], [-39.25221, -7.70452], [-39.24401, -7.70493], [-39.23439, -7.69639], [-39.22239, -7.6964], [-39.20798, -7.68907], [-39.189, -7.69971], [-39.17065, -7.71483], [-39.1462, -7.71786], [-39.13529, -7.72297], [-39.1235, -7.74284], [-39.106, -7.75982], [-39.10227, -7.77063], [-39.10147, -7.78684], [-39.09021, -7.8092], [-39.09119, -7.82478], [-39.08747, -7.83576], [-39.0962, -7.84975], [-39.09095, -7.85777], [-39.06453, -7.8391], [-39.05341, -7.8189], [-39.02605, -7.82423], [-39.01769, -7.81226], [-39.01012, -7.81601], [-39.00106, -7.83972], [-38.9819, -7.84572], [-38.97429, -7.84257], [-38.96711, -7.84483], [-38.96577, -7.84456], [-38.96177, -7.84377], [-38.96372, -7.85305], [-38.96347, -7.8565], [-38.95568, -7.86475], [-38.95203, -7.88724], [-38.93741, -7.89868], [-38.93415, -7.90496], [-38.9297, -7.91586], [-38.91109, -7.92762], [-38.9082, -7.94861], [-38.90746, -7.95566], [-38.89016, -7.96359], [-38.89022, -7.97375], [-38.88386, -7.97872], [-38.88105, -7.99185], [-38.87426, -7.99644], [-38.87742, -8.00979], [-38.83004, -8.01609], [-38.78577, -8.0126], [-38.7383, -8.02236], [-38.72898, -8.03053], [-38.70013, -8.05399], [-38.69773, -8.06338], [-38.69156, -8.06567], [-38.69305, -8.07519], [-38.68806, -8.09902], [-38.66925, -8.10188], [-38.66985, -8.10844], [-38.66309, -8.11255], [-38.65734, -8.129], [-38.64955, -8.13548], [-38.63483, -8.14482], [-38.62794, -8.13683], [-38.60708, -8.14304], [-38.60032, -8.13941], [-38.5979, -8.13191], [-38.58897, -8.12769], [-38.53827, -8.22647], [-38.5299, -8.23683], [-38.52554, -8.23707], [-38.52977, -8.23857], [-38.52994, -8.24622], [-38.53549, -8.25113], [-38.54158, -8.24831], [-38.54883, -8.25081], [-38.54931, -8.25903], [-38.55517, -8.26303], [-38.55332, -8.26994], [-38.5535, -8.27155], [-38.5491, -8.28791], [-38.57075, -8.29895], [-38.57697, -8.29665], [-38.5874, -8.30339], [-38.60669, -8.30475], [-38.61367, -8.30999], [-38.61922, -8.30814], [-38.62821, -8.31042], [-38.64327, -8.30288], [-38.65256, -8.28859], [-38.67724, -8.28007], [-38.67987, -8.2757], [-38.69733, -8.26769], [-38.7009, -8.2623], [-38.71962, -8.25762], [-38.73941, -8.24431], [-38.8102, -8.22363], [-38.81424, -8.22546], [-38.81063, -8.23384], [-38.83657, -8.2683], [-38.84, -8.27544], [-38.85056, -8.28575], [-38.85759, -8.28626], [-38.8607, -8.29177], [-38.89288, -8.3135], [-38.91082, -8.33004], [-38.88823, -8.34716], [-38.88681, -8.36506], [-38.87587, -8.37888], [-38.87273, -8.38952], [-38.87467, -8.39531], [-38.86846, -8.40142], [-38.86985, -8.40841], [-38.85895, -8.41433], [-38.84628, -8.43369], [-38.8461, -8.43466], [-38.84011, -8.44028], [-38.84296, -8.44522], [-38.84903, -8.4672], [-38.83755, -8.4802], [-38.83605, -8.47647], [-38.83195, -8.47673], [-38.83176, -8.49267], [-38.82894, -8.49424], [-38.83096, -8.49702], [-38.83369, -8.50731], [-38.81726, -8.50497], [-38.80593, -8.51248], [-38.79855, -8.51363], [-38.79493, -8.52019], [-38.79118, -8.52588], [-38.7822, -8.52928], [-38.77652, -8.53587], [-38.77356, -8.54828], [-38.77585, -8.55392], [-38.77182, -8.55559], [-38.76513, -8.56485], [-38.76671, -8.56938], [-38.75674, -8.57472], [-38.74363, -8.57395], [-38.70602, -8.58694], [-38.66778, -8.59498], [-38.66225, -8.60193], [-38.65249, -8.59913], [-38.65083, -8.60162], [-38.65592, -8.60662], [-38.64998, -8.60855], [-38.65106, -8.61315], [-38.63647, -8.61398], [-38.63005, -8.61657], [-38.62889, -8.62061], [-38.79656, -8.67866], [-38.8432, -8.69536], [-38.84521, -8.7149], [-38.85445, -8.72888], [-38.85057, -8.73962], [-38.8516, -8.76487], [-38.84846, -8.76715], [-38.85691, -8.77499], [-38.85459, -8.78411], [-38.86776, -8.78345], [-38.88442, -8.78919], [-38.92459, -8.79433], [-38.94334, -8.80382], [-38.95359, -8.80365], [-38.96478, -8.79387], [-38.97708, -8.79267], [-38.99156, -8.76714], [-39.01431, -8.75345], [-39.0332, -8.7359], [-39.06383, -8.7293], [-39.1436, -8.7121], [-39.15413, -8.70738], [-39.16836, -8.69109], [-39.17157, -8.69652], [-39.17369, -8.70093], [-39.17663, -8.70302], [-39.20043, -8.71057], [-39.21728, -8.70805], [-39.22189, -8.71125], [-39.22817, -8.7099], [-39.2428, -8.68812], [-39.24469, -8.68454], [-39.24514, -8.68369], [-39.2452, -8.68177], [-39.24631, -8.64718], [-39.24129, -8.64134], [-39.24753, -8.62459], [-39.26305, -8.6148], [-39.26582, -8.61073], [-39.26612, -8.61053], [-39.27235, -8.59608], [-39.2738, -8.58448]]]]}},
{"type": "Feature", "id": "Petrolina", "properties": {"regiao_saude": "Petrolina"}, "geometry": {"type": "MultiPolygon", "coordinates": [[[[-41.04755, -8.44832], [-41.03862, -8.43142], [-41.00701, -8.42052], [-41.0003, -8.40032], [-40.98101, -8.39752], [-40.96518, -8.41172], [-40.96514, -8.41605], [-40.9575, -8.41899], [-40.95672, -8.42306], [-40.93772, -8.43457], [-40.92648, -8.44593], [-40.91397, -8.43576], [-40.90117, -8.42122], [-40.90148, -8.40755], [-40.90724, -8.39858], [-40.89415, -8.39209], [-40.8895, -8.38634], [-40.8923, -8.37138], [-40.89737, -8.36751], [-40.8931, -8.3569], [-40.87074, -8.35807], [-40.86213, -8.36458], [-40.85698, -8.37523], [-40.85822, -8.3792], [-40.83703, -8.38072], [-40.82491, -8.36793], [-40.81895, -8.36195], [-40.82231, -8.33731], [-40.81803, -8.32973], [-40.81914, -8.3215], [-40.792, -8.31872], [-40.78606, -8.30603], [-40.77951, -8.30152], [-40.77972, -8.29586], [-40.76641, -8.29887], [-40.76273, -8.30808], [-40.76183, -8.31784], [-40.75578, -8.32594], [-40.75761, -8.33652], [-40.75485, -8.34186], [-40.7491, -8.34217], [-40.74229, -8.3367], [-40.72818, -8.34708], [-40.71276, -8.35032], [-40.70284, -8.3469], [-40.68575, -8.35766], [-40.68618, -8.3629], [-40.68069, -8.3648], [-40.6821, -8.36899], [-40.67904, -8.373], [-40.66378, -8.36867], [-40.65799, -8.37187], [-40.65888, -8.37866], [-40.64514, -8.38062], [-40.64046, -8.37496], [-40.63066, -8.37537], [-40.62971, -8.3714], [-40.62586, -8.37203], [-40.62089, -8.36763], [-40.60955, -8.37174], [-40.60663, -8.36694], [-40.60011, -8.36765], [-40.597, -8.36355], [-40.59119, -8.36774], [-40.58575, -8.36337], [-40.57276, -8.36255], [-40.56511, -8.36579], [-40.5625, -8.37222], [-40.54335, -8.37605], [-40.53957, -8.38383], [-40.53238, -8.38014], [-40.53439, -8.37636], [-40.52852, -8.36612], [-40.51266, -8.37082], [-40.50216, -8.36531], [-40.49485, -8.3697], [-40.48981, -8.36398], [-40.48401, -8.36571], [-40.47675, -8.36123], [-40.4681, -8.36551], [-40.4621, -8.3605], [-40.4516, -8.36439], [-40.43864, -8.37795], [-40.43505, -8.38976], [-40.42156, -8.40388], [-40.4094, -8.40169], [-40.40546, -8.40863], [-40.39731, -8.40734], [-40.39486, -8.41555], [-40.39299, -8.41613], [-40.3863, -8.41128], [-40.38109, -8.4149], [-40.38094, -8.4216], [-40.37461, -8.42878], [-40.36514, -8.43202], [-40.36747, -8.43662], [-40.35947, -8.44773], [-40.3596, -8.46325], [-40.35338, -8.46719], [-40.35706, -8.48187], [-40.35427, -8.48981], [-40.35812, -8.49503], [-40.35089, -8.50853], [-40.34051, -8.5173], [-40.33313, -8.51849], [-40.32655, -8.51312], [-40.31844, -8.51606], [-40.30471, -8.51288], [-40.29889, -8.50683], [-40.29893, -8.50125], [-40.28949, -8.49863], [-40.28712, -8.50666], [-40.27281, -8.50914], [-40.26679, -8.50429], [-40.26614, -8.50083], [-40.2572, -8.49612], [-40.2541, -8.50651], [-40.24345, -8.51081], [-40.23204, -8.5049], [-40.21402, -8.50307], [-40.19622, -8.5122], [-40.191, -8.48777], [-40.19678, -8.46047], [-40.181, -8.42055], [-40.17152, -8.42232], [-40.1646, -8.41592], [-40.15987, -8.40625], [-40.15171, -8.40672], [-40.14034, -8.38387], [-40.13363, -8.36031], [-40.10836, -8.34768], [-40.09476, -8.34874], [-40.09024, -8.35716], [-40.09082, -8.36537], [-40.08205, -8.37103], [-40.06409, -8.3703], [-40.05571, -8.3649], [-40.04311, -8.36388], [-40.02948, -8.37409], [-40.02193, -8.37327], [-40.01214, -8.35692], [-40.00341, -8.35408], [-39.9638, -8.377], [-39.95718, -8.37719], [-39.93967, -8.36395], [-39.92534, -8.36747], [-39.89571, -8.37253], [-39.88143, -8.35998], [-39.87288, -8.35888], [-39.86131, -8.34949], [-39.85073, -8.33521], [-39.834, -8.32918], [-39.82412, -8.33185], [-39.80937, -8.3292], [-39.79909, -8.33451], [-39.78742, -8.33225], [-39.78199, -8.33961], [-39.77288, -8.33966], [-39.76633, -8.353], [-39.76171, -8.35256], [-39.75602, -8.34464], [-39.74836, -8.34503], [-39.74205, -8.3757], [-39.72636, -8.37749], [-39.72233, -8.39217], [-39.71022, -8.39979], [-39.71332, -8.40914], [-39.70158, -8.41479], [-39.68782, -8.42841], [-39.67941, -8.43882], [-39.67788, -8.45087], [-39.67197, -8.45617], [-39.6739, -8.44899], [-39.66967, -8.44127], [-39.67345, -8.4272], [-39.66428, -8.41854], [-39.67424, -8.40905], [-39.66756, -8.3961], [-39.6699, -8.38545], [-39.67854, -8.3807], [-39.6843, -8.37017], [-39.68433, -8.35247], [-39.67911, -8.347], [-39.56897, -8.24895], [-39.55322, -8.24432], [-39.54363, -8.24512], [-39.53963, -8.23806], [-39.52452, -8.24195], [-39.51626, -8.2385], [-39.50895, -8.23987], [-39.49759, -8.24768], [-39.48623, -8.2451], [-39.4684, -8.23623], [-39.4638, -8.23776], [-39.45921, -8.24226], [-39.45302, -8.2416], [-39.44638, -8.24573], [-39.43006, -8.24273], [-39.4249, -8.24538], [-39.42012, -8.24085], [-39.41105, -8.24054], [-39.40765, -8.24627], [-39.39395, -8.24756], [-39.39133, -8.25262], [-39.38524, -8.25301], [-39.37869, -8.25915], [-39.37716, -8.25433], [-39.36927, -8.24878], [-39.37882, -8.2431], [-39.37728, -8.23763], [-39.37314, -8.23007], [-39.37228, -8.22477], [-39.3713, -8.22143], [-39.37727, -8.21765], [-39.37149, -8.21461], [-39.36588, -8.20285], [-39.35616, -8.19635], [-39.35366, -8.20334], [-39.34996, -8.20364], [-39.34861, -8.19872], [-39.3413, -8.19888], [-39.33611, -8.19427], [-39.33681, -8.18445], [-39.3297, -8.18673], [-39.31732, -8.18212], [-39.31564, -8.18535], [-39.30145, -8.22692], [-39.28408, -8.22134], [-39.26031, -8.21897], [-39.24914, -8.21339], [-39.20838, -8.2268], [-39.04617, -8.37925], [-39.04684, -8.37951], [-39.05148, -8.38444], [-39.06628, -8.38531], [-39.06723, -8.38994], [-39.06264, -8.39655], [-39.06669, -8.40474], [-39.06264, -8.40988], [-39.06891, -8.41511], [-39.08209, -8.41337], [-39.08911, -8.4221], [-39.08968, -8.42956], [-39.08282, -8.43319], [-39.08364, -8.44205], [-39.08816, -8.44251], [-39.08804, -8.4488], [-39.09529, -8.4478], [-39.10147, -8.45151], [-39.10513, -8.45735], [-39.10057, -8.46014], [-39.10161, -8.46262], [-39.10534, -8.46561], [-39.11273, -8.4652], [-39.11587, -8.4686], [-39.11038, -8.47928], [-39.12276, -8.47885], [-39.12953, -8.48687], [-39.12477, -8.49603], [-39.13445, -8.50313], [-39.13433, -8.50731], [-39.14499, -8.50994], [-39.14808, -8.51586], [-39.15206, -8.51081], [-39.15185, -8.50358], [-39.16013, -8.50355], [-39.16619, -8.4978], [-39.1756, -8.50397], [-39.17327, -8.51374], [-39.18341, -8.51028], [-39.19205, -8.51539], [-39.20034, -8.511], [-39.21424, -8.52176], [-39.20909, -8.52727], [-39.21085, -8.53205], [-39.21953, -8.53198], [-39.22935, -8.54242], [-39.23531, -8.53603], [-39.24058, -8.53997], [-39.26244, -8.574], [-39.26457, -8.57699], [-39.2662, -8.579], [-39.2738, -8.58448], [-39.27481, -8.57641], [-39.28607, -8.56334], [-39.29286, -8.56022], [-39.33558, -8.55837], [-39.3433, -8.55813], [-39.35701, -8.54663], [-39.36272, -8.53922], [-39.3641, -8.53744], [-39.36964, -8.53562], [-39.37944, -8.53241], [-39.40793, -8.53823], [-39.41569, -8.54171], [-39.42749, -8.55824], [-39.43513, -8.56289], [-39.45176, -8.56279], [-39.46256, -8.58297], [-39.47575, -8.59238], [-39.51534, -8.60274], [-39.52586, -8.61212], [-39.55467, -8.62172], [-39.55716, -8.62842], [-39.56417, -8.62988], [-39.56929, -8.63665], [-39.6072, -8.65556], [-39.62893, -8.65558], [-39.64564, -8.65874], [-39.64721, -8.65903], [-39.66051, -8.65694], [-39.69077, -8.6619], [-39.69268, -8.6801], [-39.67466, -8.73625], [-39.67347, -8.74505], [-39.6772, -8.76014], [-39.67148, -8.78032], [-39.67427, -8.78674], [-39.68464, -8.79196], [-39.70012, -8.79954], [-39.74743, -8.79363], [-39.76795, -8.80545], [-39.79119, -8.81883], [-39.7923, -8.81948], [-39.81961, -8.81307], [-39.88646, -8.82458], [-39.89424, -8.83125], [-39.90018, -8.84161], [-39.90258, -8.85833], [-39.87906, -8.90149], [-39.87429, -8.92721], [-39.8736, -8.93091], [-39.88987, -8.96631], [-39.89006, -8.96673], [-39.90288, -8.97798], [-39.91619, -8.99828], [-39.93917, -9.02481], [-39.95767, -9.04817], [-39.97878, -9.0554], [-39.98942, -9.05905], [-40.00455, -9.05938], [-40.0652, -9.06265], [-40.07318, -9.07495], [-40.09158, -9.0867], [-40.10154, -9.09278], [-40.12837, -9.10918], [-40.15074, -9.10672], [-40.16464, -9.10607], [-40.17072, -9.09303], [-40.17326, -9.09103], [-40.18844, -9.07911], [-40.20863, -9.06391], [-40.21307, -9.06056], [-40.2312, -9.05431], [-40.23345, -9.05472], [-40.24368, -9.05661], [-40.2475, -9.05732], [-40.2712, -9.08042], [-40.28634, -9.11693], [-40.29365, -9.15165], [-40.28545, -9.1814], [-40.2903, -9.19771], [-40.30742, -9.2709], [-40.31866, -9.28685], [-40.33575, -9.32675], [-40.33467, -9.35348], [-40.35773, -9.37677], [-40.37105, -9.3783], [-40.39091, -9.37175], [-40.41128, -9.35375], [-40.42052, -9.35215], [-40.43553, -9.36174], [-40.45529, -9.40535], [-40.46739, -9.42015], [-40.4738, -9.42037], [-40.4858, -9.41401], [-40.49568, -9.40876], [-40.49683, -9.40815], [-40.51036, -9.40676], [-40.52875, -9.41348], [-40.53785, -9.42016], [-40.548, -9.44858], [-40.56482, -9.46359], [-40.58114, -9.46723], [-40.59475, -9.46695], [-40.6228, -9.48248], [-40.6564, -9.47249], [-40.68095, -9.4668], [-40.71308, -9.45029], [-40.72181, -9.44553], [-40.74495, -9.44293], [-40.77638, -9.45403], [-40.76692, -9.44528], [-40.75922, -9.42866], [-40.7646, -9.4128], [-40.74706, -9.40545], [-40.7423, -9.4003], [-40.74217, -9.3829], [-40.74611, -9.37063], [-40.73773, -9.35483], [-40.74103, -9.34637], [-40.73692, -9.33645], [-40.75512, -9.31326], [-40.75122, -9.30761], [-40.74361, -9.30581], [-40.73907, -9.29617], [-40.71972, -9.30548], [-40.70694, -9.29413], [-40.70722, -9.28493], [-40.68686, -9.27792], [-40.68332, -9.26927], [-40.67972, -9.25879], [-40.68887, -9.25657], [-40.68608, -9.24314], [-40.69064, -9.23365], [-40.69413, -9.23304], [-40.68033, -9.21178], [-40.68161, -9.20432], [-40.67669, -9.19289], [-40.67027, -9.18829], [-40.67172, -9.17197], [-40.66703, -9.15864], [-40.67736, -9.15083], [-40.68472, -9.13719], [-40.69979, -9.14182], [-40.70952, -9.14046], [-40.73217, -9.12359], [-40.75002, -9.11747], [-40.75669, -9.11943], [-40.75641, -9.10456], [-40.7628, -9.10652], [-40.77689, -9.10025], [-40.78572, -9.10477], [-40.78909, -9.09853], [-40.80373, -9.09792], [-40.81158, -9.08398], [-40.82064, -9.07948], [-40.81878, -9.06868], [-40.82322, -9.0617], [-40.82486, -9.03777], [-40.83184, -9.03075], [-40.8317, -9.02314], [-40.83464, -9.00828], [-40.84586, -8.9958], [-40.85011, -8.98591], [-40.85059, -8.9847], [-40.85122, -8.95208], [-40.86095, -8.9476], [-40.86591, -8.92297], [-40.88086, -8.91521], [-40.88307, -8.90444], [-40.89467, -8.88868], [-40.89603, -8.87061], [-40.90219, -8.86066], [-40.9146, -8.84912], [-40.92097, -8.83502], [-40.94601, -8.84458], [-40.95732, -8.84189], [-40.95844, -8.84126], [-40.95874, -8.8411], [-40.96053, -8.83035], [-40.97872, -8.823], [-40.98938, -8.82903], [-40.99998, -8.82838], [-41.02087, -8.84315], [-41.03094, -8.83454], [-41.02459, -8.80731], [-41.03586, -8.78546], [-41.04195, -8.78361], [-41.05442, -8.7865], [-41.0663, -8.78063], [-41.07112, -8.78277], [-41.07817, -8.78836], [-41.0817, -8.78393], [-41.10139, -8.78155], [-41.10558, -8.77014], [-41.11078, -8.76968], [-41.11517, -8.76373], [-41.11329, -8.75892], [-41.1242, -8.75226], [-41.12832, -8.74099], [-41.12646, -8.72851], [-41.12134, -8.72391], [-41.12283, -8.71829], [-41.11155, -8.70831], [-41.11324, -8.70366], [-41.11333, -8.70338], [-41.16253, -8.70957], [-41.17205, -8.7068], [-41.17603, -8.71078], [-41.18206, -8.70741], [-41.18562, -8.71023], [-41.19719, -8.70611], [-41.20456, -8.70907], [-41.2266, -8.70429], [-41.23946, -8.71045], [-41.23819, -8.71932], [-41.26025, -8.7203], [-41.26961, -8.7306], [-41.28116, -8.73569], [-41.29461, -8.73513], [-41.30956, -8.72572], [-41.33398, -8.72725], [-41.35796, -8.70721], [-41.33654, -8.70794], [-41.30757, -8.69017], [-41.28706, -8.66043], [-41.25347, -8.66176], [-41.23912, -8.65541], [-41.23341, -8.6472], [-41.21467, -8.64483], [-41.20617, -8.63288], [-41.20737, -8.60986], [-41.21191, -8.60141], [-41.2025, -8.59886], [-41.19819, -8.59206], [-41.17953, -8.59286], [-41.17825, -8.58797], [-41.16895, -8.5832], [-41.16524, -8.57563], [-41.15194, -8.54564], [-41.15032, -8.54028], [-41.14912, -8.53351], [-41.13425, -8.53313], [-41.12636, -8.54154], [-41.11581, -8.53686], [-41.1037, -8.52196], [-41.09758, -8.52034], [-41.09452, -8.517], [-41.08431, -8.50055], [-41.07855, -8.47209], [-41.05072, -8.48006], [-41.04755, -8.44832]]]]}},
{"type": "Feature", "id": "Ouricuri", "properties": {"regiao_saude": "Ouricuri"}, "geometry": {"type": "MultiPolygon", "coordinates": [[[[-40.5481, -7.39229], [-40.52016, -7.38977], [-40.45995, -7.39017], [-40.43307, -7.39125], [-40.37245, -7.38493], [-40.32266, -7.37492], [-40.31862, -7.37389], [-40.29028, -7.38717], [-40.27905, -7.38763], [-40.27169, -7.39171], [-40.24608, -7.43331], [-40.14955, -7.41386], [-40.07832, -7.39939], [-40.02291, -7.39833], [-40.00559, -7.38794], [-39.98407, -7.39414], [-39.96112, -7.38855], [-39.91508, -7.33769], [-39.9042, -7.33794], [-39.88977, -7.3387], [-39.88592, -7.33891], [-39.86359, -7.32729], [-39.85109, -7.32481], [-39.82834, -7.33197], [-39.81501, -7.32829], [-39.78887, -7.33159], [-39.75742, -7.32055], [-39.68687, -7.31516], [-39.66301, -7.30974], [-39.64848, -7.32334], [-39.62679, -7.33289], [-39.60695, -7.3358], [-39.5987, -7.34286], [-39.59681, -7.34557], [-39.56904, -7.37557], [-39.54501, -7.39132], [-39.51773, -7.4092], [-39.49651, -7.42], [-39.49018, -7.43415], [-39.47873, -7.44566], [-39.44795, -7.45421], [-39.41729, -7.46612], [-39.40586, -7.47418], [-39.39631, -7.47487], [-39.36815, -7.49407], [-39.35883, -7.50763], [-39.32756, -7.53112], [-39.3169, -7.54105], [-39.31632, -7.54436], [-39.40618, -7.62956], [-39.41568, -7.63391], [-39.42008, -7.64207], [-39.43315, -7.64889], [-39.44235, -7.65884], [-39.44754, -7.659], [-39.44926, -7.65356], [-39.45461, -7.65368], [-39.48003, -7.66719], [-39.49258, -7.6691], [-39.49466, -7.67667], [-39.50129, -7.67918], [-39.50166, -7.68903], [-39.50865, -7.69747], [-39.50895, -7.70705], [-39.5024, -7.72149], [-39.50092, -7.72547], [-39.51146, -7.72919], [-39.51147, -7.73904], [-39.5185, -7.74368], [-39.52068, -7.73776], [-39.53078, -7.74156], [-39.54998, -7.74196], [-39.56763, -7.73615], [-39.57025, -7.74378], [-39.57364, -7.74357], [-39.57777, -7.76018], [-39.58165, -7.75817], [-39.58995, -7.76534], [-39.58791, -7.7698], [-39.59098, -7.7751], [-39.57624, -7.78277], [-39.56923, -7.79145], [-39.57201, -7.8046], [-39.56179, -7.81577], [-39.57325, -7.82169], [-39.5737, -7.83216], [-39.55846, -7.85243], [-39.56464, -7.85331], [-39.56266, -7.85578], [-39.56716, -7.85904], [-39.57328, -7.8704], [-39.56537, -7.87554], [-39.57171, -7.87963], [-39.57119, -7.89514], [-39.56615, -7.9024], [-39.55982, -7.90319], [-39.55698, -7.91052], [-39.5584, -7.92455], [-39.5768, -7.93634], [-39.56645, -7.94973], [-39.57091, -7.95545], [-39.56772, -7.96258], [-39.57121, -7.96843], [-39.56504, -7.97336], [-39.5686, -7.98793], [-39.45345, -7.95113], [-39.46055, -7.96076], [-39.46448, -7.97639], [-39.48481, -8.00037], [-39.48643, -8.00596], [-39.47988, -8.0273], [-39.48151, -8.03579], [-39.48248, -8.03954], [-39.46702, -8.05581], [-39.45966, -8.05566], [-39.4529, -8.06051], [-39.3664, -8.05039], [-39.38055, -8.06661], [-39.3875, -8.06813], [-39.39076, -8.07455], [-39.39808, -8.07364], [-39.39926, -8.08665], [-39.40553, -8.09927], [-39.40934, -8.1025], [-39.40735, -8.10857], [-39.41345, -8.11108], [-39.41331, -8.11895], [-39.43082, -8.11996], [-39.43092, -8.12644], [-39.42502, -8.13492], [-39.4294, -8.14191], [-39.4258, -8.14506], [-39.42478, -8.14892], [-39.43505, -8.15044], [-39.44648, -8.1405], [-39.45205, -8.14374], [-39.46672, -8.13768], [-39.48424, -8.14779], [-39.54605, -8.19599], [-39.54185, -8.20578], [-39.52448, -8.21638], [-39.51341, -8.2133], [-39.5, -8.21802], [-39.49648, -8.21223], [-39.49229, -8.21745], [-39.48263, -8.21915], [-39.48154, -8.22243], [-39.46974, -8.21852], [-39.46095, -8.23393], [-39.4638, -8.23776], [-39.4684, -8.23623], [-39.48623, -8.2451], [-39.49759, -8.24768], [-39.50895, -8.23987], [-39.51626, -8.2385], [-39.52452, -8.24195], [-39.53963, -8.23806], [-39.54363, -8.24512], [-39.55322, -8.24432], [-39.56897, -8.24895], [-39.67911, -8.347], [-39.68433, -8.35247], [-39.6843, -8.37017], [-39.67854, -8.3807], [-39.6699, -8.38545], [-39.66756, -8.3961], [-39.67424, -8.40905], [-39.66428, -8.41854], [-39.67345, -8.4272], [-39.66967, -8.44127], [-39.6739, -8.44899], [-39.67197, -8.45617], [-39.67788, -8.45087], [-39.67941, -8.43882], [-39.68782, -8.42841], [-39.70158, -8.41479], [-39.71332, -8.40914], [-39.71022, -8.39979], [-39.72233, -8.39217], [-39.72636, -8.37749], [-39.74205, -8.3757], [-39.74836, -8.34503], [-39.75602, -8.34464], [-39.76171, -8.35256], [-39.76633, -8.353], [-39.77288, -8.33966], [-39.78199, -8.33961], [-39.78742, -8.33225], [-39.79909, -8.33451], [-39.80937, -8.3292], [-39.82412, -8.33185], [-39.834, -8.32918], [-39.85073, -8.33521], [-39.86131, -8.34949], [-39.87288, -8.35888], [-39.88143, -8.35998], [-39.89571, -8.37253], [-39.92534, -8.36747], [-39.93967, -8.36395], [-39.95718, -8.37719], [-39.9638, -8.377], [-40.00341, -8.35408], [-40.01214, -8.35692], [-40.02193, -8.37327], [-40.02948, -8.37409], [-40.04311, -8.36388], [-40.05571, -8.3649], [-40.06409, -8.3703], [-40.08205, -8.37103], [-40.09082, -8.36537], [-40.09024, -8.35716], [-40.09476, -8.34874], [-40.10836, -8.34768], [-40.13363, -8.36031], [-40.14034, -8.38387], [-40.15171, -8.40672], [-40.15987, -8.40625], [-40.1646, -8.41592], [-40.17152, -8.42232], [-40.181, -8.42055], [-40.19678, -8.46047], [-40.191, -8.48777], [-40.19622, -8.5122], [-40.21402, -8.50307], [-40.23204, -8.5049], [-40.24345, -8.51081], [-40.2541, -8.50651], [-40.2572, -8.49612], [-40.26614, -8.50083], [-40.26679, -8.50429], [-40.27281, -8.50914], [-40.28712, -8.50666], [-40.28949, -8.49863], [-40.29893, -8.50125], [-40.29889, -8.50683], [-40.30471, -8.51288], [-40.31844, -8.51606], [-40.32655, -8.51312], [-40.33313, -8.51849], [-40.34051, -8.5173], [-40.35089, -8.50853], [-40.35812, -8.49503], [-40.35427, -8.48981], [-40.35706, -8.48187], [-40.35338, -8.46719], [-40.3596, -8.46325], [-40.35947, -8.44773], [-40.36747, -8.43662], [-40.36514, -8.43202], [-40.37461, -8.42878], [-40.38094, -8.4216], [-40.38109, -8.4149], [-40.3863, -8.41128], [-40.39299, -8.41613], [-40.39486, -8.41555], [-40.39731, -8.40734], [-40.40546, -8.40863], [-40.4094, -8.40169], [-40.42156, -8.40388], [-40.43505, -8.38976], [-40.43864, -8.37795], [-40.4516, -8.36439], [-40.4621, -8.3605], [-40.4681, -8.36551], [-40.47675, -8.36123], [-40.48401, -8.36571], [-40.48981, -8.36398], [-40.49485, -8.3697], [-40.50216, -8.36531], [-40.51266, -8.37082], [-40.52852, -8.36612], [-40.53439, -8.37636], [-40.53238, -8.38014], [-40.53957, -8.38383], [-40.54335, -8.37605], [-40.5625, -8.37222], [-40.56511, -8.36579], [-40.57276, -8.36255], [-40.58575, -8.36337], [-40.59119, -8.36774], [-40.597, -8.36355], [-40.60011, -8.36765], [-40.60663, -8.36694], [-40.60955, -8.37174], [-40.62089, -8.36763], [-40.62586, -8.37203], [-40.62971, -8.3714], [-40.63066, -8.37537], [-40.64046, -8.37496], [-40.64514, -8.38062], [-40.65888, -8.37866], [-40.65799, -8.37187], [-40.66378, -8.36867], [-40.67904, -8.373], [-40.6821, -8.36899], [-40.68069, -8.3648], [-40.68618, -8.3629], [-40.68575, -8.35766], [-40.70284, -8.3469], [-40.71276, -8.35032], [-40.72818, -8.34708], [-40.74229, -8.3367], [-40.7491, -8.34217], [-40.75485, -8.34186], [-40.75761, -8.33652], [-40.75578, -8.32594], [-40.76183, -8.31784], [-40.76273, -8.30808], [-40.76641, -8.29887], [-40.77972, -8.29586], [-40.78131, -8.2927], [-40.77787, -8.28573], [-40.7832, -8.25502], [-40.76895, -8.24905], [-40.76392, -8.24358], [-40.74414, -8.23966], [-40.7365, -8.22782], [-40.72883, -8.22451], [-40.70689, -8.22308], [-40.70022, -8.2022], [-40.694, -8.20047], [-40.68404, -8.18737], [-40.67489, -8.18445], [-40.66866, -8.17707], [-40.66622, -8.16187], [-40.65813, -8.15615], [-40.6432, -8.15713], [-40.64241, -8.14966], [-40.63358, -8.13904], [-40.63317, -8.13864], [-40.63145, -8.13924], [-40.60095, -8.14976], [-40.60077, -8.14364], [-40.58942, -8.13755], [-40.59087, -8.12311], [-40.59613, -8.11761], [-40.6035, -8.10328], [-40.59839, -8.08045], [-40.58185, -8.04428], [-40.57549, -8.03006], [-40.54328, -7.95802], [-40.54441, -7.94722], [-40.54455, -7.94726], [-40.54449, -7.94653], [-40.53919, -7.8825], [-40.53757, -7.86879], [-40.54169, -7.83808], [-40.55093, -7.82202], [-40.56804, -7.80835], [-40.62828, -7.79216], [-40.65337, -7.78179], [-40.6732, -7.76127], [-40.67797, -7.72509], [-40.6685, -7.69459], [-40.64664, -7.64438], [-40.64415, -7.61899], [-40.644, -7.60376], [-40.65512, -7.58685], [-40.65544, -7.5865], [-40.69371, -7.53831], [-40.70548, -7.51155], [-40.70896, -7.5034], [-40.71338, -7.49207], [-40.71452, -7.48914], [-40.71286, -7.4726], [-40.70225, -7.45791], [-40.67164, -7.45231], [-40.65863, -7.44661], [-40.6572, -7.44417], [-40.65195, -7.43294], [-40.5481, -7.39229]]]]}},
{"type": "Feature", "id": "Afogados da Ingazeira", "properties": {"regiao_saude": "Afogados da Ingazeira"}, "geometry": {"type": "MultiPolygon", "coordinates": [[[[-37.31362, -7.28896], [-37.28799, -7.28788], [-37.2779, -7.27541], [-37.26043, -7.27479], [-37.23366, -7.27396], [-37.22236, -7.28566], [-37.21384, -7.2909], [-37.19633, -7.29426], [-37.17658, -7.30915], [-37.16819, -7.31955], [-37.165, -7.33619], [-37.15673, -7.33781], [-37.1446, -7.33464], [-37.13498, -7.34626], [-37.12764, -7.3436], [-37.12122, -7.35051], [-37.10637, -7.35348], [-37.08528, -7.35785], [-37.07261, -7.36787], [-37.06754, -7.3817], [-37.05285, -7.37909], [-37.04804, -7.37779], [-37.02758, -7.38546], [-37.01324, -7.40334], [-37.01336, -7.40339], [-37.02564, -7.42206], [-37.01642, -7.42569], [-37.01417, -7.42996], [-37.02328, -7.43346], [-37.02246, -7.43562], [-37.01284, -7.44458], [-37.01039, -7.45323], [-36.99697, -7.45899], [-36.99372, -7.4643], [-36.99511, -7.47218], [-36.98508, -7.47519], [-36.98389, -7.48185], [-37.00291, -7.49598], [-37.01022, -7.48915], [-37.02486, -7.49629], [-37.02642, -7.49681], [-37.03008, -7.49803], [-37.04282, -7.50351], [-37.05348, -7.50416], [-37.06797, -7.5167], [-37.08591, -7.51785], [-37.08712, -7.51793], [-37.10577, -7.53072], [-37.12119, -7.53571], [-37.13676, -7.55479], [-37.16323, -7.57431], [-37.18022, -7.60173], [-37.18376, -7.61541], [-37.19633, -7.62917], [-37.19698, -7.64503], [-37.19479, -7.65165], [-37.17921, -7.66854], [-37.17783, -7.67005], [-37.17409, -7.68262], [-37.16767, -7.69062], [-37.16123, -7.69797], [-37.1578, -7.70188], [-37.15281, -7.70935], [-37.14985, -7.71646], [-37.15026, -7.72862], [-37.1386, -7.74511], [-37.15669, -7.77259], [-37.15644, -7.77646], [-37.15161, -7.77944], [-37.15947, -7.79281], [-37.16791, -7.79471], [-37.17102, -7.79476], [-37.17033, -7.79982], [-37.1754, -7.79592], [-37.18269, -7.79031], [-37.1912, -7.79076], [-37.19762, -7.79851], [-37.21708, -7.80628], [-37.22266, -7.80365], [-37.23022, -7.80633], [-37.22984, -7.8127], [-37.24332, -7.81859], [-37.24012, -7.82268], [-37.22781, -7.82111], [-37.22175, -7.84184], [-37.24681, -7.84639], [-37.25003, -7.85324], [-37.24458, -7.86118], [-37.24652, -7.86777], [-37.24375, -7.87344], [-37.25304, -7.87983], [-37.28705, -7.90347], [-37.30331, -7.90377], [-37.30767, -7.90753], [-37.32183, -7.91009], [-37.32161, -7.91181], [-37.31095, -7.91232], [-37.30924, -7.91348], [-37.31106, -7.92124], [-37.30771, -7.92665], [-37.30864, -7.93377], [-37.31436, -7.93552], [-37.31728, -7.94236], [-37.34185, -7.94531], [-37.34988, -7.94818], [-37.3543, -7.95422], [-37.38013, -7.95793], [-37.40281, -7.95712], [-37.4251, -7.94002], [-37.43008, -7.94049], [-37.43552, -7.94232], [-37.43913, -7.94821], [-37.45499, -7.95099], [-37.46862, -7.942], [-37.47353, -7.96507], [-37.48121, -7.97188], [-37.48575, -7.9728], [-37.49393, -7.9674], [-37.50663, -7.96745], [-37.53156, -7.97116], [-37.54067, -7.97842], [-37.54918, -7.98931], [-37.56097, -7.99116], [-37.57462, -7.98035], [-37.58776, -7.9813], [-37.58461, -7.97496], [-37.58644, -7.9709], [-37.57741, -7.96047], [-37.55433, -7.94366], [-37.56297, -7.93917], [-37.55214, -7.92104], [-37.56668, -7.91567], [-37.56749, -7.91288], [-37.56854, -7.90075], [-37.57634, -7.89567], [-37.57901, -7.89039], [-37.5849, -7.89041], [-37.58314, -7.87503], [-37.58858, -7.87369], [-37.60488, -7.88369], [-37.61219, -7.89313], [-37.61618, -7.89548], [-37.63021, -7.90015], [-37.64128, -7.92394], [-37.65234, -7.9302], [-37.65103, -7.93568], [-37.65231, -7.94127], [-37.65929, -7.94003], [-37.66338, -7.95261], [-37.67303, -7.95508], [-37.66991, -7.9681], [-37.68169, -7.97053], [-37.68076, -7.97935], [-37.69117, -7.98345], [-37.74549, -7.87148], [-37.83043, -7.82198], [-37.83101, -7.82205], [-37.83918, -7.82163], [-37.83771, -7.81823], [-37.83755, -7.81102], [-37.84667, -7.80261], [-37.84901, -7.80003], [-37.86443, -7.7897], [-37.86804, -7.78735], [-37.8736, -7.78864], [-37.87906, -7.78051], [-37.88202, -7.78073], [-37.89357, -7.78073], [-37.90764, -7.77305], [-37.95072, -7.77075], [-37.95808, -7.76557], [-37.9472, -7.75581], [-37.94275, -7.74063], [-37.9265, -7.72952], [-37.92062, -7.7133], [-37.91272, -7.70906], [-37.89399, -7.71322], [-37.89195, -7.71053], [-37.90298, -7.69769], [-37.89701, -7.69042], [-37.88025, -7.68324], [-37.85681, -7.65156], [-37.84356, -7.64676], [-37.80762, -7.64355], [-37.79046, -7.62554], [-37.78184, -7.6265], [-37.77929, -7.62884], [-37.77789, -7.63117], [-37.77578, -7.64622], [-37.76774, -7.64827], [-37.7669, -7.65707], [-37.76424, -7.63097], [-37.75803, -7.63348], [-37.7555, -7.61911], [-37.74536, -7.60892], [-37.74111, -7.59713], [-37.7346, -7.59681], [-37.72839, -7.57932], [-37.72069, -7.58148], [-37.71013, -7.57277], [-37.70745, -7.57022], [-37.70974, -7.55912], [-37.70616, -7.55018], [-37.6818, -7.54797], [-37.67629, -7.53521], [-37.65918, -7.52273], [-37.64948, -7.5299], [-37.6442, -7.52946], [-37.63003, -7.5321], [-37.6196, -7.52547], [-37.61425, -7.52091], [-37.60942, -7.50763], [-37.58638, -7.4987], [-37.57146, -7.48872], [-37.57096, -7.48838], [-37.55219, -7.47921], [-37.53272, -7.47255], [-37.52761, -7.4649], [-37.52825, -7.45966], [-37.52706, -7.44798], [-37.52136, -7.43907], [-37.51383, -7.43263], [-37.5153, -7.42715], [-37.51033, -7.42012], [-37.50535, -7.41875], [-37.49664, -7.40306], [-37.48661, -7.39465], [-37.4977, -7.36644], [-37.47883, -7.35964], [-37.45616, -7.35919], [-37.43336, -7.35829], [-37.43179, -7.35635], [-37.42842, -7.35216], [-37.41513, -7.36131], [-37.4078, -7.3577], [-37.38537, -7.35629], [-37.34917, -7.33662], [-37.35614, -7.3217], [-37.3457, -7.30856], [-37.33131, -7.28931], [-37.31362, -7.28896]]]]}},
{"type": "Feature", "id": "Serra Talhada", "properties": {"regiao_saude": "Serra Talhada"}, "geometry": {"type": "MultiPolygon", "coordinates": [[[[-37.89369, -8.39246], [-37.87956, -8.40441], [-37.86285, -8.40635], [-37.84346, -8.39849], [-37.83405, -8.38802], [-37.81248, -8.38278], [-37.80103, -8.37249], [-37.78477, -8.383], [-37.79199, -8.39659], [-37.79827, -8.42058], [-37.78736, -8.4131], [-37.85258, -8.59457], [-37.89038, -8.60516], [-37.89947, -8.60401], [-37.90763, -8.61081], [-37.93169, -8.61721], [-37.95118, -8.634], [-37.94797, -8.6462], [-37.9525, -8.65163], [-37.97475, -8.65712], [-37.99295, -8.64677], [-38.00029, -8.64637], [-38.01331, -8.64684], [-38.02438, -8.65189], [-38.03946, -8.65846], [-38.03967, -8.67429], [-38.04911, -8.68562], [-38.06213, -8.69137], [-38.06511, -8.684], [-38.0727, -8.67954], [-38.08161, -8.68072], [-38.08369, -8.68596], [-38.09444, -8.6887], [-38.10022, -8.6956], [-38.13115, -8.69063], [-38.13688, -8.69161], [-38.14149, -8.69676], [-38.15474, -8.69495], [-38.15821, -8.68972], [-38.17409, -8.68578], [-38.18609, -8.67679], [-38.19926, -8.68021], [-38.20918, -8.68711], [-38.23249, -8.68774], [-38.25952, -8.70748], [-38.26543, -8.72252], [-38.26074, -8.73191], [-38.26653, -8.73619], [-38.26542, -8.75189], [-38.27443, -8.75472], [-38.28276, -8.75251], [-38.28854, -8.75969], [-38.2952, -8.7597], [-38.30495, -8.754], [-38.30713, -8.76118], [-38.32571, -8.77314], [-38.32395, -8.77789], [-38.32808, -8.78061], [-38.33923, -8.77753], [-38.34825, -8.78435], [-38.35325, -8.78375], [-38.35781, -8.78912], [-38.36054, -8.7921], [-38.37681, -8.79058], [-38.38994, -8.8001], [-38.39091, -8.80447], [-38.402, -8.80875], [-38.40486, -8.8168], [-38.44107, -8.82917], [-38.44471, -8.83674], [-38.45368, -8.83694], [-38.46946, -8.86533], [-38.47948, -8.84967], [-38.50861, -8.83223], [-38.55149, -8.82221], [-38.5709, -8.8312], [-38.60347, -8.88017], [-38.60723, -8.89285], [-38.60889, -8.9547], [-38.62374, -8.97963], [-38.63351, -8.98542], [-38.63662, -8.98607], [-38.64035, -8.98685], [-38.6704, -8.97477], [-38.68979, -8.94486], [-38.69344, -8.93147], [-38.69415, -8.91866], [-38.69572, -8.89011], [-38.70619, -8.86184], [-38.71674, -8.85274], [-38.73933, -8.84443], [-38.78837, -8.79924], [-38.80372, -8.78876], [-38.85459, -8.78411], [-38.85691, -8.77499], [-38.84846, -8.76715], [-38.8516, -8.76487], [-38.85057, -8.73962], [-38.85445, -8.72888], [-38.84521, -8.7149], [-38.8432, -8.69536], [-38.79656, -8.67866], [-38.62889, -8.62061], [-38.63005, -8.61657], [-38.63647, -8.61398], [-38.65106, -8.61315], [-38.64998, -8.60855], [-38.65592, -8.60662], [-38.65083, -8.60162], [-38.65249, -8.59913], [-38.66225, -8.60193], [-38.66778, -8.59498], [-38.70602, -8.58694], [-38.74363, -8.57395], [-38.75674, -8.57472], [-38.76671, -8.56938], [-38.76513, -8.56485], [-38.77182, -8.55559], [-38.77585, -8.55392], [-38.77356, -8.54828], [-38.77652, -8.53587], [-38.7822, -8.52928], [-38.79118, -8.52588], [-38.79493, -8.52019], [-38.79855, -8.51363], [-38.80593, -8.51248], [-38.81726, -8.50497], [-38.83369, -8.50731], [-38.83096, -8.49702], [-38.82894, -8.49424], [-38.83176, -8.49267], [-38.83195, -8.47673], [-38.83605, -8.47647], [-38.83755, -8.4802], [-38.84903, -8.4672], [-38.84296, -8.44522], [-38.84011, -8.44028], [-38.8461, -8.43466], [-38.84628, -8.43369], [-38.85895, -8.41433], [-38.86985, -8.40841], [-38.86846, -8.40142], [-38.87467, -8.39531], [-38.87273, -8.38952], [-38.87587, -8.37888], [-38.88681, -8.36506], [-38.88823, -8.34716], [-38.91082, -8.33004], [-38.89288, -8.3135], [-38.8607, -8.29177], [-38.85759, -8.28626], [-38.85056, -8.28575], [-38.84, -8.27544], [-38.83657, -8.2683], [-38.81063, -8.23384], [-38.81424, -8.22546], [-38.8102, -8.22363], [-38.73941, -8.24431], [-38.71962, -8.25762], [-38.7009, -8.2623], [-38.69733, -8.26769], [-38.67987, -8.2757], [-38.67724, -8.28007], [-38.65256, -8.28859], [-38.64327, -8.30288], [-38.62821, -8.31042], [-38.61922, -8.30814], [-38.61367, -8.30999], [-38.60669, -8.30475], [-38.5874, -8.30339], [-38.57697, -8.29665], [-38.57075, -8.29895], [-38.5491, -8.28791], [-38.5535, -8.27155], [-38.55332, -8.26994], [-38.55517, -8.26303], [-38.54931, -8.25903], [-38.54883, -8.25081], [-38.54158, -8.24831], [-38.53549, -8.25113], [-38.52994, -8.24622], [-38.52977, -8.23857], [-38.52554, -8.23707], [-38.5299, -8.23683], [-38.53827, -8.22647], [-38.58897, -8.12769], [-38.5979, -8.13191], [-38.60032, -8.13941], [-38.60708, -8.14304], [-38.62794, -8.13683], [-38.63483, -8.14482], [-38.64955, -8.13548], [-38.65734, -8.129], [-38.66309, -8.11255], [-38.66985, -8.10844], [-38.66925, -8.10188], [-38.68806, -8.09902], [-38.69305, -8.07519], [-38.69156, -8.06567], [-38.69773, -8.06338], [-38.70013, -8.05399], [-38.72898, -8.03053], [-38.7383, -8.02236], [-38.78577, -8.0126], [-38.83004, -8.01609], [-38.87742, -8.00979], [-38.87426, -7.99644], [-38.88105, -7.99185], [-38.88386, -7.97872], [-38.89022, -7.97375], [-38.89016, -7.96359], [-38.90746, -7.95566], [-38.9082, -7.94861], [-38.91109, -7.92762], [-38.9297, -7.91586], [-38.93415, -7.90496], [-38.93741, -7.89868], [-38.95203, -7.88724], [-38.95568, -7.86475], [-38.96347, -7.8565], [-38.96372, -7.85305], [-38.96177, -7.84377], [-38.95945, -7.8388], [-38.96459, -7.82942], [-38.9537, -7.82111], [-38.95251, -7.81014], [-38.93962, -7.7947], [-38.94566, -7.78179], [-38.94067, -7.77101], [-38.94155, -7.76261], [-38.93923, -7.75837], [-38.9337, -7.75842], [-38.92728, -7.7534], [-38.91987, -7.75416], [-38.91576, -7.75813], [-38.9179, -7.74676], [-38.91523, -7.74408], [-38.90001, -7.74447], [-38.89446, -7.75005], [-38.88105, -7.74703], [-38.88057, -7.72456], [-38.8694, -7.71113], [-38.8514, -7.71553], [-38.84576, -7.72001], [-38.8303, -7.71999], [-38.82162, -7.71439], [-38.81468, -7.69698], [-38.81476, -7.68757], [-38.82389, -7.67794], [-38.81934, -7.66442], [-38.81548, -7.66365], [-38.81184, -7.66839], [-38.79214, -7.66769], [-38.7904, -7.67074], [-38.77975, -7.66119], [-38.77509, -7.66203], [-38.76027, -7.65559], [-38.75412, -7.65934], [-38.74246, -7.65991], [-38.74148, -7.64797], [-38.73462, -7.63905], [-38.73525, -7.63372], [-38.72338, -7.62648], [-38.71725, -7.62648], [-38.71477, -7.62151], [-38.70506, -7.62164], [-38.69565, -7.6324], [-38.6864, -7.63463], [-38.67244, -7.65839], [-38.6696, -7.66008], [-38.66325, -7.65712], [-38.65037, -7.66816], [-38.65107, -7.67667], [-38.64174, -7.67723], [-38.64098, -7.68606], [-38.62609, -7.69432], [-38.62498, -7.70791], [-38.61637, -7.71308], [-38.60763, -7.72554], [-38.60673, -7.73989], [-38.5974, -7.74163], [-38.59328, -7.75394], [-38.5857, -7.7545], [-38.57832, -7.74687], [-38.57449, -7.75393], [-38.57176, -7.75107], [-38.56194, -7.75567], [-38.54278, -7.74859], [-38.52933, -7.7547], [-38.51625, -7.74892], [-38.49622, -7.74962], [-38.49545, -7.7384], [-38.48035, -7.73177], [-38.46362, -7.73048], [-38.45673, -7.7177], [-38.43386, -7.72004], [-38.42727, -7.72963], [-38.40916, -7.73008], [-38.40052, -7.71972], [-38.40358, -7.71404], [-38.3819, -7.70707], [-38.37059, -7.69801], [-38.36908, -7.69176], [-38.36202, -7.68646], [-38.35714, -7.67675], [-38.34434, -7.69459], [-38.33553, -7.6927], [-38.33001, -7.69574], [-38.32634, -7.6933], [-38.32042, -7.69755], [-38.31585, -7.70874], [-38.31691, -7.71512], [-38.31168, -7.71591], [-38.31553, -7.72807], [-38.31053, -7.73867], [-38.30181, -7.7448], [-38.31641, -7.7642], [-38.29947, -7.76279], [-38.3009, -7.76829], [-38.29531, -7.77894], [-38.30222, -7.78799], [-38.2974, -7.81354], [-38.28644, -7.82981], [-38.27588, -7.83341], [-38.26459, -7.82757], [-38.25669, -7.83066], [-38.23822, -7.83032], [-38.23512, -7.82555], [-38.22157, -7.81998], [-38.21232, -7.8103], [-38.20551, -7.80728], [-38.16232, -7.77954], [-38.14994, -7.78181], [-38.14157, -7.78484], [-38.13108, -7.79535], [-38.13081, -7.80346], [-38.12209, -7.80703], [-38.12381, -7.81257], [-38.11971, -7.81856], [-38.10381, -7.82439], [-38.0802, -7.82877], [-38.07672, -7.83017], [-38.06903, -7.82571], [-38.06596, -7.81726], [-38.07539, -7.80498], [-38.07486, -7.78872], [-38.07172, -7.77643], [-38.06913, -7.77192], [-38.03923, -7.74771], [-38.02957, -7.74943], [-38.0078, -7.76646], [-38.00362, -7.77858], [-38.00037, -7.77855], [-37.98992, -7.77847], [-37.98262, -7.77224], [-37.97178, -7.77681], [-37.96746, -7.77453], [-37.96445, -7.77228], [-37.95808, -7.76557], [-37.95072, -7.77075], [-37.90764, -7.77305], [-37.89357, -7.78073], [-37.88202, -7.78073], [-37.87906, -7.78051], [-37.8736, -7.78864], [-37.86804, -7.78735], [-37.86443, -7.7897], [-37.84901, -7.80003], [-37.84667, -7.80261], [-37.83755, -7.81102], [-37.83771, -7.81823], [-37.83918, -7.82163], [-37.83101, -7.82205], [-37.83043, -7.82198], [-37.74549, -7.87148], [-37.69117, -7.98345], [-37.69796, -7.9866], [-37.70178, -7.99688], [-37.70737, -8.0049], [-37.72518, -8.01475], [-37.74866, -8.02251], [-37.76682, -8.01714], [-37.78408, -8.03124], [-37.78328, -8.04007], [-37.78978, -8.04087], [-37.79441, -8.04707], [-37.7912, -8.05634], [-37.79619, -8.06066], [-37.796, -8.06829], [-37.79768, -8.0707], [-37.80293, -8.08236], [-37.8111, -8.08058], [-37.79878, -8.19581], [-37.80129, -8.20962], [-37.81198, -8.21975], [-37.81211, -8.224], [-37.84275, -8.2454], [-37.84326, -8.25216], [-37.85201, -8.26493], [-37.84906, -8.27204], [-37.84645, -8.276], [-37.85876, -8.2965], [-37.85297, -8.30935], [-37.85476, -8.31446], [-37.8507, -8.31669], [-37.85232, -8.32386], [-37.85947, -8.32927], [-37.85791, -8.34498], [-37.86793, -8.35786], [-37.89369, -8.39246]]]]}},
{"type": "Feature", "id": "Goiana", "properties": {"regiao_saude": "Goiana"}, "geometry": {"type": "MultiPolygon", "coordinates": [[[[-35.25921, -7.67523], [-35.25669, -7.66029], [-35.25988, -7.65527], [-35.25502, -7.65401], [-35.25798, -7.65113], [-35.25445, -7.64502], [-35.25701, -7.64408], [-35.26967, -7.60059], [-35.27256, -7.59085], [-35.28605, -7.59863], [-35.2929, -7.59855], [-35.30014, -7.60471], [-35.30703, -7.61176], [-35.32402, -7.60986], [-35.3345, -7.61356], [-35.34816, -7.61054], [-35.3614, -7.61621], [-35.3686, -7.61147], [-35.37207, -7.61258], [-35.38285, -7.6113], [-35.38649, -7.61787], [-35.40321, -7.61674], [-35.40778, -7.61965], [-35.41944, -7.61371], [-35.42857, -7.61598], [-35.44814, -7.60688], [-35.44983, -7.60232], [-35.4589, -7.61043], [-35.46254, -7.61669], [-35.46081, -7.63071], [-35.4569, -7.63842], [-35.44833, -7.63938], [-35.44912, -7.64478], [-35.44461, -7.64933], [-35.45345, -7.68904], [-35.45285, -7.66465], [-35.47435, -7.67699], [-35.51144, -7.65582], [-35.51536, -7.65653], [-35.52047, -7.66195], [-35.52661, -7.65247], [-35.52663, -7.64546], [-35.51474, -7.64284], [-35.53136, -7.62126], [-35.52549, -7.60715], [-35.51777, -7.60602], [-35.52069, -7.59644], [-35.51891, -7.59234], [-35.51487, -7.58461], [-35.52981, -7.58934], [-35.53064, -7.5896], [-35.53215, -7.58886], [-35.53572, -7.58711], [-35.53696, -7.58042], [-35.53698, -7.58031], [-35.53695, -7.58027], [-35.52689, -7.56955], [-35.51959, -7.54997], [-35.5194, -7.53613], [-35.51938, -7.53504], [-35.51826, -7.53414], [-35.5133, -7.53015], [-35.5108, -7.52814], [-35.51043, -7.52784], [-35.50886, -7.51708], [-35.5016, -7.5121], [-35.50529, -7.49924], [-35.50595, -7.49694], [-35.50641, -7.4932], [-35.50722, -7.48658], [-35.50298, -7.45567], [-35.47821, -7.44493], [-35.44675, -7.45484], [-35.44125, -7.45657], [-35.4407, -7.45761], [-35.43781, -7.4632], [-35.43468, -7.46924], [-35.43409, -7.47038], [-35.4334, -7.47068], [-35.42738, -7.47329], [-35.42322, -7.47444], [-35.41676, -7.47221], [-35.41522, -7.47147], [-35.40791, -7.46072], [-35.38785, -7.45173], [-35.38147, -7.4489], [-35.38036, -7.44841], [-35.37564, -7.44848], [-35.36863, -7.44039], [-35.36258, -7.44239], [-35.35078, -7.43985], [-35.34827, -7.43453], [-35.35203, -7.42199], [-35.34782, -7.42185], [-35.34334, -7.422], [-35.34188, -7.42205], [-35.33319, -7.42235], [-35.33394, -7.41446], [-35.3347, -7.4064], [-35.32377, -7.41091], [-35.31583, -7.40528], [-35.30619, -7.40751], [-35.28064, -7.38785], [-35.27985, -7.38725], [-35.25486, -7.37769], [-35.24574, -7.3742], [-35.24466, -7.37444], [-35.24027, -7.37543], [-35.22899, -7.37796], [-35.22425, -7.37887], [-35.22181, -7.37969], [-35.20074, -7.38682], [-35.19923, -7.38732], [-35.19042, -7.39748], [-35.18048, -7.39549], [-35.17175, -7.38763], [-35.1534, -7.39239], [-35.15091, -7.39303], [-35.12594, -7.3995], [-35.12584, -7.39953], [-35.1251, -7.40219], [-35.10408, -7.40655], [-35.09747, -7.40792], [-35.09288, -7.40591], [-35.08889, -7.40415], [-35.08271, -7.39915], [-35.07958, -7.39662], [-35.07869, -7.3959], [-35.07634, -7.39688], [-35.0652, -7.40155], [-35.04778, -7.4174], [-35.02924, -7.42541], [-35.00242, -7.45312], [-34.9851, -7.4616], [-34.98389, -7.46891], [-34.98986, -7.48847], [-34.98484, -7.50038], [-34.98391, -7.50748], [-34.97874, -7.50929], [-34.96912, -7.52066], [-34.96046, -7.53836], [-34.9503, -7.53721], [-34.93236, -7.52811], [-34.92413, -7.5322], [-34.91512, -7.54186], [-34.91158, -7.5428], [-34.9107, -7.54303], [-34.91063, -7.54251], [-34.9101, -7.53823], [-34.91003, -7.53772], [-34.90068, -7.5371], [-34.89957, -7.53702], [-34.89983, -7.53774], [-34.90172, -7.54315], [-34.89522, -7.54466], [-34.88842, -7.53549], [-34.87328, -7.54284], [-34.8704, -7.54875], [-34.8577, -7.53754], [-34.85352, -7.53924], [-34.83514, -7.54732], [-34.8313, -7.55152], [-34.83671, -7.55311], [-34.83975, -7.55337], [-34.83747, -7.56515], [-34.83444, -7.56336], [-34.82922, -7.58099], [-34.82419, -7.58649], [-34.82375, -7.59738], [-34.81054, -7.61508], [-34.80725, -7.62506], [-34.82015, -7.64463], [-34.82198, -7.64809], [-34.82991, -7.67168], [-34.83361, -7.68314], [-34.8389, -7.68258], [-34.84093, -7.68233], [-34.846, -7.68828], [-34.84706, -7.68834], [-34.85219, -7.6901], [-34.86386, -7.71294], [-34.87842, -7.71004], [-34.88631, -7.71286], [-34.8958, -7.70344], [-34.8967, -7.69925], [-34.89031, -7.69419], [-34.89589, -7.69092], [-34.89529, -7.68717], [-34.8984, -7.6872], [-34.89791, -7.68291], [-34.9224, -7.69125], [-34.92766, -7.69935], [-34.93767, -7.70472], [-34.96165, -7.70791], [-34.97143, -7.72868], [-34.97671, -7.73336], [-34.98257, -7.735], [-34.99881, -7.73083], [-35.04072, -7.7435], [-35.04637, -7.74325], [-35.09781, -7.71477], [-35.09099, -7.69152], [-35.08733, -7.6809], [-35.09185, -7.67823], [-35.09146, -7.67521], [-35.11845, -7.67054], [-35.12154, -7.66904], [-35.13189, -7.65866], [-35.13314, -7.66553], [-35.13411, -7.67318], [-35.13921, -7.68659], [-35.14324, -7.68444], [-35.14806, -7.68867], [-35.15888, -7.68873], [-35.15745, -7.69628], [-35.16074, -7.70055], [-35.15566, -7.71164], [-35.15986, -7.70997], [-35.16521, -7.7136], [-35.16741, -7.70907], [-35.1848, -7.68779], [-35.21138, -7.681], [-35.22962, -7.68982], [-35.24079, -7.69636], [-35.2384, -7.70181], [-35.241, -7.70502], [-35.25921, -7.67523]]]]}},
{"type": "Feature", "id": "Recife", "properties": {"regiao_saude": "Recife"}, "geometry": {"type": "MultiPolygon", "coordinates": [[[[-35.13974, -7.79404], [-35.13562, -7.78676], [-35.10989, -7.74882], [-35.1102, -7.73543], [-35.10533, -7.72615], [-35.09919, -7.7224], [-35.09781, -7.71477], [-35.04637, -7.74325], [-35.04072, -7.7435], [-34.99881, -7.73083], [-34.98257, -7.735], [-34.97671, -7.73336], [-34.97143, -7.72868], [-34.96165, -7.70791], [-34.93767, -7.70472], [-34.92766, -7.69935], [-34.9224, -7.69125], [-34.89791, -7.68291], [-34.8984, -7.6872], [-34.89529, -7.68717], [-34.89589, -7.69092], [-34.89031, -7.69419], [-34.8967, -7.69925], [-34.8958, -7.70344], [-34.88631, -7.71286], [-34.87842, -7.71004], [-34.86386, -7.71294], [-34.85219, -7.6901], [-34.84706, -7.68834], [-34.846, -7.68828], [-34.84189, -7.69501], [-34.83132, -7.70013], [-34.83342, -7.71114], [-34.83078, -7.72624], [-34.82577, -7.72617], [-34.82269, -7.74326], [-34.8373, -7.79157], [-34.83622, -7.80964], [-34.84703, -7.81216], [-34.84739, -7.81561], [-34.84175, -7.82693], [-34.84433, -7.83665], [-34.84047, -7.84404], [-34.83647, -7.84448], [-34.83256, -7.87336], [-34.82378, -7.88656], [-34.82367, -7.90653], [-34.81933, -7.91735], [-34.8284, -7.95823], [-34.83704, -7.98893], [-34.83754, -8.00571], [-34.86282, -8.03627], [-34.86434, -8.03954], [-34.86029, -8.04422], [-34.85928, -8.04821], [-34.87957, -8.09003], [-34.91185, -8.16221], [-34.91818, -8.18455], [-34.91628, -8.20766], [-34.92451, -8.22419], [-34.92124, -8.22304], [-34.91968, -8.22673], [-34.93984, -8.25409], [-34.94386, -8.27943], [-34.94977, -8.28979], [-34.9502, -8.29687], [-34.93911, -8.30266], [-34.95111, -8.33716], [-34.94825, -8.3426], [-34.94196, -8.34308], [-34.94027, -8.35136], [-34.9463, -8.35864], [-34.95494, -8.35473], [-34.96092, -8.36563], [-34.95193, -8.37532], [-34.96089, -8.3954], [-34.98319, -8.44831], [-34.9854, -8.4603], [-35.00038, -8.49086], [-34.99628, -8.50761], [-35.00189, -8.51577], [-35.00372, -8.52576], [-34.99893, -8.53915], [-35.00167, -8.54708], [-35.00611, -8.55767], [-35.00442, -8.56557], [-35.00898, -8.56715], [-35.01569, -8.56269], [-35.02297, -8.56503], [-35.03019, -8.57288], [-35.03689, -8.58892], [-35.04278, -8.59546], [-35.04305, -8.60451], [-35.04599, -8.60552], [-35.04704, -8.60539], [-35.05693, -8.60316], [-35.06496, -8.59642], [-35.06313, -8.59344], [-35.069, -8.58368], [-35.07306, -8.5822], [-35.07158, -8.57953], [-35.06961, -8.56655], [-35.07447, -8.55886], [-35.08052, -8.55601], [-35.08263, -8.54604], [-35.07562, -8.53643], [-35.07648, -8.53067], [-35.09032, -8.52462], [-35.12554, -8.51379], [-35.12894, -8.51168], [-35.14207, -8.50014], [-35.144, -8.48992], [-35.15291, -8.48741], [-35.16293, -8.48542], [-35.16763, -8.47814], [-35.20267, -8.47861], [-35.22892, -8.43644], [-35.22996, -8.43485], [-35.23773, -8.41704], [-35.22544, -8.40486], [-35.19265, -8.37605], [-35.19271, -8.35911], [-35.18995, -8.35437], [-35.18155, -8.3527], [-35.16946, -8.35299], [-35.15372, -8.32043], [-35.13982, -8.30952], [-35.14863, -8.29909], [-35.14552, -8.28877], [-35.15106, -8.27938], [-35.19501, -8.29709], [-35.20102, -8.29354], [-35.204, -8.29564], [-35.20486, -8.29023], [-35.21015, -8.28712], [-35.2184, -8.29067], [-35.22858, -8.29424], [-35.23347, -8.2916], [-35.23772, -8.29186], [-35.23672, -8.28062], [-35.23839, -8.27152], [-35.24969, -8.27779], [-35.25235, -8.26357], [-35.25867, -8.26439], [-35.26456, -8.25526], [-35.2645, -8.24243], [-35.26463, -8.24265], [-35.27599, -8.28476], [-35.2688, -8.29565], [-35.30001, -8.30761], [-35.3029, -8.30679], [-35.33911, -8.29434], [-35.3587, -8.30022], [-35.36003, -8.2977], [-35.36609, -8.29859], [-35.3703, -8.298], [-35.3737, -8.28808], [-35.36498, -8.2781], [-35.367, -8.27439], [-35.37279, -8.27713], [-35.37519, -8.27465], [-35.37691, -8.26844], [-35.38398, -8.26593], [-35.38724, -8.26028], [-35.40175, -8.25659], [-35.41418, -8.26782], [-35.42325, -8.26552], [-35.4258, -8.25428], [-35.42868, -8.25295], [-35.43389, -8.25683], [-35.43906, -8.25222], [-35.44688, -8.25068], [-35.45433, -8.25358], [-35.46036, -8.26526], [-35.46618, -8.26071], [-35.47033, -8.26941], [-35.47969, -8.27481], [-35.48517, -8.27936], [-35.49204, -8.3011], [-35.51016, -8.22116], [-35.49745, -8.20485], [-35.49053, -8.20552], [-35.48335, -8.20241], [-35.48279, -8.1972], [-35.49161, -8.18793], [-35.49159, -8.18333], [-35.47062, -8.17293], [-35.45559, -8.17315], [-35.44867, -8.16945], [-35.44358, -8.1516], [-35.43853, -8.12655], [-35.47733, -8.12351], [-35.46218, -8.09342], [-35.44223, -8.09399], [-35.42931, -8.08081], [-35.43951, -8.03908], [-35.46529, -8.03073], [-35.46534, -8.02154], [-35.45973, -8.01285], [-35.46124, -8.0002], [-35.45509, -7.99355], [-35.45691, -7.98854], [-35.41521, -7.99723], [-35.38712, -8.0029], [-35.33368, -7.96326], [-35.30413, -7.94123], [-35.30032, -7.93665], [-35.29718, -7.93839], [-35.29082, -7.93799], [-35.25414, -7.94603], [-35.22979, -7.95576], [-35.20563, -7.96543], [-35.18011, -7.97734], [-35.17342, -7.97116], [-35.16618, -7.97772], [-35.16389, -7.97142], [-35.15774, -7.97361], [-35.15583, -7.97099], [-35.14107, -7.97191], [-35.13006, -7.97549], [-35.11724, -7.97361], [-35.11209, -7.96858], [-35.09778, -7.97248], [-35.09096, -7.96643], [-35.08731, -7.9647], [-35.07678, -7.95985], [-35.07552, -7.95038], [-35.05097, -7.94488], [-35.04471, -7.94973], [-35.03511, -7.94115], [-35.02694, -7.93385], [-35.03157, -7.92661], [-35.0457, -7.90988], [-35.06194, -7.90382], [-35.06384, -7.90011], [-35.06463, -7.89902], [-35.06613, -7.89849], [-35.07358, -7.89917], [-35.09794, -7.88256], [-35.11179, -7.85718], [-35.12286, -7.84997], [-35.13974, -7.79404]]], [[[-34.08647795989165, -6.879413750626153], [-34.10420831860984, -6.882707693415542], [-34.10790892100285, -6.90056005001481], [-34.15447144561825, -6.899624732926465], [-34.163255293056615, -6.932401496978883], [-34.18789886503646, -6.927602913656073], [-34.19786202532536, -6.950619847221416], [-34.22514888472881, -6.941022680575796], [-34.21128179224508, -6.966398239842184], [-34.21896765875365, -6.99205846083111], [-34.23035412765523, -6.959810354263412], [-34.26243957038146, -6.953466464446811], [-34.333035677571296, -6.977093387417598], [-34.3518233512589, -7.001248967873105], [-34.369879037660006, -6.985999232737055], [-34.380370855433604, -6.999540997537866], [-34.429048009987866, -6.974409434033655], [-34.392570643542435, -6.982461294185486], [-34.364673794733555, -6.965788250436742], [-34.34649611045138, -6.932076169295978], [-34.31465466348734, -6.924715630470317], [-34.31758261263346, -6.89966539888683], [-34.308107443868934, -6.886977619253638], [-34.29635498132408, -6.891735536616084], [-34.29399635562302, -6.87640446955931], [-34.1602053460294, -6.819756786773926], [-34.13230849722052, -6.818414810081956], [-34.1155947875114, -6.79320191465702], [-34.10770559120103, -6.805361036805495], [-34.119214057983704, -6.825938012749073], [-34.08647795989165, -6.879413750626153]]]]}}
]}